coin_id,symbol,name,price_usd,market_cap_usd,market_cap_rank,volume_24h_usd,high_24h_usd,low_24h_usd,price_change_24h_usd,price_change_pct_24h,price_change_pct_7d,price_change_pct_30d,circulating_supply,total_supply,all_time_high_usd,ath_change_percentage,all_time_low_usd,last_updated,volatility_24h_usd,volatility_24h_pct,scraped_at,news_mentions,fear_greed_score,fear_greed_label,fear_greed_7d_avg,sentiment_shift,volatility_category,risk_tier,market_signal,is_stablecoin,log_price,log_market_cap,log_volume,momentum_score,pct_below_ath
bitcoin,btc,Bitcoin,77834.0,1557902791627,1,32603659879.0,79400.0,77595.0,-158.6494871734467,-0.20341,4.137571399299011,17.015694866368182,20021365.0,20021365.0,126080.0,-38.26574,67.81,2026-04-27T09:09:57.434Z,1805.0,2.326180810619241,2026-04-27 09:10:13,0,47,Neutral,37.3,14,Medium,Mega,Bullish,0,11.26234648046995,28.07436166838051,24.207690385275356,8.40614243318409,-38.26574
ethereum,eth,Ethereum,2320.39,279914034732,2,14400082888.0,2398.26,2311.6,-10.31477714282164,-0.44256,1.0486771998624327,15.679053926542394,120688626.1016112,120688626.1016112,4946.05,-53.08604,0.432979,2026-04-27T09:09:58.153Z,86.66000000000031,3.7489184980100494,2026-04-27 09:10:13,0,47,Neutral,37.3,14,Medium,Mega,Bullish,0,7.749921423179917,26.357748374165023,23.390499799692353,7.618246963271197,-53.08604
tether,usdt,Tether,1.0,189765201459,3,53792148873.0,1.0,0.999996,-0.000111688355465489,-0.01117,-0.011075618870891332,0.0697420000340488,189764620606.9445,195231560644.4962,1.32,-24.41806,0.572521,2026-04-27T09:09:57.644Z,4.000000000004e-06,0.0004000016000068001,2026-04-27 09:10:13,0,47,Neutral,37.3,14,Low,Mega,Neutral,1,0.6931471805599453,25.969053363109445,24.708393361755046,0.029286000017024402,-24.41806
ripple,xrp,XRP,1.42,87509582210,4,1660418738.0,1.45,1.41,-0.007257519725648365,-0.50896,0.372974290176256,5.921757133097913,61684942428.0,99985673125.0,3.65,-61.09331,0.00268621,2026-04-27T09:09:57.343Z,0.040000000000000036,2.8368794326241162,2026-04-27 09:10:13,0,47,Neutral,37.3,14,Medium,Mega,Neutral,0,0.883767540168595,25.195014135296947,21.23033565991421,2.7063985665489563,-61.09331
binancecoin,bnb,BNB,628.55,84675056132,5,899952643.0,639.5,625.93,-2.122651934721034,-0.33657,0.6859775503223037,2.648124460862115,134786288.66,134786288.66,1369.99,-54.12026,0.0398177,2026-04-27T09:09:57.034Z,13.57000000000005,2.1679740546067534,2026-04-27 09:10:13,0,47,Neutral,37.3,14,Medium,Mega,Neutral,0,6.445005278447709,25.162086898572966,20.61785270212644,1.1557772304310574,-54.12026
usd-coin,usdc,USDC,0.999906,77757583256,6,10475017901.0,1.0,0.999693,0.00013743,0.01375,0.020125875492454332,0.004147243519816622,77762797142.81718,77765322311.70363,1.043,-4.17412,0.877647,2026-04-27T09:09:57.315Z,0.0003069999999999462,0.03070942779432748,2026-04-27 09:10:13,0,47,Neutral,37.3,14,Low,Mega,Neutral,1,0.6931001794554107,25.076861917101727,23.072259011774634,0.00894862175990831,-4.17412
solana,sol,Solana,85.57,49266750691,7,3314234919.0,88.01,85.18,-0.9913391134771956,-1.14525,1.0753300920480129,2.4594143794098535,575850761.3719546,625176636.8657355,293.31,-70.82635,0.500801,2026-04-27T09:09:57.244Z,2.8299999999999983,3.3223761446348887,2026-04-27 09:10:13,0,47,Neutral,37.3,14,Medium,Mega,Neutral,0,4.460953335227682,24.620515262311923,21.92149264058385,0.6570821897049267,-70.82635
tron,trx,TRON,0.324082,30701757217,8,387441467.0,0.324258,0.322981,0.0004114,0.1271,-1.9469954572308212,4.078709467608899,94784066247.7524,94784069494.8281,0.431288,-24.85714,0.00180434,2026-04-27T09:09:44.941Z,0.0012769999999999726,0.3953792947572682,2026-04-27 09:10:13,0,47,Neutral,37.3,14,Low,Mega,Neutral,0,0.2807193891317575,24.147585728272844,19.775075345025847,2.1029047338044498,-24.85714
figure-heloc,figr_heloc,Figure Heloc,1.02,17448486350,9,28914.0,,,,,-1.4404859486502968,-1.0120546937511872,17106359167.107,17106359167.107,1.049,-2.77553,0.155357,2026-04-26T04:17:44.424Z,,,2026-04-27 09:10:13,0,47,Neutral,37.3,14,Unknown,Mega,Bearish,0,0.7030975114131134,23.5825187397695,10.272115770592318,-0.5060273468755936,-2.77553
dogecoin,doge,Dogecoin,0.098278,15132154124,10,1361091770.0,0.100724,0.097749,-7.3344723077726e-05,-0.07457,4.130480569879291,7.965645876758338,153999396383.7052,154000276383.7052,0.731578,-86.56632,8.69e-05,2026-04-27T09:09:44.686Z,0.0029749999999999915,3.0435093965155566,2026-04-27 09:10:13,0,47,Neutral,37.3,14,Medium,Mega,Neutral,0,0.09374349865460743,23.44008772903408,21.031552987438754,3.9455379383791693,-86.56632
whitebit,wbt,WhiteBIT Coin,54.91,11720621246,11,60537807.0,56.13,54.76,-0.3015651033289686,-0.54617,1.3333121751806873,6.615699485996143,213418274.0,319541866.0,64.11,-14.36036,3.06,2026-04-27T09:09:43.240Z,1.3700000000000045,2.5018261504748076,2026-04-27 09:10:13,0,47,Neutral,37.3,14,Medium,Mega,Neutral,0,4.0237432550385535,23.184615627113644,17.918778653436203,3.0347647429980715,-14.36036
usds,usds,USDS,0.999699,11024492147,12,13546012.0,0.999903,0.999569,2.566e-05,0.00257,-0.010986786135650647,-0.0070218774070437496,11027702312.34781,11027702312.34781,1.15,-13.22182,0.948265,2026-04-27T09:09:44.099Z,0.00033399999999994545,0.033414401607087196,2026-04-27 09:10:13,0,47,Neutral,37.3,14,Low,Mega,Bearish,0,0.6929966692336839,23.123385193544888,16.421602818449422,-0.0022259387035218747,-13.22182
hyperliquid,hype,Hyperliquid,42.47,10121616206,13,227062392.0,43.51,40.98,1.32,3.19766,3.8940456142880664,7.967327628418759,238385315.9541414,962274028.9541414,59.3,-28.37824,3.81,2026-04-27T09:09:44.316Z,2.530000000000001,6.173743289409471,2026-04-27 09:10:13,0,47,Neutral,37.3,14,High,Mega,Neutral,0,3.772071045000701,23.037939192303377,19.24073539670969,5.582493814209379,-28.37824
leo-token,leo,LEO Token,10.37,9557086556,14,539016.0,10.41,10.25,0.087251,0.84838,1.9497965116628415,8.260307080128914,920746300.9,985239504.0,10.41,-0.38363,0.799859,2026-04-27T09:09:46.277Z,0.16000000000000014,1.560975609756099,2026-04-27 09:10:13,0,47,Neutral,37.3,14,Low,Large,Neutral,0,2.4309783077624445,22.980548764111067,13.197502389282445,4.554343540064457,-0.38363
cardano,ada,Cardano,0.248007,9168213649,15,334185176.0,0.25574,0.246848,-0.003442980769845533,-1.36925,0.7175329413438749,0.01442080530564442,36968110460.71545,45000000000.0,3.09,-91.96586,0.01925275,2026-04-27T09:09:46.741Z,0.008892000000000011,3.6022167487684777,2026-04-27 09:10:13,0,47,Neutral,37.3,14,Medium,Large,Neutral,0,0.22154787890586466,22.939008300530336,19.627205819461484,-0.6774145973471778,-91.96586
bitcoin-cash,bch,Bitcoin Cash,447.58,8964753792,16,140838497.0,457.52,446.44,-6.2084119610580615,-1.36814,1.5165404368102584,-6.489679267913656,20026587.39665078,20026668.64665078,3785.82,-88.17754,76.93,2026-04-27T09:09:55.170Z,11.079999999999984,2.481856464474506,2026-04-27 09:10:13,0,47,Neutral,37.3,14,Medium,Large,Bearish,0,6.10608703794468,22.916566480491976,18.763124387610333,-3.9289096339568284,-88.17754
monero,xmr,Monero,390.34,7221508657,17,127733839.0,404.03,382.13,2.56,0.65997,10.327771395965557,19.338117306254127,18446744.07370955,18446744.07370955,797.73,-51.06896,0.216177,2026-04-27T09:09:48.182Z,21.899999999999977,5.731033941328861,2026-04-27 09:10:13,0,47,Neutral,37.3,14,High,Large,Bullish,0,5.969576747349953,22.70032972342467,18.66545928198208,9.999043653127064,-51.06896
chainlink,link,Chainlink,9.33,6785564677,18,244236931.0,9.58,9.31,-0.09241570116083864,-0.98035,1.6708139815521736,8.609335787603262,727099970.4523476,1000000000.0,52.7,-82.28641,0.148183,2026-04-27T09:09:46.746Z,0.2699999999999996,2.900107411385602,2026-04-27 09:10:13,0,47,Neutral,37.3,14,Medium,Large,Neutral,0,2.3350522831315472,22.638063351236013,19.313649344896998,3.8144928938016314,-82.28641
zcash,zec,Zcash,360.06,6000967795,19,563053959.0,363.4,350.51,4.07,1.14406,16.17483987414858,63.20230554022091,16676489.2280448,16680817.3530448,3191.93,-88.71982,16.08,2026-04-27T09:09:44.427Z,12.889999999999986,3.67749850218253,2026-04-27 09:10:13,0,47,Neutral,37.3,14,Medium,Large,Bullish,0,5.889044149508512,22.51518659250046,20.148886025205744,32.17318277011046,-88.71982
canton-network,cc,Canton,0.149022,5723009388,20,5156238.0,0.15174,0.148914,-0.001707188133572651,-1.13262,-1.6838858088850754,1.6454224475253374,38400602265.74723,38400602265.74723,0.194152,-23.22429,0.059024,2026-04-27T09:09:46.018Z,0.002826000000000023,1.897739634957105,2026-04-27 09:10:13,0,47,Neutral,37.3,14,Low,Large,Neutral,0,0.13891114576773678,22.467760620945157,15.45571799572952,0.2564012237626687,-23.22429
stellar,xlm,Stellar,0.168415,5608163182,21,122381415.0,0.173318,0.167721,-0.002284999191604131,-1.3386,-0.018962303399709824,1.5576319401832806,33283659461.26029,50001786868.73495,0.875563,-80.7574,0.00047612,2026-04-27T09:09:41.396Z,0.005596999999999991,3.337089571371498,2026-04-27 09:10:13,0,47,Neutral,37.3,14,Medium,Large,Neutral,0,0.15564812951819595,22.44748908450785,18.622653086449787,0.10951597009164027,-80.7574
memecore,m,MemeCore,4.2,5435428820,22,16826231.0,4.46,4.18,-0.1271467767632526,-2.94058,20.341706964746706,95.50401869590259,1294864207.06448,5362150110.169038,4.82,-12.98114,0.04746135,2026-04-27T09:09:56.218Z,0.28000000000000025,6.698564593301441,2026-04-27 09:10:13,0,47,Neutral,37.3,14,High,Large,Bullish,0,1.6486586255873816,22.416204254315154,16.638449655182793,46.281719347951295,-12.98114
dai,dai,Dai,0.999843,4418755594,23,11822878.0,1.0,0.999044,-1.8897791260408e-05,-0.00189,0.026491547049196366,-0.00022466764493053745,4422041998.713337,4422041998.713337,1.22,-17.99103,0.88196,2026-04-27T09:09:46.502Z,0.0009559999999999569,0.09569148105588511,2026-04-27 09:10:13,0,47,Neutral,37.3,14,Low,Large,Bearish,1,0.6930686774786591,22.209123953803545,16.28554711050378,-0.0010573338224652688,-17.99103
usd1-wlfi,usd1,USD1,0.999849,4397314453,24,738090625.0,1.001,0.999215,-7.87550421949e-05,-0.00788,-0.008475373228169844,0.036182891338097684,4398056257.221695,4398056257.221695,1.025,-2.44985,0.989633,2026-04-27T09:09:45.257Z,0.0017849999999999255,0.17864023258256986,2026-04-27 09:10:13,0,47,Neutral,37.3,14,Low,Large,Neutral,0,0.6930716777096768,22.20425984016677,20.419577174483504,0.014151445669048843,-2.44985
litecoin,ltc,Litecoin,55.46,4275084002,25,293374842.0,56.77,55.28,-0.7525700384465992,-1.33882,0.9793779708938343,3.04526524995916,77098558.23347135,77104339.48347135,410.26,-86.49804,1.15,2026-04-27T09:09:42.526Z,1.490000000000002,2.6953690303907414,2026-04-27 09:10:13,0,47,Neutral,37.3,14,Medium,Large,Neutral,0,4.033532422825343,22.17606958896664,19.49696167698406,0.8532226249795801,-86.49804
avalanche-2,avax,Avalanche,9.26,3998797715,26,212661659.0,9.55,9.23,-0.17364746865166225,-1.84035,0.5162122540456859,5.126077349979495,431771961.1772119,463441061.1772119,144.96,-93.61949,2.8,2026-04-27T09:09:49.252Z,0.3200000000000003,3.4669555796316387,2026-04-27 09:10:13,0,47,Neutral,37.3,14,Medium,Large,Neutral,0,2.3282528397426234,22.109259581885784,19.17521301004408,1.6428636749897474,-93.61949
hedera-hashgraph,hbar,Hedera,0.090977,3938769020,27,66409418.0,0.093094,0.090678,-0.001640223242458633,-1.77098,2.4758294625269155,0.8684863338743191,43323141655.37829,50000000000.0,0.569229,-84.03895,0.00986111,2026-04-27T09:09:43.958Z,0.0024160000000000015,2.6643728357484746,2026-04-27 09:10:13,0,47,Neutral,37.3,14,Medium,Large,Neutral,0,0.08707362505217893,22.094134080221178,18.0113494567962,-0.45124683306284047,-84.03895
ethena-usde,usde,Ethena USDe,0.999265,3752865484,28,182155237.0,0.999475,0.999135,-4.5036379385466e-05,-0.00451,-0.05046773579783663,0.0073614527833622085,3755689673.046954,3755689673.046954,1.034,-3.36254,0.929486,2026-04-27T09:09:43.477Z,0.00034000000000000696,0.03402943546167504,2026-04-27 09:10:13,0,47,Neutral,37.3,14,Low,Large,Neutral,0,0.6927796130152714,22.045785514463883,19.02036983752474,0.0014257263916811042,-3.36254
sui,sui,Sui,0.929984,3675691828,29,270923865.0,0.96056,0.925389,-0.014004403044270308,-1.48353,-1.0879134798531098,5.372570262923276,3953388932.071221,10000000000.0,5.35,-82.60595,0.364846,2026-04-27T09:09:42.932Z,0.03517099999999995,3.8006719336408743,2026-04-27 09:10:13,0,47,Neutral,37.3,14,Medium,Large,Neutral,0,0.6575117127269902,22.025007204682993,19.417348402104334,1.9445201314616378,-82.60595
shiba-inu,shib,Shiba Inu,6.12e-06,3609276520,30,89185921.0,6.32e-06,6.1e-06,-7.2843625098e-08,-1.17542,2.085825089323868,5.557157166339101,589243413810472.0,589500001111249.0,8.616e-05,-92.89175,5.6366e-11,2026-04-27T09:09:47.396Z,2.199999999999996e-07,3.6065573770491737,2026-04-27 09:10:13,0,47,Neutral,37.3,14,Medium,Large,Neutral,0,6.119981272876407e-06,22.006773179511203,18.306233759982437,2.1908685831695505,-92.89175
rain,rain,Rain,0.00744663,3562772358,31,12771351.0,0.00764679,0.00711901,0.00030506,4.27162,-1.796968395364163,-7.923069162888527,478379540751.86865,1149896935679.158,0.01090099,-31.68565,0.00222126,2026-04-27T09:09:45.785Z,0.0005277799999999994,7.413671282945232,2026-04-27 09:10:13,0,47,Neutral,37.3,14,High,Large,Bearish,0,0.0074190407308830815,21.993804831268026,16.36271509554473,-1.825724581444263,-31.68565
paypal-usd,pyusd,PayPal USD,1.0,3438455364,32,40405821.0,1.0,0.999369,0.00028565,0.02857,0.043252072481506317,0.016598147379690065,3438135939.815454,3438135939.819415,1.081,-7.48131,0.959426,2026-04-27T09:09:54.009Z,0.0006310000000000482,0.06313984123982715,2026-04-27 09:10:13,0,47,Neutral,37.3,14,Low,Large,Neutral,1,0.6931471805599453,21.958288185688914,17.51448444145958,0.02258407368984503,-7.48131
the-open-network,ton,Toncoin,1.3,3252421128,33,268853512.0,1.32,1.3,-0.011551462803744528,-0.87789,0.7863263077781802,6.175903565693173,2493686360.397672,5169676654.439302,8.25,-84.21139,0.519364,2026-04-27T09:09:42.592Z,0.020000000000000018,1.5384615384615397,2026-04-27 09:10:13,0,47,Neutral,37.3,14,Low,Large,Neutral,0,0.832909122935104,21.902665518710258,19.409677227900445,2.6490067828465866,-84.21139
crypto-com-chain,cro,Cronos,0.070059,3050502500,34,9666733.0,0.07068,0.069761,-0.00013586595943986,-0.19356,1.1775047989170597,-2.4349745811836967,43552183343.88164,98585324548.02637,0.891544,-92.14666,0.0121196,2026-04-27T09:09:46.415Z,0.0009190000000000031,1.3173549691088189,2026-04-27 09:10:13,0,47,Neutral,37.3,14,Low,Large,Bearish,0,0.06771378714056646,21.83857216842144,16.08420106477562,-1.3142672905918484,-92.14666
hashnote-usyc,usyc,Circle USYC,1.12,2917993319,35,112187.0,,,,,0.07885835612814128,0.23055917697317557,2601004057.425617,2601004057.425617,1.12,-0.13354,1.026,2026-04-25T00:20:07.922Z,,,2026-04-27 09:10:13,0,47,Neutral,37.3,14,Unknown,Large,Neutral,0,0.7514160886839212,21.79416199780518,11.627931314479316,0.11527958848658779,-0.13354
tether-gold,xaut,Tether Gold,4690.81,2626218554,36,127603216.0,4711.79,4670.51,-2.9548541932263106,-0.06295,-1.6220958010670645,4.399138276794923,559898.736688,707747.089,5504.62,-14.76586,1447.84,2026-04-27T09:09:41.619Z,41.279999999999745,0.8838435203007753,2026-04-27 09:10:13,0,47,Neutral,37.3,14,Low,Large,Neutral,0,8.453573714494791,21.688810836705777,18.664436140155903,2.1680941383974615,-14.76586
global-dollar,usdg,Global Dollar,0.999939,2396620681,37,20208880.0,1.0,0.999625,0.00019453,0.01946,0.025841379083822398,-0.0003479259669262389,2397062295.393902,2397062295.393902,1.65,-39.57421,0.907561,2026-04-27T09:09:44.497Z,0.0003750000000000142,0.03751406777541721,2026-04-27 09:10:13,0,47,Neutral,37.3,14,Low,Large,Bearish,0,0.6931166800948109,21.5973255329009,16.82163271921751,0.009556037016536881,-39.57421
bittensor,tao,Bittensor,249.51,2392665650,38,139600580.0,256.85,245.79,2.91,1.18094,2.489608683354752,-22.7548891649864,9597491.0,21000000.0,757.6,-67.16156,30.83,2026-04-27T09:09:42.887Z,11.06000000000003,4.4997762317425565,2026-04-27 09:10:13,0,47,Neutral,37.3,14,Medium,Large,Strong Bear,0,5.523498839887812,21.595673916512126,18.754295910175003,-10.7869745824932,-67.16156
world-liberty-financial,wlfi,World Liberty Financial,0.073166,2325255054,39,41505873.0,0.075363,0.072766,-0.001760383584877373,-2.3495,-5.575897891162578,-24.420815427957564,31765888395.0,100000000000.0,0.331336,-77.91801,0.072764,2026-04-27T09:09:55.002Z,0.002597000000000002,3.5689745210675348,2026-04-27 09:10:13,0,47,Neutral,37.3,14,Medium,Large,Strong Bear,0,0.07061315811332419,21.567095571044277,17.541345517353452,-13.385157713978781,-77.91801
blackrock-usd-institutional-digital-liquidity-fund,buidl,BlackRock USD Institutional Digital Liquidity Fund,1.0,2263582930,40,0.0,1.0,1.0,0.0,0.0,0.0,0.0,2263582930.210449,2263582930.210449,1.0,0.0,1.0,2026-04-27T08:45:08.182Z,0.0,0.0,2026-04-27 09:10:13,0,47,Neutral,37.3,14,Low,Large,Bearish,0,0.6931471805599453,21.54021476256099,0.0,0.0,0.0
pax-gold,paxg,PAX Gold,4695.86,2261053084,41,89078108.0,4716.15,4669.43,0.260748,0.00555,-1.7323549336015727,4.332178231483387,481565.416,481565.416,5619.09,-16.41643,1399.64,2026-04-27T09:09:46.514Z,46.719999999999345,1.0005503883771538,2026-04-27 09:10:13,0,47,Neutral,37.3,14,Low,Large,Neutral,0,8.454649479323464,21.539096508515943,18.305024172018555,2.1688641157416937,-16.41643
mantle,mnt,Mantle,0.64027,2096951584,42,44091427.0,0.661994,0.636864,-0.016370305384036166,-2.49304,4.65918931315649,-5.454737869659638,3277944025.53684,6219316794.889999,2.86,-77.6242,0.307978,2026-04-27T09:09:43.072Z,0.025129999999999986,3.9458973972465055,2026-04-27 09:10:13,0,47,Neutral,37.3,14,Medium,Large,Bearish,0,0.4948608624317347,21.463750500855273,17.601775945106297,-3.9738889348298194,-77.6242
polkadot,dot,Polkadot,1.24,2076689610,43,127756257.0,1.27,1.23,-0.024653070111493536,-1.95652,-2.1105299803476965,-4.808896779518279,1681135245.054363,1681135245.054363,54.98,-97.75584,1.15,2026-04-27T09:09:55.242Z,0.040000000000000036,3.2520325203252063,2026-04-27 09:10:13,0,47,Neutral,37.3,14,Medium,Large,Bearish,0,0.8064758658669484,21.454040929652262,18.66563477214967,-3.3827083897591397,-97.75584
uniswap,uni,Uniswap,3.25,2056925806,44,129138649.0,3.36,3.23,-0.029905406794226597,-0.9125,-0.7643723141865382,-4.310227591621212,633561603.6037512,896268420.0329479,44.92,-92.78511,1.03,2026-04-27T09:09:41.936Z,0.1299999999999999,4.024767801857582,2026-04-27 09:10:13,0,47,Neutral,37.3,14,Medium,Large,Bearish,0,1.4469189829363254,21.444478378420317,18.676397191336854,-2.6113637958106057,-92.78511
sky,sky,Sky,0.085065,1973182839,45,15941358.0,0.08983,0.084641,-0.003247514026543941,-3.67728,7.494800876727858,21.03918013786768,23198749230.36974,23462665147.36596,0.100535,-15.3827,0.03582727,2026-04-27T09:09:44.038Z,0.005188999999999999,6.130598646046241,2026-04-27 09:10:13,0,47,Neutral,37.3,14,High,Large,Bullish,0,0.08163989303212163,21.40291373075249,16.58442748490671,8.680950068933841,-15.3827
pi-network,pi,Pi Network,0.180275,1854570490,46,29868526.0,0.186027,0.17663,-0.000829920577615328,-0.45825,4.644747915765593,3.1360047556876802,10292175019.63166,15834115414.81794,2.99,-93.97263,0.131244,2026-04-27T09:09:45.150Z,0.009396999999999989,5.320160788088088,2026-04-27 09:10:13,0,47,Neutral,37.3,14,High,Large,Neutral,0,0.16574746217290073,21.340918964956106,17.212315875283664,1.33887737784384,-93.97263
falcon-finance,usdf,Falcon USD,0.99804,1786152934,47,710420.0,0.998258,0.996416,0.00150362,0.15088,0.0034485412624577936,-0.03538304677698631,1789660229.44841,1789660229.44841,1.075,-7.11708,0.943422,2026-04-27T09:09:44.741Z,0.0018420000000000103,0.1848625473697743,2026-04-27 09:10:13,0,47,Neutral,37.3,14,Low,Large,Bearish,0,0.6921667000459839,21.303329945633905,13.473613031033995,0.05774847661150684,-7.11708
near,near,NEAR Protocol,1.37,1776739262,48,132419087.0,1.41,1.37,-0.03292125777070476,-2.34093,2.319723741219511,17.039003183162862,1293974234.0,1293974253.0,20.44,-93.29462,0.526762,2026-04-27T09:09:45.792Z,0.039999999999999813,2.9197080291970665,2026-04-27 09:10:13,0,47,Neutral,37.3,14,Medium,Large,Bullish,0,0.8628899551470398,21.298045646596876,18.701482360260094,7.349036591581431,-93.29462
okb,okb,OKB,83.96,1763690058,49,14286826.0,85.48,83.68,-0.5753057088609665,-0.68053,1.3486866844652423,0.9750762320092474,21000000.0,21000000.0,228.74,-63.32611,0.580608,2026-04-27T09:09:44.214Z,1.7999999999999972,2.151051625239002,2026-04-27 09:10:13,0,47,Neutral,37.3,14,Medium,Large,Neutral,0,4.442180557493629,21.2906740755786,16.474848481863784,0.14727311600462373,-63.32611
htx-dao,htx,HTX DAO,1.81e-06,1639799434,50,17915183.0,1.82e-06,1.8e-06,-5.616925388e-09,-0.30913,0.14590481991010398,6.727130182478806,905707664073577.8,905707664073577.8,3.75e-06,-51.73328,8.00816e-07,2026-04-27T09:09:43.448Z,2.000000000000002e-08,1.1111111111111123,2026-04-27 09:10:13,0,47,Neutral,37.3,14,Low,Large,Neutral,0,1.8099983619519766e-06,21.217839775572077,16.701159179391304,3.209000091239403,-51.73328
pepe,pepe,Pepe,3.85e-06,1617768308,51,329119039.0,4.02e-06,3.82e-06,-3.8679929696e-08,-0.99583,2.865583597300277,15.950931420658307,420690000000000.0,420690000000000.0,2.803e-05,-86.27984,5.5142e-08,2026-04-27T09:09:43.234Z,1.9999999999999978e-07,5.235602094240832,2026-04-27 09:10:13,0,47,Neutral,37.3,14,High,Large,Bullish,0,3.849992588769023e-06,21.204313449408307,19.61193006699544,7.477550710329154,-86.27984
ripple-usd,rlusd,Ripple USD,0.999875,1603244112,52,72652614.0,1.0,0.999639,-0.000104535857813781,-0.01045,0.039187247451703336,-0.024066906169791537,1603386916.407313,1603386916.407313,1.073,-6.79496,0.962292,2026-04-27T09:09:43.984Z,0.0003609999999999447,0.036113036806281536,2026-04-27 09:10:13,0,47,Neutral,37.3,14,Low,Large,Bearish,0,0.693084678606739,21.195294984070085,18.10119994182693,-0.017258453084895767,-6.79496
aster-2,aster,Aster,0.648432,1593461239,53,118965065.0,0.663535,0.644977,-0.010654707417906972,-1.61659,-4.456881058688018,-1.9358859352237356,2458559719.12999,7822529124.595041,2.41,-73.07997,0.099713,2026-04-27T09:09:49.860Z,0.018557999999999963,2.8773119041454134,2026-04-27 09:10:13,0,47,Neutral,37.3,14,Medium,Large,Bearish,0,0.49982453305799224,21.189174367710336,18.594340444952532,-1.7762379676118678,-73.07997
aave,aave,Aave,96.4,1462214058,54,287051094.0,99.94,94.78,1.41,1.48297,4.289239251081113,-1.441723736589763,15176132.848200945,16000000.0,661.69,-85.45903,26.02,2026-04-27T09:09:42.040Z,5.159999999999997,5.444186537244141,2026-04-27 09:10:13,0,47,Neutral,37.3,14,High,Large,Bearish,0,4.578826210648489,21.10321760274102,19.47517078923708,0.020623131705118425,-85.45903
usdd,usdd,USDD,0.999514,1445892355,55,2218937.0,1.002,0.998698,-0.000627768474667834,-0.06277,-0.028770580159561132,0.01111060540730636,1445539307.0,1449217753.0,1.052,-4.93631,0.928067,2026-04-27T09:09:42.662Z,0.003302000000000027,0.33063048088611646,2026-04-27 09:10:13,0,47,Neutral,37.3,14,Low,Large,Neutral,1,0.6929041510306615,21.09199251531172,14.612539261010642,-0.025829697296346824,-4.93631
janus-henderson-anemoy-treasury-fund,jtrsy,Janus Henderson Anemoy Treasury Fund,1.1,1418610492,56,0.0,,,,,0.05779144014270496,0.25319475146674003,1288304893.728859,1288304893.728859,1.1,0.0,1.085,2026-04-24T05:10:07.064Z,,,2026-04-27 09:10:13,0,47,Neutral,37.3,14,Unknown,Large,Neutral,0,0.7419373447293773,21.072943703434074,0.0,0.12659737573337002,0.0
bitget-token,bgb,Bitget Token,1.98,1383245332,57,18183463.0,2.01,1.97,0.00393024,0.19931,4.6812275553614295,1.2423351965181948,699992035.9787906,913931280.9787906,8.45,-76.61053,0.0142795,2026-04-27T09:09:41.560Z,0.039999999999999813,2.0304568527918687,2026-04-27 09:10:13,0,47,Neutral,37.3,14,Medium,Large,Neutral,0,1.091923300517313,21.047698265798612,16.71602316761725,0.7208225982590974,-76.61053
internet-computer,icp,Internet Computer,2.43,1340801439,58,30370621.0,2.49,2.41,-0.018249606614110903,-0.74549,-0.15278023125191412,8.094407846137429,551936930.6350279,551936930.6350279,700.65,-99.65446,2.02,2026-04-27T09:09:42.020Z,0.08000000000000007,3.3195020746887995,2026-04-27 09:10:13,0,47,Neutral,37.3,14,Medium,Large,Neutral,0,1.2325602611778486,21.016533361677197,17.228986317549776,3.6744589230687144,-99.65446
ondo-us-dollar-yield,usdy,Ondo US Dollar Yield,1.13,1330243529,59,228890.0,1.14,1.12,0.0043191,0.38227,0.18850662220904676,0.8937008358112702,1176419071.659853,1891434361.011154,1.26,-10.58492,0.934184,2026-04-27T09:09:48.315Z,0.019999999999999796,1.7857142857142672,2026-04-27 09:10:13,0,47,Neutral,37.3,14,Low,Large,Neutral,0,0.7561219797213337,21.008627867681508,12.341001186687981,0.6379854179056351,-10.58492
bfusd,bfusd,BFUSD,0.999398,1319336548,60,897121.0,0.9998,0.999398,-0.000398621920380426,-0.03987,-0.029652812768679274,0.04975094744646992,1320000000.0,1320000000.0,1.007,-0.74748,0.997035,2026-04-27T09:09:45.426Z,0.00040200000000001346,0.04022421497741775,2026-04-27 09:10:13,0,47,Neutral,37.3,14,Low,Large,Neutral,0,0.692846135250353,21.0003948327978,13.706947140711176,0.004940473723234959,-0.74748
ethereum-classic,etc,Ethereum Classic,8.39,1312160670,61,33893183.0,8.63,8.35,-0.0459758510398931,-0.5451,0.09089799004985198,3.0492314466821333,156467304.7241453,156467304.7241453,167.09,-94.99053,0.615038,2026-04-27T09:09:45.974Z,0.28000000000000114,3.3532934131736662,2026-04-27 09:10:13,0,47,Neutral,37.3,14,Medium,Large,Neutral,0,2.2396452932201716,20.994940982622808,17.338724490188113,1.2520657233410666,-94.99053
ondo-finance,ondo,Ondo,0.262069,1275741863,62,71811112.0,0.273299,0.260965,-0.001067846639851766,-0.40581,3.7574804698355417,-0.9821426888113947,4869330647.0,10000000000.0,2.14,-87.7547,0.082171,2026-04-27T09:09:42.874Z,0.012334000000000012,4.726304293679234,2026-04-27 09:10:13,0,47,Neutral,37.3,14,Medium,Large,Bearish,0,0.23275243774325052,20.966793700462976,18.08954979920048,-0.6939763444056973,-87.7547
kucoin-shares,kcs,KuCoin,8.45,1137174047,63,73533.0,8.65,8.41,-0.023907883965474497,-0.28223,-0.7041627551518646,6.523459948483186,134655021.7355671,142155021.7355671,28.83,-70.71137,0.342863,2026-04-27T09:09:41.496Z,0.2400000000000002,2.8537455410225947,2026-04-27 09:10:13,0,47,Neutral,37.3,14,Medium,Large,Neutral,0,2.2460147415056513,20.851812116516946,11.205503163275468,3.120614974241593,-70.71137
gatechain-token,gt,Gate,7.4,1133103428,64,2567838.0,7.42,7.31,0.051598,0.70256,2.5596471020517417,14.006335826629421,115180573.04885802,112622843.66747102,25.38,-70.80446,0.25754,2026-04-27T09:09:46.285Z,0.11000000000000032,1.504787961696311,2026-04-27 09:10:13,0,47,Neutral,37.3,14,Low,Large,Bullish,0,2.128231705849268,20.848226102557494,14.758575247122543,7.3544479133147105,-70.80446
morpho,morpho,Morpho,1.93,1131596050,65,13720520.0,1.98,1.89,0.01170311,0.61051,-1.1818313629705879,27.109019011032498,586731792.4955441,1000000000.0,4.17,-53.82665,0.713151,2026-04-27T09:09:43.091Z,0.09000000000000008,4.761904761904766,2026-04-27 09:10:13,0,47,Neutral,37.3,14,Medium,Large,Bullish,0,1.0750024230289759,20.846894907636567,16.43440315330196,13.85976450551625,-53.82665
pump-fun,pump,Pump.fun,0.00177251,1045468375,66,48424211.0,0.00184955,0.00174699,1.919e-05,1.09478,-1.87982410031992,2.722982449033622,590000000000.0,999989152530.3462,0.00881908,-79.90143,0.00157464,2026-04-27T09:09:49.191Z,0.00010256000000000002,5.870668979215681,2026-04-27 09:10:13,0,47,Neutral,37.3,14,High,Large,Neutral,0,0.0017709409579714658,20.76773082864713,17.69551049453846,1.908881224516811,-79.90143
eutbl,eutbl,Spiko EU T-Bills Money Market Fund,1.23,1036085101,67,0.0,1.23,1.23,0.00277543,0.22535,-0.06391275093198784,1.9315821971524867,839367247.63094,839367247.63094,1.26,-2.1136,1.011,2026-04-27T09:00:15.936Z,0.0,0.0,2026-04-27 09:10:13,0,47,Neutral,37.3,14,Low,Large,Neutral,0,0.8020015854720274,20.75871512219765,0.0,1.0784660985762433,-2.1136
superstate-short-duration-us-government-securities-fund-ustb,ustb,Superstate Short Duration U.S. Government Securities Fund (USTB),11.06,1035903147,68,0.0,11.06,11.06,0.0,0.0,0.06737525875202278,0.2661660647830011,93645609.807042,93645609.807042,11.06,0.0,10.29,2026-04-27T09:05:06.480Z,0.0,0.0,2026-04-27 09:10:13,0,47,Neutral,37.3,14,Low,Large,Neutral,0,2.4898941912990393,20.75853948992708,0.0,0.13308303239150054,0.0
algorand,algo,Algorand,0.115791,1031274313,69,47872869.0,0.121067,0.114823,-0.002649573043335976,-2.23705,12.734410682602066,41.004890206400496,8905720628.54252,8906059707.070759,3.56,-96.75106,0.080092,2026-04-27T09:09:47.426Z,0.0062439999999999996,5.4379349085113615,2026-04-27 09:10:13,0,47,Neutral,37.3,14,High,Large,Bullish,0,0.10956357043511901,20.754061072547348,17.684059513613718,19.383920103200246,-96.75106
united-stables,u,United Stables,1.0,1028239413,70,4124597.0,1.002,0.998129,0.0002925,0.02925,0.1780157385317989,0.07781674405926355,1027858682.01,1027858682.01,1.008,-0.80021,0.968158,2026-04-27T09:09:50.257Z,0.003870999999999958,0.38782562173826807,2026-04-27 09:10:13,0,47,Neutral,37.3,14,Low,Large,Neutral,0,0.6931471805599453,20.75111386986013,15.23247911845646,0.05353337202963177,-0.80021
quant-network,qnt,Quant,69.91,1016087904,71,8411495.0,71.73,69.56,-1.1521148771288807,-1.62132,-4.584452382659606,-1.7072065561859535,14544176.164081175,14612493.0,427.42,-83.67942,0.215773,2026-04-27T09:09:43.628Z,2.1700000000000017,3.1196089706728025,2026-04-27 09:10:13,0,47,Neutral,37.3,14,Medium,Large,Bearish,0,4.261411467315905,20.739225703029295,15.9451098996018,-1.6642632780929767,-83.67942
cosmos,atom,Cosmos Hub,1.96,989010756,72,40074353.0,2.03,1.95,-0.06369972768297405,-3.15313,10.142513904712098,16.03667128310396,505536231.695024,505536231.695024,43.84,-95.5442,1.16,2026-04-27T09:09:42.794Z,0.07999999999999985,4.102564102564095,2026-04-27 09:10:13,0,47,Neutral,37.3,14,Medium,Mid,Bullish,0,1.085189268335969,20.71221576617091,17.506247136554546,6.4417706415519795,-95.5442
polygon-ecosystem-token,pol,POL (ex-MATIC),0.091442,972423152,73,32363431.0,0.093253,0.090857,-0.00020468584314369,-0.22334,1.1937203792479925,0.2166379860651529,10633033052.11391,10633033052.11391,1.29,-92.90062,0.081453,2026-04-27T09:09:43.275Z,0.0023960000000000092,2.6371110646400493,2026-04-27 09:10:13,0,47,Neutral,37.3,14,Medium,Mid,Neutral,0,0.08749975771234782,20.695301610283213,17.292539701391256,-0.0033510069674235615,-92.90062
ethena,ena,Ethena,0.106926,936710172,74,111412354.0,0.113309,0.106275,-0.002453039160154977,-2.24269,-8.033887793168146,17.02341346510087,8759375000.0,15000000000.0,1.52,-92.96305,0.076868,2026-04-27T09:09:53.163Z,0.0070340000000000125,6.6186779581275115,2026-04-27 09:10:13,0,47,Neutral,37.3,14,High,Mid,Bullish,0,0.10158680415697713,20.657884478587984,18.5287487859505,7.390361732550435,-92.96305
render-token,render,Render,1.8,934825652,75,47572336.0,1.86,1.79,-0.029711333272822715,-1.62214,2.123161732550551,6.506139387688574,518743261.0140742,533503434.2940742,13.53,-86.70256,0.03665669,2026-04-27T09:09:52.295Z,0.07000000000000006,3.9106145251396685,2026-04-27 09:10:13,0,47,Neutral,37.3,14,Medium,Mid,Neutral,0,1.0296194171811581,20.65587060248608,17.677761994803173,2.441999693844287,-86.70256
kaspa,kas,Kaspa,0.03349116,916795191,76,17258922.0,0.03439796,0.03335646,-0.000533101963780751,-1.56683,-2.1378924909139823,-5.993648663549251,27376784273.87169,27393738055.52142,0.207411,-83.8542,0.00017105,2026-04-27T09:09:42.794Z,0.0010415000000000008,3.1223337248616936,2026-04-27 09:10:13,0,47,Neutral,37.3,14,Medium,Mid,Bearish,0,0.03294254664398536,20.6363946595829,16.66383984306318,-3.7802393317746255,-83.8542
nexo,nexo,NEXO,0.899603,900435884,77,6391566.0,0.921052,0.898073,-0.003599885043660156,-0.39857,2.014924492880965,3.003652975421928,1000000000.0,1000000000.0,4.07,-77.88085,0.04515276,2026-04-27T09:09:43.596Z,0.02297899999999997,2.5587006846882128,2026-04-27 09:10:13,0,47,Neutral,37.3,14,Medium,Mid,Neutral,0,0.6416449169714311,20.618389520711787,15.67049002320757,1.302541487710964,-77.88085
worldcoin-wld,wld,Worldcoin,0.253492,835527277,78,56538626.0,0.264636,0.252028,-0.00651912025370871,-2.50725,-3.4826888594538916,-4.595940847032698,3293490414.374154,10000000000.0,11.74,-97.83935,0.240508,2026-04-27T09:09:43.120Z,0.012608000000000008,5.002618756646091,2026-04-27 09:10:13,0,47,Neutral,37.3,14,High,Mid,Bearish,0,0.22593325646580922,20.54357355418011,17.850434626241903,-3.551595423516349,-97.83935
arbitrum,arb,Arbitrum,0.126396,777414839,79,61341747.0,0.132782,0.125808,-0.005635989097057537,-4.26867,0.22322374885704505,41.04425606845155,6150718438.0,10000000000.0,2.39,-94.7106,0.087087,2026-04-27T09:09:42.379Z,0.006974000000000008,5.543367671372256,2026-04-27 09:10:13,0,47,Neutral,37.3,14,High,Mid,Bullish,0,0.11902315527897198,20.471484665472133,17.931971213146863,18.387793034225776,-94.7106
stable-2,stable,​​Stable,0.03487004,773252153,80,22006297.0,0.03503585,0.03318241,0.00117909,3.49972,38.56007463669566,34.83648248238727,22159362482.0,100000000000.0,0.04197213,-16.79252,0.0092214,2026-04-27T09:09:45.876Z,0.0018534399999999979,5.5856099662441565,2026-04-27 09:10:13,0,47,Neutral,37.3,14,High,Mid,Bullish,0,0.03427585361596921,20.466115755170577,16.906839243081645,19.168101241193632,-16.79252
aptos,apt,Aptos,0.954963,770530984,81,64414761.0,0.99907,0.950275,-0.024714749071840902,-2.52274,2.800347277671606,0.370716304241073,806822144.2227619,1201802562.749568,19.92,-95.21194,0.795451,2026-04-27T09:09:49.816Z,0.04879500000000003,5.13482939149194,2026-04-27 09:10:13,0,47,Neutral,37.3,14,High,Mid,Neutral,0,0.6703712674270312,20.462590426062537,17.98085338840935,-1.0760118478794636,-95.21194
blockchain-capital,bcap,Blockchain Capital,82.76,754118306,82,0.0,82.76,82.76,0.0,0.0,0.0,261.55526430755793,9112111.0,9112111.0,83.06,-0.36118,17.76,2026-04-27T09:05:05.467Z,0.0,0.0,2026-04-27 09:10:13,0,47,Neutral,37.3,14,Low,Mid,Bullish,0,4.427955566562281,20.44105981949934,0.0,130.77763215377897,-0.36118
filecoin,fil,Filecoin,0.924166,714845740,83,67797669.0,0.956823,0.920097,-0.024910609485158886,-2.62472,0.619038279803982,11.597520172076381,773714390.0,1957865350.0,236.84,-99.61045,0.790176,2026-04-27T09:09:41.818Z,0.036725999999999925,3.991535675042949,2026-04-27 09:10:13,0,47,Neutral,37.3,14,Medium,Mid,Bullish,0,0.6544926271080101,20.387577330528433,18.032038386538396,4.4864000860381905,-99.61045
just,jst,JUST,0.081349,694850261,84,23935861.0,0.081415,0.078888,0.00138276,1.72918,10.239703685931651,36.16763692619248,8543764567.312736,8543764567.312736,0.193254,-58.00342,0.00476275,2026-04-27T09:09:41.559Z,0.0025270000000000015,3.2032755298651274,2026-04-27 09:10:13,0,47,Neutral,37.3,14,Medium,Mid,Bullish,0,0.07820933576616917,20.359206929956592,16.99088839436539,18.94840846309624,-58.00342
jupiter-exchange-solana,jup,Jupiter,0.190014,684867107,85,45750875.0,0.198318,0.177939,0.00979706,5.43626,11.706059329407886,31.2569802312319,3604307961.54,6863982207.832145,2.0,-90.54524,0.135801,2026-04-27T09:09:53.134Z,0.02037899999999998,11.45280124087467,2026-04-27 09:10:13,0,47,Neutral,37.3,14,Extreme,Mid,Bullish,0,0.17396507176011677,20.34473537448579,17.638721497043477,18.34662011561595,-90.54524
dexe,dexe,DeXe,14.45,675561191,86,18057374.0,14.45,13.69,0.504696,3.61784,-2.3621469153421772,100.79405515934864,46750946.82541338,96504599.33609451,32.38,-55.42328,0.671563,2026-04-27T09:09:51.230Z,0.7599999999999998,5.551497443389334,2026-04-27 09:10:13,0,47,Neutral,37.3,14,High,Mid,Bullish,0,2.7376090033437546,20.331054298974514,16.70906474655174,52.20594757967432,-55.42328
flare-networks,flr,Flare,0.00780964,670221294,87,3389756.0,0.00797628,0.00780592,-4.2856586280671e-05,-0.54577,-2.6493904847390515,0.2607339733579212,85824440162.34727,105639742323.2798,0.150073,-94.79756,0.00726058,2026-04-27T09:09:42.893Z,0.00017036000000000048,2.182446143439857,2026-04-27 09:10:13,0,47,Neutral,37.3,14,Medium,Mid,Neutral,0,0.007779302608570939,20.323118506859984,15.036268795371468,-0.1425180133210394,-94.79756
vechain,vet,VeChain,0.00725352,623535935,88,12552708.0,0.00744466,0.00721571,-0.000133258177488838,-1.80401,2.7568723723154154,8.24605299852875,85985041177.0,85985041177.0,0.280991,-97.42181,0.00191713,2026-04-27T09:09:41.604Z,0.00022894999999999947,3.17293793680732,2026-04-27 09:10:13,0,47,Neutral,37.3,14,Medium,Mid,Neutral,0,0.007227339746901532,20.250916957349702,16.345447056822096,3.221021499264375,-97.42181
beldex,bdx,Beldex,0.079723,616509844,89,11770490.0,0.080287,0.079433,-0.00035970291566069,-0.44916,-0.4084961516720543,-3.998314226470476,7737770968.16358,9937390314.964664,0.450785,-82.3332,0.00027519,2026-04-27T09:09:45.508Z,0.0008539999999999937,1.075119912378978,2026-04-27 09:10:13,0,47,Neutral,37.3,14,Low,Mid,Bearish,0,0.07670452675764658,20.239584849622027,16.28110619459406,-2.223737113235238,-82.3332
hash-2,hash,Provenance Blockchain,0.01061309,608349498,90,9599.99,0.01080963,0.01008546,0.00040459,3.96329,-2.340933753650936,-7.073053948852843,57320687102.0,100000000000.0,0.060147,-82.35473,0.00908303,2026-04-27T09:09:45.009Z,0.0007241700000000014,7.180336841353806,2026-04-27 09:10:13,0,47,Neutral,37.3,14,High,Mid,Bearish,0,0.010557166493151167,20.226260108658312,9.16962149713891,-1.5548819744264215,-82.35473
pudgy-penguins,pengu,Pudgy Penguins,0.00966479,607675159,91,398322884.0,0.01019246,0.00864131,0.00089722,10.23343,33.736277685352896,49.86477007144416,62860396090.0,79697621046.1255,0.068447,-85.89579,0.00371517,2026-04-27T09:09:51.038Z,0.0015511500000000011,17.950403353195306,2026-04-27 09:10:13,0,47,Neutral,37.3,14,Extreme,Mid,Bullish,0,0.0096183846760225,20.225151020838204,19.80277350319224,30.04910003572208,-85.89579
xdce-crowd-sale,xdc,XDC Network,0.03006862,600102344,93,17445561.0,0.0302597,0.0294287,-0.000108816933634428,-0.36059,0.8859376834430636,-1.6547996245259333,19946681214.87,38065686425.1,0.192754,-84.44309,0.00039532,2026-04-27T09:09:42.981Z,0.0008310000000000019,2.823774070889988,2026-04-27 09:10:13,0,47,Neutral,37.3,14,Medium,Mid,Bearish,0,0.029625421381663512,20.21261077363416,16.67459584761864,-1.0076948122629668,-84.44309
ousg,ousg,OUSG,115.03,599091607,92,0.0,115.03,115.03,0.0,0.0,0.06471581169963245,0.26308788119317167,5208235.325655357,5208235.325655357,115.03,0.0,95.09,2026-04-27T09:00:05.713Z,0.0,0.0,2026-04-27 09:10:13,0,47,Neutral,37.3,14,Low,Mid,Neutral,0,4.753848778359454,20.21092507927786,0.0,0.13154394059658583,0.0
official-trump,trump,Official Trump,2.55,593550633,94,194730081.0,2.7,2.54,-0.10730778010996067,-4.03391,-9.959987807344724,-14.521529969599515,232498807.465716,1000000000.0,73.43,-96.52303,2.52,2026-04-27T09:09:44.863Z,0.16000000000000014,6.2992125984252025,2026-04-27 09:10:13,0,47,Neutral,37.3,14,High,Mid,Bearish,0,1.2669476034873244,20.201633082612517,19.087124962773547,-9.277719984799758,-96.52303
usdtb,usdtb,USDtb,1.0,589092016,95,1905254.0,1.001,0.999762,0.00022439,0.02244,0.0692206284477953,-0.08825591879051356,589021741.2061826,589021741.2061826,1.057,-5.38198,0.900502,2026-04-27T09:09:44.499Z,0.0012379999999998503,0.1238294714141816,2026-04-27 09:10:13,0,47,Neutral,37.3,14,Low,Mid,Bearish,0,0.6931471805599453,20.19409295522033,14.460126415852436,-0.03290795939525678,-5.38198
pancakeswap-token,cake,PancakeSwap,1.51,585160408,96,19218564.0,1.54,1.51,0.00095265,0.06306,-0.4050308590376713,10.48415007155936,387211114.3709872,399681130.4678455,43.96,-96.56516,0.194441,2026-04-27T09:09:46.773Z,0.030000000000000027,1.986754966887419,2026-04-27 09:10:13,0,47,Neutral,37.3,14,Low,Mid,Bullish,0,0.9202827531436926,20.187396571028046,16.771387296908475,5.27360503577968,-96.56516
gho,gho,GHO,0.999194,583525632,97,2354362.0,0.999364,0.999013,-4.9193425330385e-05,-0.00492,0.04288352731953394,0.012802073115428208,584000000.0,584000000.0,1.03,-2.97477,0.917065,2026-04-27T09:09:42.941Z,0.0003509999999999902,0.03513467792711308,2026-04-27 09:10:13,0,47,Neutral,37.3,14,Low,Mid,Neutral,0,0.6927440993336217,20.184598938460365,14.671780760521374,0.003941036557714104,-2.97477
midnight-3,night,Midnight,0.03472529,576530032,98,19253503.0,0.03642436,0.03456001,-0.000913381223505323,-2.56289,-2.764151663412844,-28.95021742940932,16607399400.63495,24000000000.0,0.118529,-70.80549,0.02378032,2026-04-27T09:09:46.308Z,0.0018643500000000007,5.394529689082846,2026-04-27 09:10:13,0,47,Neutral,37.3,14,High,Mid,Strong Bear,0,0.03413597119727818,20.172537991719764,16.773203628107375,-15.75655371470466,-70.80549
usual-usd,usd0,Usual USD,0.998058,556599321,99,81790.0,0.998342,0.997942,-0.000182005929033169,-0.01823,0.013106437356702052,-0.1198956153446759,557684043.9203832,557684043.9203832,1.33,-24.71263,0.962885,2026-04-27T09:09:55.086Z,0.00039999999999995595,0.04008248976392976,2026-04-27 09:10:13,0,47,Neutral,37.3,14,Low,Mid,Bearish,0,0.6921757088340568,20.13735618894537,11.311922492087827,-0.06906280767233795,-24.71263
bonk,bonk,Bonk,6.24e-06,549181126,100,45198820.0,6.48e-06,6.18e-06,-4.9622271462e-08,-0.78881,2.7646486717295757,8.779277545735374,87994738496857.31,87994738496857.39,5.825e-05,-89.3225,8.6142e-08,2026-04-27T09:09:43.003Z,2.9999999999999967e-07,4.854368932038829,2026-04-27 09:10:13,0,47,Neutral,37.3,14,Medium,Mid,Neutral,0,6.23998053128099e-06,20.12393886673739,17.626581560391468,3.995233772867687,-89.3225
ylds,ylds,YLDS,0.999999,539151942,101,878507.0,1.0,0.999925,-6.83318539862e-07,-7e-05,0.012504479345429368,0.004635335868787651,539152194.14,539152194.14,1.001,-0.10843,0.999202,2026-04-27T09:09:45.063Z,7.500000000004725e-05,0.00750056254219539,2026-04-27 09:10:13,0,47,Neutral,37.3,14,Low,Mid,Neutral,0,0.6931466805598203,20.10550798710669,13.685980292999243,0.0022826679343938257,-0.10843
chiliz,chz,Chiliz,0.0491487,507560161,102,65609447.0,0.051446,0.04815202,-0.0002660030506536,-0.53831,13.603182352147048,34.10930028412025,10326575733.0,10326575733.0,0.878633,-94.40959,0.00410887,2026-04-27T09:09:46.529Z,0.003293980000000002,6.840792971925169,2026-04-27 09:10:13,0,47,Neutral,37.3,14,High,Mid,Bullish,0,0.047979073419481544,20.045125807667024,17.999230267934045,16.785495142060125,-94.40959
true-usd,tusd,TrueUSD,1.0,494515533,103,8271717.0,1.001,0.999528,-6.7026423111072e-05,-0.0067,0.15236656818469105,0.26580641216075573,494515083.0,494515083.0,1.62,-38.21402,0.88355,2026-04-27T09:09:43.452Z,0.0014719999999999178,0.14726951120928256,2026-04-27 09:10:13,0,47,Neutral,37.3,14,Low,Mid,Neutral,1,0.6931471805599453,20.019089122082686,15.928352784240149,0.12955320608037788,-38.21402
a7a5,a7a5,A7A5,0.01243181,487376198,104,3028.97,0.01246828,0.01234092,5.087e-05,0.41085,-0.377603047411377,1.660352654207659,39204572820.62073,39204572820.62073,0.229635,-94.58627,1.048e-05,2026-04-27T09:09:45.167Z,0.00012735999999999997,1.0320138206875984,2026-04-27 09:10:13,0,47,Neutral,37.3,14,Low,Mid,Neutral,0,0.012355169582420644,20.00454686538199,8.0163079974643,1.0356013271038296,-94.58627
fetch-ai,fet,Artificial Superintelligence Alliance,0.208799,471652688,105,49304044.0,0.215391,0.206782,-0.002027961974690767,-0.96191,-0.039902614799970315,-9.832510438862295,2258810659.9203973,2714384546.672,3.45,-93.94907,0.00816959,2026-04-27T09:09:49.655Z,0.008609000000000006,4.163321759147317,2026-04-27 09:10:13,0,47,Neutral,37.3,14,Medium,Mid,Bearish,0,0.1896273047093398,19.971753444305413,17.713516684328653,-5.397210219431147,-93.94907
virtual-protocol,virtual,Virtuals Protocol,0.699685,459349814,107,62805160.0,0.737748,0.694648,-0.00793673746940915,-1.12161,1.502103922259763,6.115620338931269,656322620.3333926,1000000000.0,5.07,-86.19018,0.00748604,2026-04-27T09:09:46.785Z,0.043099999999999916,6.204581313125484,2026-04-27 09:10:13,0,47,Neutral,37.3,14,High,Mid,Neutral,0,0.5304429397754473,19.945322601938663,17.955547809590374,2.497005169465634,-86.19018
edgex,edge,edgeX,1.31,459091737,106,11937282.0,1.36,1.24,0.03320727,2.60381,-3.343253794761906,,350000000.0,1000000000.0,1.5,-12.18674,0.493807,2026-04-27T09:09:43.145Z,0.1200000000000001,9.677419354838717,2026-04-27 09:10:13,0,47,Neutral,37.3,14,High,Mid,Unknown,0,0.8372475245337022,19.944760612978232,16.29517708559543,1.301905,-12.18674
siren-2,siren,Siren,0.622541,452899987,108,14403268.0,0.705037,0.564515,-0.05770525714959329,-8.48299,-11.568646237585936,-62.54615662323941,727274305.0312982,727274305.0312982,3.61,-82.63372,0.02634736,2026-04-27T09:09:44.670Z,0.14052200000000004,24.892518356465292,2026-04-27 09:10:13,0,47,Neutral,37.3,14,Extreme,Mid,Strong Bear,0,0.4839934389224445,19.931181882030526,16.482965752671365,-35.514573311619706,-82.63372
dash,dash,Dash,35.55,450643483,109,58136038.0,37.18,35.28,-1.127578162673906,-3.0747,4.142040813536083,11.519621570801453,12676650.36722462,12679763.43993328,1493.59,-97.61277,0.213899,2026-04-27T09:09:46.962Z,1.8999999999999986,5.385487528344667,2026-04-27 09:10:13,0,47,Neutral,37.3,14,High,Mid,Bullish,0,3.5986811861957873,19.926187083747546,17.87829632211917,4.222460785400727,-97.61277
euro-coin,eurc,EURC,1.17,442634671,110,21669539.0,1.18,1.17,0.00371367,0.3171,-0.08471178650554262,2.0987499586770655,376770516.4457581,376770516.4457581,1.35,-13.11772,0.052848,2026-04-27T09:09:43.177Z,0.010000000000000009,0.8547008547008554,2026-04-27 09:10:13,0,47,Neutral,37.3,14,Low,Mid,Neutral,0,0.7747271675523681,19.908255319611992,16.891418145783774,1.2079249793385327,-13.11772
venice-token,vvv,Venice Token,9.27,427321285,111,15989952.0,9.86,9.12,-0.07326385677213842,-0.78396,2.010454277053502,52.11896248904151,46114507.49615282,79706858.92144799,22.58,-59.02514,0.91975,2026-04-27T09:09:49.481Z,0.7400000000000002,8.114035087719301,2026-04-27 09:10:13,0,47,Neutral,37.3,14,High,Mid,Bullish,0,2.329227023940467,19.873046714491707,16.587471145468733,25.667501244520754,-59.02514
adi-token,adi,ADI,4.09,425927998,112,441334.0,4.12,4.08,-0.01475240648347853,-0.35905,-5.151152829454241,1.385441599793358,104035514.216296,999999999.0,4.55,-9.98052,0.975425,2026-04-27T09:09:45.736Z,0.040000000000000036,0.980392156862746,2026-04-27 09:10:13,0,47,Neutral,37.3,14,Low,Mid,Neutral,0,1.6272778305624314,19.869780873516834,12.997559503238895,0.513195799896679,-9.98052
aerodrome-finance,aero,Aerodrome Finance,0.454061,420138794,114,66571362.0,0.48279,0.449069,0.00197308,0.43644,20.14448000162477,41.38758514042516,926060521.5631167,1884864776.254544,2.32,-80.5013,1.861e-05,2026-04-27T09:09:49.261Z,0.033721,7.509091030554325,2026-04-27 09:10:13,0,47,Neutral,37.3,14,High,Mid,Bullish,0,0.3743603314637775,19.856095678936107,18.013785058055582,20.91201257021258,-80.5013
blockstack,stx,Stacks,0.226912,419359117,113,8075013.0,0.235686,0.225967,-0.00332127353184633,-1.44257,1.8338699055854901,1.4451621543521607,1842710656.36994,1842710656.36994,3.86,-94.1171,0.04559639,2026-04-27T09:09:42.550Z,0.009719000000000005,4.301070510295753,2026-04-27 09:10:13,0,47,Neutral,37.3,14,Medium,Mid,Neutral,0,0.20450044351539615,19.854238194332275,15.904285160817622,0.001296077176080379,-94.1171
first-digital-usd,fdusd,First Digital USD,0.99827,413517665,115,314117468.0,0.999807,0.99708,-0.000274475727487178,-0.02749,-0.05596475670782518,-0.02216788389958587,414151993.292189,414151993.292189,1.15,-13.31798,0.940377,2026-04-27T09:09:43.193Z,0.002727000000000035,0.27349861595860264,2026-04-27 09:10:13,0,47,Neutral,37.3,14,Low,Mid,Bearish,1,0.692281806231567,19.84021079461094,19.565277579008207,-0.024828941949792935,-13.31798
manadia,umxm,Manadia,1.93,407885560,116,14014842.0,2.28,1.41,0.462312,31.53612,,,210000000.0,300000000.0,2.28,-14.49197,1.11,2026-04-27T09:09:41.411Z,0.8699999999999999,61.702127659574465,2026-04-27 09:10:13,0,47,Neutral,37.3,14,Extreme,Mid,Unknown,0,1.0750024230289759,19.826497205279292,16.45562754023501,15.76806,-14.49197
sei-network,sei,Sei,0.060426,406615262,117,45271283.0,0.064506,0.060207,-0.000380730741719938,-0.62613,9.735987380713054,10.218116747426869,6733333333.0,10000000000.0,1.14,-94.71389,0.04852388,2026-04-27T09:09:53.597Z,0.004298999999999997,7.140365738203195,2026-04-27 09:10:13,0,47,Neutral,37.3,14,High,Mid,Bullish,0,0.058670714181561764,19.823377996574987,17.62818348216432,4.795993373713435,-94.71389
janus-henderson-anemoy-aaa-clo-fund,jaaa,Janus Henderson Anemoy AAA CLO Fund,1.031,403654883,118,0.0,,,,,0.022021282065458232,0.2736731133185512,391499603.21758,391499603.21758,1.031,0.0,1.009,2026-04-24T05:15:09.720Z,,,2026-04-27 09:10:13,0,47,Neutral,37.3,14,Unknown,Mid,Neutral,0,0.7085282825982476,19.81607082332333,0.0,0.1368365566592756,0.0
tezos,xtz,Tezos,0.364094,394183866,119,8145013.0,0.373873,0.361016,-0.005226816724668348,-1.41525,1.1416173997524073,2.1829463584835964,1082890277.527563,1102906322.70732,9.12,-96.01008,0.336606,2026-04-27T09:09:46.464Z,0.012857000000000007,3.561338001639819,2026-04-27 09:10:13,0,47,Neutral,37.3,14,Medium,Mid,Neutral,0,0.3104904720027556,19.79232802591948,15.912916518862723,0.38384817924179826,-96.01008
layerzero,zro,LayerZero,1.51,380733711,120,33571806.0,1.58,1.5,-0.04583453691482364,-2.94908,-3.970992550570071,-26.92712319533347,252331652.6536562,1000000000.0,7.47,-79.81328,1.12,2026-04-27T09:09:46.699Z,0.08000000000000007,5.3333333333333375,2026-04-27 09:10:13,0,47,Neutral,37.3,14,High,Mid,Strong Bear,0,0.9202827531436926,19.75761077009831,17.329197195330014,-14.938101597666734,-79.81328
monad,mon,Monad,0.03195913,378879209,122,91670179.0,0.03307196,0.03034781,0.00123119,4.00676,4.4813428121683705,44.78717783667436,11825165000.0,100682925000.0,0.04882901,-34.51628,0.01636691,2026-04-27T09:09:43.824Z,0.002724149999999998,8.97643025971231,2026-04-27 09:10:13,0,47,Neutral,37.3,14,High,Mid,Bullish,0,0.03145906356198455,19.75272800512478,18.33370769350099,24.39696891833718,-34.51628
usx,usx,USX,0.99945,378547519,121,374188.0,0.999794,0.999284,-0.000173238671859366,-0.01733,-0.004486490190386445,0.013547085673124891,378755668.768091,378755668.768091,1.038,-3.70404,0.828472,2026-04-27T09:09:56.005Z,0.0005100000000000104,0.05103654216419061,2026-04-27 09:10:13,0,47,Neutral,37.3,14,Low,Mid,Neutral,0,0.6928721427405116,19.751852171177905,12.832516296345158,-0.0018914571634375552,-3.70404
injective-protocol,inj,Injective,3.67,366623924,123,84928450.0,3.9,3.63,-0.06515410579964964,-1.74613,13.05167110758113,27.31159138300121,100000000.0,100000000.0,52.62,-93.03469,0.657401,2026-04-27T09:09:57.224Z,0.27,7.43801652892562,2026-04-27 09:10:13,0,47,Neutral,37.3,14,High,Mid,Bullish,0,1.541159071680806,19.71984715310621,18.257319707040473,12.782730691500605,-93.03469
ether-fi,ethfi,Ether.fi,0.437416,364013529,124,30410736.0,0.454348,0.43314,-0.004808368949375919,-1.08731,-4.336402888066501,-5.4533447548122425,831965183.0,998535999.0,8.53,-94.88041,0.396031,2026-04-27T09:09:49.985Z,0.02120799999999995,4.8963383663480515,2026-04-27 09:10:13,0,47,Neutral,37.3,14,Medium,Mid,Bearish,0,0.3628470571993814,19.712701595239885,17.230306294808738,-3.2703273774061214,-94.88041
kinesis-gold,kau,Kinesis Gold,152.03,362770302,125,8956.8,160.18,147.04,-7.8918366504854305,-4.93491,-1.3292100376041651,3.706588272225996,2386227.8342,2386227.8342,206.98,-26.53712,44.06,2026-04-27T09:09:42.736Z,13.140000000000015,8.936343852013067,2026-04-27 09:10:13,0,47,Neutral,37.3,14,High,Mid,Neutral,0,5.0306339806029445,19.709280417838414,9.100279940105862,-0.6141608638870022,-26.53712
spx6900,spx,SPX6900,0.383075,357079393,127,13287950.0,0.420487,0.379172,0.00242174,0.63621,20.18033571039782,40.085807833826884,930993080.8870013,930993080.8870013,2.27,-83.13944,0.00131808,2026-04-27T09:09:57.710Z,0.04131499999999999,10.896110472292255,2026-04-27 09:10:13,0,47,Neutral,37.3,14,Extreme,Mid,Bullish,0,0.32430928114715546,19.693468707175306,16.40236824273084,20.36100891691344,-83.13944
zebec-network,zbcn,Zebec Network,0.00364337,356553146,126,12592972.0,0.00398025,0.0032333,0.00032565,9.81542,32.7914839494821,60.72001711180557,97951717939.67068,99997613248.94708,0.00700261,-47.98455,0.00069854,2026-04-27T09:09:43.684Z,0.0007469500000000001,23.101784554479945,2026-04-27 09:10:13,0,47,Neutral,37.3,14,Extreme,Mid,Bullish,0,0.0036367490044726617,19.691993866651213,16.348649517937403,35.26771855590278,-47.98455
bianrensheng,币安人生,币安人生 (BinanceLife),0.351907,352428220,129,37263179.0,0.37754,0.336155,0.00262894,0.75268,-22.3475633258762,748.050110375883,1000000000.0,1000000000.0,0.555956,-36.76859,0.03843448,2026-04-27T09:09:45.959Z,0.041385000000000005,12.311284972706044,2026-04-27 09:10:13,0,47,Neutral,37.3,14,Extreme,Mid,Bullish,0,0.3015161882725909,19.680357531112733,17.433516265711717,374.40139518794155,-36.76859
sun-token,sun,Sun Token,0.0183172,352007398,128,69134724.0,0.01868695,0.01819982,-0.000249816843812225,-1.34549,1.2878382427585517,8.021846956176613,19216834295.18254,19900730000.0,66.45,-99.97242,0.00462303,2026-04-27T09:09:41.690Z,0.0004871300000000023,2.6765649330597903,2026-04-27 09:10:13,0,47,Neutral,37.3,14,Medium,Mid,Neutral,0,0.018151460949425463,19.67916275322782,18.0515676950722,3.338178478088307,-99.97242
decred,dcr,Decred,19.6,340358616,130,657045.0,20.12,19.5,-0.3227515193201391,-1.61996,-1.4739802507981454,-6.823913909515697,17389627.57643156,17390637.29682735,247.35,-92.095,0.43154,2026-04-27T09:09:43.286Z,0.620000000000001,3.1794871794871846,2026-04-27 09:10:13,0,47,Neutral,37.3,14,Medium,Mid,Bearish,0,3.0252910757955354,19.645510375592682,13.395509310236497,-4.221936954757848,-92.095
curve-dao-token,crv,Curve DAO,0.225336,339483708,131,36921493.0,0.235364,0.224184,-0.001323090741308736,-0.58374,-1.1865678501142352,6.940536913968247,1506883406.0,2374971043.156615,15.37,-98.53856,0.180354,2026-04-27T09:09:41.693Z,0.011179999999999995,4.986974984833885,2026-04-27 09:10:13,0,47,Neutral,37.3,14,Medium,Mid,Neutral,0,0.2032150921015265,19.642936518539237,17.42430443265236,3.1783984569841235,-98.53856
hastra-prime,prime,PRIME,1.033,331676843,132,2200882.0,1.04,1.032,0.00121028,0.11728,0.3020365664083687,0.2069944014582267,321042745.862546,321042745.862546,1.5,-31.11524,0.956408,2026-04-27T09:09:56.719Z,0.008000000000000007,0.7751937984496131,2026-04-27 09:10:13,0,47,Neutral,37.3,14,Low,Mid,Neutral,0,0.7095125346462096,19.619671691411106,14.60436920144007,0.16213720072911336,-31.11524
terra-luna,lunc,Terra Luna Classic,6.013e-05,329683386,133,93074690.0,6.479e-05,5.14e-05,8.59e-06,16.6621,44.0359327608057,64.17312831828195,5505869603482.732,6463310094947.614,119.18,-99.99995,9.99967e-07,2026-04-27T09:09:51.597Z,1.3389999999999992e-05,26.050583657587534,2026-04-27 09:10:13,0,47,Neutral,37.3,14,Extreme,Mid,Bullish,0,6.012819226401575e-05,19.613643318540703,18.34891285781424,40.417614159140975,-99.99995
gnosis,gno,Gnosis,124.52,328545044,134,2723688.0,127.48,123.77,0.484423,0.39054,3.074018714403749,4.738751242470573,2639589.0,3000000.0,644.2,-80.6994,6.88,2026-04-27T09:09:45.067Z,3.710000000000008,2.9974953542861824,2026-04-27 09:10:13,0,47,Neutral,37.3,14,Medium,Mid,Neutral,0,4.832465108424777,19.610184509776072,14.817497769395873,2.5646456212352864,-80.6994
lido-dao,ldo,Lido DAO,0.385064,326711810,135,313704536.0,0.467452,0.379675,0.00502976,1.3235,6.326318776310472,27.40774048240745,849190157.5567812,1000000000.0,7.3,-94.74455,0.271383,2026-04-27T09:09:42.019Z,0.087777,23.118983341015344,2026-04-27 09:10:13,0,47,Neutral,37.3,14,Extreme,Mid,Bullish,0,0.3257463479579626,19.60458902835124,19.563962135918928,14.365620241203725,-94.74455
apenft,nft,AINFT,3.22268e-07,319104254,136,12795729.0,3.24882e-07,3.19504e-07,-1.184363673e-09,-0.36616,-4.027889005846272,-1.4323861063001193,990105592982874.8,990105592982874.8,7.53e-06,-95.71641,2.98737e-07,2026-04-27T09:09:42.394Z,5.37800000000001e-09,1.6832340127197187,2026-04-27 09:10:13,0,47,Neutral,37.3,14,Low,Mid,Bearish,0,3.222679480716792e-07,19.581028425537507,16.364622079485073,-0.8992730531500597,-95.71641
celestia,tia,Celestia,0.348864,317399196,137,25851289.0,0.363189,0.346529,-0.007796155053381937,-2.18588,-9.24246778944841,16.75216681481643,909893536.194921,1166915825.072535,20.85,-98.33227,0.279665,2026-04-27T09:09:43.401Z,0.016660000000000008,4.807678433839595,2026-04-27 09:10:13,0,47,Neutral,37.3,14,Medium,Mid,Bullish,0,0.29926275672457414,19.575670836122697,17.067871060961785,7.283143407408215,-98.33227
bittorrent,btt,BitTorrent,3.20959e-07,316798714,138,6737839.0,3.24315e-07,3.20064e-07,-2.648966446e-09,-0.81857,-1.3677201625604456,1.7238715043666215,987037885840674.8,990000000000000.0,3.43e-06,-90.64838,3.04531e-07,2026-04-27T09:09:43.732Z,4.250999999999976e-09,1.328171865626867,2026-04-27 09:10:13,0,47,Neutral,37.3,14,Low,Mid,Neutral,0,3.209589484926712e-07,19.57377716170945,15.723249956748026,0.45265075218331075,-90.64838
olympus,ohm,Olympus,20.12,314976087,139,408094.0,20.72,19.83,-0.4285425847777269,-2.08517,28.496423263587577,30.253324709755464,15645551.38895166,19862624.49145634,1415.26,-98.57024,7.54,2026-04-27T09:09:42.026Z,0.8900000000000006,4.488149268784673,2026-04-27 09:10:13,0,47,Neutral,37.3,14,Medium,Mid,Bullish,0,3.050220458838061,19.568007282797403,12.919255269419798,14.084077354877731,-98.57024
bitcoin-cash-sv,bsv,Bitcoin SV,15.68,313642293,140,9150314.0,16.15,15.61,-0.2370806118283948,-1.48956,1.032167921846125,14.588973079120315,20020581.25,20020612.5,489.75,-96.80548,11.56,2026-04-27T09:09:58.846Z,0.5399999999999991,3.4593209481101805,2026-04-27 09:10:13,0,47,Neutral,37.3,14,Medium,Mid,Bullish,0,2.8142103969306005,19.563763703418346,16.029298862888645,6.549706539560157,-96.80548
mantra-dao,om,MANTRA [Old],0.062567,310913943,141,8119.21,0.066906,0.062407,-0.004276748980328121,-6.39809,-6.463360924586381,425.4467296484797,4969826547.442136,7144878671.167562,8.99,-99.30377,0.01094275,2026-04-27T09:09:58.757Z,0.004498999999999996,7.209127181245687,2026-04-27 09:10:13,0,47,Neutral,37.3,14,High,Mid,Bullish,0,0.060687678651840216,19.555026724457456,9.002111294890272,209.52431982423983,-99.30377
floki,floki,FLOKI,3.217e-05,310505611,142,29383159.0,3.376e-05,3.197e-05,-4.27835837163e-07,-1.31263,2.5262311725221527,15.773197664985322,9653267090834.0,10000000000000.0,0.00034495,-90.69144,8.428e-08,2026-04-27T09:09:42.597Z,1.7900000000000015e-06,5.598999061620273,2026-04-27 09:10:13,0,47,Neutral,37.3,14,High,Mid,Bullish,0,3.216948255664741e-05,19.553712533248547,17.19593227908691,7.230283832492661,-90.69144
conflux-token,cfx,Conflux,0.059617,309339183,143,18638753.0,0.062228,0.059291,-0.002013369023311395,-3.26686,1.8580128157591764,5.0064774404780445,5189835932.13,5204320127.8,1.7,-96.49705,0.02199898,2026-04-27T09:09:57.473Z,0.002936999999999995,4.953534263210259,2026-04-27 09:10:13,0,47,Neutral,37.3,14,Medium,Mid,Neutral,0,0.05790752207718684,19.549948915696604,16.740753519493897,0.8698087202390223,-96.49705
doublezero,2z,DoubleZero,0.087174,302244324,144,10650920.0,0.092675,0.086506,-0.002117305530642974,-2.37123,3.4886868142176577,25.142315180388614,3469895584.9,9998478084.9,0.893679,-90.29861,0.065927,2026-04-27T09:09:48.532Z,0.006168999999999994,7.131297251057724,2026-04-27 09:10:13,0,47,Neutral,37.3,14,High,Mid,Bullish,0,0.08358166892571732,19.5267462714351,16.181156925253866,11.385542590194307,-90.29861
crvusd,crvusd,crvUSD,0.999634,294725479,145,18542622.0,1.0,0.998836,-0.000117942425822859,-0.0118,0.0055223262197901446,0.17492137065756033,294794743.529722,294794743.529722,1.11,-9.56341,0.949016,2026-04-27T09:09:56.795Z,0.0011640000000000539,0.11653564749368804,2026-04-27 09:10:13,0,47,Neutral,37.3,14,Low,Mid,Neutral,0,0.6929641638134023,19.501554904778004,16.735582585980584,0.08156068532878016,-9.56341
jasmycoin,jasmy,JasmyCoin,0.00594538,293941902,146,12366477.0,0.00597724,0.00582982,7.765e-05,1.32329,4.789880462946016,12.035114560752156,49444999677.59027,50000000000.0,4.79,-99.8761,0.00275026,2026-04-27T09:09:57.003Z,0.00014741999999999967,2.5287230137465593,2026-04-27 09:10:13,0,47,Neutral,37.3,14,Medium,Mid,Bullish,0,0.005927775968969711,19.498892696932216,16.33049998272849,6.679202280376078,-99.8761
ape-and-pepe,apepe,Ape and Pepe,1.37e-06,287265941,147,46683807.0,1.38e-06,1.34e-06,2.579e-08,1.91909,7.052135320395796,15.984632913233476,210000000000000.0,210000000000000.0,6.89e-06,-80.1435,6.54916e-07,2026-04-27T09:09:43.928Z,3.999999999999983e-08,2.985074626865659,2026-04-27 09:10:13,0,47,Neutral,37.3,14,Medium,Mid,Bullish,0,1.369999061550857e-06,19.475918971847662,17.658907938747806,8.951861456616738,-80.1435
syrup,syrup,Maple Finance,0.24723,286471104,148,14618657.0,0.258241,0.244744,-0.007727963449330494,-3.03108,8.336816436532402,20.77830795797922,1159459590.7885313,1244677492.511099,0.653229,-62.34233,0.085229,2026-04-27T09:09:54.515Z,0.013497000000000009,5.514741934429448,2026-04-27 09:10:13,0,47,Neutral,37.3,14,High,Mid,Bullish,0,0.2209250923528325,19.473148233884505,16.497809216007095,8.87361397898961,-62.34233
kinesis-silver,kag,Kinesis Silver,75.3,284401766,149,108612.0,76.46,72.47,0.600448,0.80386,-5.068182315574983,5.836433378627719,3777096.9336,3777096.9336,130.0,-42.09975,4.36,2026-04-27T09:09:42.874Z,3.989999999999995,5.505726507520346,2026-04-27 09:10:13,0,47,Neutral,37.3,14,High,Mid,Neutral,0,4.334672938290411,19.465898468954226,11.59554638465856,3.3201466893138596,-42.09975
usdai,usdai,USDai,0.999676,283466080,150,183304.0,0.999956,0.999588,-0.000101934758843569,-0.0102,3.7537020483723255e-05,0.002300911230863444,283557695.7168639,283557695.7168639,1.19,-15.83618,0.769779,2026-04-27T09:09:44.979Z,0.00036799999999992394,0.036815167849146235,2026-04-27 09:10:13,0,47,Neutral,37.3,14,Low,Mid,Neutral,0,0.6929851674365279,19.462603030235222,12.11890671114262,-0.003949544384568278,-15.83618
pyth-network,pyth,Pyth Network,0.04906705,282335208,151,12322731.0,0.050885,0.04846193,-0.000967825797959197,-1.9343,10.341877185819556,30.676020742282773,5749982167.169308,10000000000.0,1.2,-95.91372,0.03679605,2026-04-27T09:09:57.878Z,0.0024230699999999994,4.999945317902113,2026-04-27 09:10:13,0,47,Neutral,37.3,14,Medium,Mid,Bullish,0,0.047901245388649906,19.458605607373613,16.326956244732784,14.370860371141386,-95.91372
kaia,kaia,Kaia,0.04760429,279018544,152,4974892.0,0.04878167,0.0474294,-0.001171423247446374,-2.40165,-0.5285515699972759,1.3551385611312883,5856641747.106198,5856641936.044253,0.406698,-88.31319,0.04460749,2026-04-27T09:09:44.070Z,0.0013522700000000026,2.851121877991294,2026-04-27 09:10:13,0,47,Neutral,37.3,14,Medium,Mid,Neutral,0,0.04650592871749088,19.44678880711069,15.419914420805851,-0.5232557194343559,-88.31319
frax,frax,Legacy Frax Dollar,0.992441,273848124,153,846099.0,0.996358,0.990732,-0.000824906733229436,-0.08305,-0.1330070987963119,-0.0262119932501157,275935184.0102677,275935184.0102677,1.14,-12.98118,0.874536,2026-04-27T09:09:41.934Z,0.00562600000000002,0.5678629538563426,2026-04-27 09:10:13,0,47,Neutral,37.3,14,Low,Mid,Bearish,1,0.6893605202024123,19.428084222356617,13.648392834912592,-0.05463099662505785,-12.98118
kite-2,kite,Kite,0.151722,273099415,154,41000941.0,0.158522,0.142103,0.00648636,4.46609,9.799465046507542,-13.928028239111995,1800000000.0,10000000000.0,0.319747,-52.7488,0.061819,2026-04-27T09:09:46.131Z,0.01641899999999999,11.554295123959374,2026-04-27 09:10:13,0,47,Neutral,37.3,14,Extreme,Mid,Bearish,0,0.14125821370703265,19.42534644803081,17.529105600014404,-4.730969119555997,-52.7488
the-graph,grt,The Graph,0.02465053,266216661,155,11919269.0,0.02539271,0.02450733,-0.00032913079573222,-1.3176,0.22968854433407776,3.250024111976358,10799787132.78459,10800262816.04821,2.84,-99.13493,0.02316875,2026-04-27T09:09:50.452Z,0.0008853799999999981,3.612715053006582,2026-04-27 09:10:13,0,47,Neutral,37.3,14,Medium,Mid,Neutral,0,0.024351608113489794,19.399821054002548,16.293666976115396,0.966212055988179,-99.13493
optimism,op,Optimism,0.122416,263347300,156,48271840.0,0.128909,0.121852,-0.003421328863207285,-2.71884,0.3556695217387313,17.399371046771932,2150100019.0,4294967296.0,4.84,-97.47485,0.100074,2026-04-27T09:09:42.692Z,0.007056999999999994,5.791451925286408,2026-04-27 09:10:13,0,47,Neutral,37.3,14,High,Mid,Bullish,0,0.11548350487200841,19.38898425512272,17.69235894654062,7.340265523385966,-97.47485
official-fo,fo,Official FO,0.263408,262983013,157,153905.0,0.264779,0.262154,0.00032757,0.12451,-0.14234658814418266,0.1972023462173111,997490221.15,997490221.15,0.830025,-68.25599,0.261833,2026-04-27T09:09:52.422Z,0.0026249999999999885,1.0013198349061958,2026-04-27 09:10:13,0,47,Neutral,37.3,14,Low,Mid,Neutral,0,0.23381283158209223,19.38760000250497,11.944097305421797,0.16085617310865555,-68.25599
chain-2,xcn,Onyxcoin,0.00695004,262918000,158,96911468.0,0.00831372,0.00470122,0.00224627,47.75471,49.146397975236134,35.312595206680506,37829726993.86367,53402432357.48609,0.184139,-96.26059,0.0007055,2026-04-27T09:09:42.444Z,0.0036125000000000003,76.841755969727,2026-04-27 09:10:13,0,47,Neutral,37.3,14,Extreme,Mid,Bullish,0,0.006925999794651147,19.387352758257567,18.389308428990233,41.53365260334026,-96.26059
iota,iota,IOTA,0.056929,250813089,159,5056165.0,0.058378,0.0568,-0.001006786684448271,-1.73776,-1.0147433412208764,2.2144130860947566,4403664060.0,4872972693.0,5.25,-98.91555,0.05222,2026-04-27T09:09:48.707Z,0.001577999999999996,2.7781690140845,2026-04-27 09:10:13,0,47,Neutral,37.3,14,Medium,Mid,Neutral,0,0.05536753339265518,19.34021855834349,15.436119046548344,0.23832654304737833,-98.91555
lido-earn-eth,earneth,Lido Earn ETH,2332.35,249165667,160,1094.33,2411.62,2324.38,-11.090437163229126,-0.47325,113.13013355736841,,106830.4162400657,106830.4162400657,2411.62,-3.32315,1093.28,2026-04-27T09:05:22.020Z,87.23999999999978,3.75325893356507,2026-04-27 09:10:13,0,47,Neutral,37.3,14,Medium,Mid,Unknown,0,7.755060282200973,19.33362856652622,6.998810966710839,-0.236625,-3.32315
plasma,xpl,Plasma,0.099111,248882429,161,82170882.0,0.105609,0.098347,-0.002126177803775553,-2.10019,-5.913646527188682,10.209680784358298,2505729166.6667,10083506944.4444,1.68,-94.09981,0.073026,2026-04-27T09:09:45.525Z,0.007261999999999991,7.384058486786572,2026-04-27 09:10:13,0,47,Neutral,37.3,14,High,Mid,Bullish,0,0.09450167123115394,19.332491174247554,18.224311575863993,4.054745392179149,-94.09981
ethgas-2,gwei,ETHGas,0.116185,244054810,162,25204417.0,0.13672,0.096999,0.01863307,19.1007,6.620128661437182,195.1899508940699,2100000000.0,10000000000.0,0.13672,-14.95202,0.01667836,2026-04-27T09:09:46.297Z,0.039721000000000006,40.94990670006908,2026-04-27 09:10:13,0,47,Neutral,37.3,14,Extreme,Mid,Bullish,0,0.109916620830009,19.31290339327666,17.04252985457566,107.14532544703495,-14.95202
humanity,h,Humanity,0.132408,243146212,163,21823389.0,0.156741,0.133148,-0.017320307474190638,-11.56784,27.829787079328938,60.9799658015225,1825000000.0,10000000000.0,0.388387,-65.71785,0.01810273,2026-04-27T09:09:53.435Z,0.023593000000000003,17.71937993811398,2026-04-27 09:10:13,0,47,Neutral,37.3,14,Extreme,Mid,Bullish,0,0.12434633887212247,19.309173519944682,16.898492888354927,24.706062900761253,-65.71785
reallink,real,RealLink,0.07529,241854351,164,6164729.0,0.077152,0.074854,-7.3734245823825e-05,-0.09784,6.62352074111556,34.94143531824622,3212323975.0,3212323975.0,0.99069,-92.40551,0.00023002,2026-04-27T09:09:42.281Z,0.0022979999999999945,3.0699762203756573,2026-04-27 09:10:13,0,47,Neutral,37.3,14,Medium,Mid,Bullish,0,0.07259039264079296,19.303846251696132,15.634354898001087,17.42179765912311,-92.40551
ethereum-name-service,ens,Ethereum Name Service,6.08,233597979,165,16026846.0,6.33,6.03,-0.15866024606073204,-2.54303,3.997722716124347,7.224249894233583,38418437.09007842,100000000.0,83.4,-92.72563,5.01,2026-04-27T09:09:42.510Z,0.2999999999999998,4.97512437810945,2026-04-27 09:10:13,0,47,Neutral,37.3,14,Medium,Mid,Neutral,0,1.9572739077056285,19.269112161620683,16.589775811539678,2.3406099471167914,-92.72563
axie-infinity,axs,Axie Infinity,1.36,231791754,166,83063858.0,1.47,1.36,-0.03620185892901584,-2.5853,24.30900607729444,17.620126228043326,169992162.8065672,270000000.0,164.9,-99.17135,0.123718,2026-04-27T09:09:46.537Z,0.10999999999999988,8.088235294117638,2026-04-27 09:10:13,0,47,Neutral,37.3,14,High,Mid,Bullish,0,0.8586616190375187,19.26134991878089,18.23512025547771,7.517413114021663,-99.17135
starknet,strk,Starknet,0.03878953,227364166,167,15689653.0,0.04074424,0.0386212,-0.001760344854421642,-4.34118,12.559682858203065,14.074086965441527,5855480564.348971,10000000000.0,4.41,-99.12127,0.03211754,2026-04-27T09:09:42.893Z,0.0021230399999999996,5.497084502811926,2026-04-27 09:10:13,0,47,Neutral,37.3,14,High,Mid,Bullish,0,0.038056121818428226,19.242063549907254,16.56851207220347,4.866453482720764,-99.12127
pendle,pendle,Pendle,1.33,222669072,168,29100358.0,1.37,1.29,0.03942447,3.05888,4.399897898106229,14.019176954528307,167550150.6369821,281527448.4585314,7.5,-82.35314,0.03377729,2026-04-27T09:09:42.338Z,0.08000000000000007,6.201550387596905,2026-04-27 09:10:13,0,47,Neutral,37.3,14,High,Mid,Bullish,0,0.8458682675776092,19.221197249660644,17.186261068835382,8.539028477264154,-82.35314
lighter,lit,Lighter,0.874581,218532091,169,20021623.0,0.932793,0.869368,-0.05440400742497398,-5.85629,-2.443685054553673,2.056181491425791,250000000.0,1000000000.0,7.86,-88.88837,0.780945,2026-04-27T09:09:46.305Z,0.06342499999999995,7.295529626119198,2026-04-27 09:10:13,0,47,Neutral,37.3,14,High,Mid,Neutral,0,0.6283851677833115,19.202443435856846,16.81232344744251,-1.9000542542871046,-88.88837
undeads-games,uds,Undeads Games,1.75,217753136,170,238445.0,1.76,1.74,0.00304703,0.1746,3.387293771414749,-0.596847749686359,124568848.125,250000000.0,3.15,-44.54316,0.040673,2026-04-27T09:09:43.506Z,0.020000000000000018,1.1494252873563229,2026-04-27 09:10:13,0,47,Neutral,37.3,14,Low,Mid,Bearish,0,1.0116009116784799,19.198872580022506,12.381898148580426,-0.21112387484317952,-44.54316
usda-2,usda,USDa,0.984361,217235955,171,0.0,,,,,0.0,0.08747150674093275,220687350.2163539,220687350.2163539,1.021,-3.63339,0.737813,2026-04-09T12:08:03.616Z,,,2026-04-27 09:10:13,0,47,Neutral,37.3,14,Unknown,Mid,Neutral,0,0.6852969479559218,19.19649467560136,0.0,0.043735753370466375,-3.63339
agora-dollar,ausd,AUSD,0.999852,216413954,172,42848576.0,1.0,0.999714,-2.5183850454358e-05,-0.00252,0.0012946392533330659,-0.006854167429112861,216456853.0,216456853.0,1.022,-2.12933,0.950515,2026-04-27T09:09:54.125Z,0.00028600000000000847,0.028608181940035695,2026-04-27 09:10:13,0,47,Neutral,37.3,14,Low,Mid,Bearish,0,0.6930731778218102,19.1927035899184,17.573182993588492,-0.00468708371455643,-2.12933
ravedao,rave,RaveDAO,0.862506,215175512,173,47572796.0,0.950518,0.85081,-0.02525127778835745,-2.84439,54.10207977689077,185.88337066510505,248044444.0,1000000000.0,27.88,-96.88312,0.206266,2026-04-27T09:09:46.095Z,0.09970800000000002,11.71918524699992,2026-04-27 09:10:13,0,47,Neutral,37.3,14,Extreme,Mid,Bullish,0,0.6219228927428987,19.18696459260293,17.677771664241444,91.51949033255252,-96.88312
apxusd,apxusd,apxUSD,0.999891,211814705,174,15848974.0,1.0,0.999683,-2.2427008191217e-05,-0.00224,0.02203246800768449,0.02101171604410214,211839279.0350161,211839279.0350161,1.11,-10.19321,0.871771,2026-04-27T09:09:48.532Z,0.0003170000000000117,0.03171005208651259,2026-04-27 09:10:13,0,47,Neutral,37.3,14,Low,Mid,Neutral,0,0.6930926790747663,19.171222422148954,16.578615387426733,0.00938585802205107,-10.19321
theta-token,theta,Theta Network,0.211064,211081992,175,10547630.0,0.218817,0.208114,-0.007752804445978756,-3.54306,-2.1192273123069847,36.66429696114208,1000000000.0,1000000000.0,15.72,-98.65882,0.04039979,2026-04-27T09:09:55.241Z,0.010703000000000018,5.142854397109285,2026-04-27 09:10:13,0,47,Neutral,37.3,14,High,Mid,Bullish,0,0.19149931205972087,19.167757208374923,16.171411842908245,16.56061848057104,-98.65882
compound-governance-token,comp,Compound,21.66,209427179,177,27936560.0,23.48,21.66,-1.1502409903386344,-5.04196,-11.621032873829652,15.450601205265285,9668189.278360886,10000000.0,854.45,-97.46564,15.21,2026-04-27T09:09:42.247Z,1.8200000000000003,8.402585410895663,2026-04-27 09:10:13,0,47,Neutral,37.3,14,High,Mid,Bullish,0,3.12060125559986,19.159886647404427,17.14544681903495,5.204320602632642,-97.46564
grass,grass,Grass,0.369283,208863888,176,18231775.0,0.382283,0.3554,0.01160293,3.24394,14.206456974547487,23.763741509873398,564673734.0,1000000000.0,3.89,-90.46761,0.166785,2026-04-27T09:09:59.130Z,0.02688299999999999,7.564153066966796,2026-04-27 09:10:13,0,47,Neutral,37.3,14,High,Mid,Bullish,0,0.3142872451763757,19.15719334897064,16.71867656374179,13.503840754936698,-90.46761
the-sandbox,sand,The Sandbox,0.078,208019754,178,38328206.0,0.082665,0.077672,-0.002183612293974554,-2.72327,-0.47095840907850517,5.552135329113011,2667289212.2233224,3000000000.0,8.4,-99.07273,0.02897764,2026-04-27T09:09:41.685Z,0.0049929999999999974,6.428313935523737,2026-04-27 09:10:13,0,47,Neutral,37.3,14,High,Mid,Neutral,0,0.07510747248680541,19.1531436091172,17.46169665828192,1.4144326645565057,-99.07273
neo,neo,NEO,2.88,203074870,179,7380785.0,2.94,2.87,-0.009608223302621344,-0.33284,1.3047006071527871,9.49309632900155,70530000.0,100000000.0,198.38,-98.54751,0.078349,2026-04-27T09:09:44.149Z,0.06999999999999984,2.4390243902438966,2026-04-27 09:10:13,0,47,Neutral,37.3,14,Medium,Mid,Neutral,0,1.355835153635182,19.129085291667803,15.814390694970541,4.580128164500776,-98.54751
tradable-na-rent-financing-platform-sstn,pc0000031,Tradable NA Rent Financing Platform SSTN,1.0,202500000,180,0.0,1.0,1.0,0.0,0.0,0.0,0.0,202500000.0,202500000.0,189500000.0,-100.0,1.0,2026-04-27T09:05:12.177Z,0.0,0.0,2026-04-27 09:10:13,0,47,Neutral,37.3,14,Low,Mid,Bearish,0,0.6931471805599453,19.126250449449138,0.0,0.0,-100.0
fartcoin,fartcoin,Fartcoin,0.201718,201585850,181,25772140.0,0.213473,0.199426,0.00196837,0.98542,2.7226593017548484,19.65290677643765,999978668.625907,999978668.625907,2.48,-91.88523,0.02002855,2026-04-27T09:09:44.547Z,0.014047000000000004,7.043715463379903,2026-04-27 09:10:13,0,47,Neutral,37.3,14,High,Mid,Bullish,0,0.1837521996029978,19.121725908166763,17.06480466027956,10.319163388218826,-91.88523
telcoin,tel,Telcoin,0.00209734,199451212,182,792608.0,0.00216434,0.00208288,5.35e-06,0.25554,4.52090397233663,-1.302262494555835,95077236366.71,100000000000.0,0.064483,-96.74604,6.474e-05,2026-04-27T09:09:51.894Z,8.145999999999978e-05,3.910931018589634,2026-04-27 09:10:13,0,47,Neutral,37.3,14,Medium,Mid,Bearish,0,0.0020951436529171178,19.11108021802194,13.583085314708068,-0.5233612472779174,-96.74604
genius-3,genius,Genius,0.58761,197167365,183,10755682.0,0.595674,0.562071,0.01838805,3.23038,-5.081420745444372,,335377059.0,953973324.2985383,0.937796,-37.36635,0.194768,2026-04-27T09:09:46.343Z,0.03360300000000005,5.978426213058501,2026-04-27 09:10:13,0,47,Neutral,37.3,14,High,Mid,Unknown,0,0.4622297407227584,19.09956349962294,16.19094482401394,1.61519,-37.36635
raydium,ray,Raydium,0.710824,191151589,184,69862775.0,0.821171,0.704912,-0.05711269552415699,-7.43716,10.177836818426819,25.343545818058505,268967970.467351,555000000.0,16.83,-95.78953,0.134391,2026-04-27T09:09:41.990Z,0.116259,16.492696960755385,2026-04-27 09:10:13,0,47,Neutral,37.3,14,Extreme,Mid,Bullish,0,0.5369751257968844,19.068577336146912,18.06204353316957,8.953192909029251,-95.78953
vision-3,vsn,Vision,0.051523,190029593,185,1001082.0,0.052107,0.050907,-0.000281541337896554,-0.54347,-4.804118786713924,0.6879872077300712,3691037083.124619,4200000000.0,0.223874,-76.98866,0.04699095,2026-04-27T09:09:53.960Z,0.0011999999999999997,2.3572396723436846,2026-04-27 09:10:13,0,47,Neutral,37.3,14,Medium,Mid,Neutral,0,0.05023958943542318,19.062690375890497,13.816592971942843,0.07225860386503558,-76.98866
swissborg,borg,SwissBorg,0.19147,187958631,186,184591.0,0.196334,0.186027,0.00330582,1.75688,2.767867562891657,2.2883822152751017,981852443.4419999,981852443.4419999,1.64,-88.33743,0.00502687,2026-04-27T09:09:53.265Z,0.01030700000000001,5.540593569750634,2026-04-27 09:10:13,0,47,Neutral,37.3,14,High,Mid,Neutral,0,0.17518783889305797,19.051732454028116,12.125903263167071,2.022631107637551,-88.33743
story-2,ip,Story,0.519768,183797372,187,35005661.0,0.554086,0.518392,-0.014750642139710335,-2.75961,2.9416951858827747,-6.084335091668726,353499204.14,1027023293.66,14.78,-96.48433,0.472421,2026-04-27T09:09:44.934Z,0.035694000000000004,6.8855229247364935,2026-04-27 09:10:13,0,47,Neutral,37.3,14,High,Mid,Bearish,0,0.41855769162985285,19.029344475074254,17.371020377798672,-4.421972545834363,-96.48433
helium,hnt,Helium,0.9912,182257203,188,3479333.0,1.047,0.98843,-0.03413640598942569,-3.32929,-5.6965744357952355,-14.513316275619145,183902444.9553964,183902444.9553964,54.88,-98.19452,0.113248,2026-04-27T09:09:44.152Z,0.0585699999999999,5.925558714324727,2026-04-27 09:10:13,0,47,Neutral,37.3,14,High,Mid,Bearish,0,0.6887374720712451,19.02092945619254,15.062351454124956,-8.921303137809572,-98.19452
trust-wallet-token,twt,Trust Wallet,0.436912,181980040,190,9586700.0,0.448982,0.432033,0.00414298,0.95732,9.312107397457929,1.7373599350288376,416649900.0,1000000000.0,2.72,-83.96407,0.00277641,2026-04-27T09:09:41.674Z,0.016948999999999992,3.923079949911232,2026-04-27 09:10:13,0,47,Neutral,37.3,14,Medium,Mid,Neutral,0,0.36249636653000383,19.019407574192275,16.075887383505602,1.3473399675144186,-83.96407
the9bit,9bit,The9bit,0.02218812,181902172,189,2806631.0,0.02235081,0.02193209,7.042e-05,0.31838,-11.70746212888266,-18.605742338553537,8199996204.623253,9999996204.623253,0.02773488,-20.02767,0.00589506,2026-04-27T09:09:52.371Z,0.00041871999999999743,1.9091659755180532,2026-04-27 09:10:13,0,47,Neutral,37.3,14,Low,Mid,Strong Bear,0,0.02194554529272384,19.01897958954124,14.847495745930177,-9.143681169276768,-20.02767
block-street,bsb,Block Street,0.845256,181202108,195,83615171.0,0.919675,0.597306,0.224445,36.15347,280.4827775166543,342.37870398503924,215200000.0,1000000000.0,0.919675,-9.69674,0.080443,2026-04-27T09:09:47.881Z,0.322369,53.970494185559836,2026-04-27 09:10:13,0,47,Neutral,37.3,14,Extreme,Mid,Bullish,0,0.6126180212546635,19.015123590578266,18.241735544842424,189.2660869925196,-9.69674
skyai,skyai,SkyAI,0.180226,180259543,191,12410264.0,0.190798,0.17918,-0.002213332535391549,-1.21319,9.622905844014415,187.089144541373,998384107.7887264,998384107.7887264,0.253014,-28.62751,0.01433298,2026-04-27T09:09:45.108Z,0.01161799999999999,6.483982587342331,2026-04-27 09:10:13,0,47,Neutral,37.3,14,High,Mid,Bullish,0,0.16570594556264975,19.009908281409984,16.33403451069978,92.9379772706865,-28.62751
btse-token,btse,BTSE Token,1.11,180012929,192,2788713.0,1.12,1.088,-0.006073006875879416,-0.54358,-11.024437727014426,-22.651216976196594,162061501.0,200000000.0,9.21,-87.93937,0.06191,2026-04-27T09:09:41.461Z,0.03200000000000003,2.9411764705882377,2026-04-27 09:10:13,0,47,Neutral,37.3,14,Medium,Mid,Strong Bear,0,0.7466879474879752,19.008539239607927,14.841091115636145,-11.597398488098296,-87.93937
decentraland,mana,Decentraland,0.092719,179382733,193,14084618.0,0.09579,0.092233,-0.002625486254742376,-2.75368,2.319501831581642,13.26611371462566,1935154686.5807714,2193179327.320146,5.85,-98.41898,0.00923681,2026-04-27T09:09:46.423Z,0.0035570000000000046,3.8565372480565574,2026-04-27 09:10:13,0,47,Neutral,37.3,14,Medium,Mid,Bullish,0,0.08866908556455876,19.00503225992498,16.460593908873502,5.256216857312831,-98.41898
thorchain,rune,THORChain,0.510817,179263120,194,29595395.0,0.530144,0.482167,0.02375802,4.87786,22.19289822684609,28.868411823531954,350849904.0,424527066.0,20.87,-97.55507,0.00851264,2026-04-27T09:09:45.215Z,0.047976999999999936,9.950286933780191,2026-04-27 09:10:13,0,47,Neutral,37.3,14,High,Mid,Bullish,0,0.4126505641095113,19.004365234207174,17.203129366656064,16.873135911765978,-97.55507
safepal,sfp,SafePal,0.357313,178577942,196,7190492.0,0.362894,0.33019,0.02712306,8.21438,17.293796005560242,26.31127119505615,500000000.0,500000000.0,4.19,-91.4913,0.232742,2026-04-27T09:09:50.202Z,0.03270400000000001,9.904600381598478,2026-04-27 09:10:13,0,47,Neutral,37.3,14,High,Mid,Bullish,0,0.3055070101142707,19.0005357193399,15.788270294801388,17.262825597528074,-91.4913
dogwifcoin,wif,dogwifhat,0.177454,177352638,197,47426369.0,0.182577,0.175948,-0.001845115074665338,-1.02907,-10.745258879755001,2.0830180697112297,998926392.0,998926392.0,4.83,-96.32898,0.00155464,2026-04-27T09:09:43.465Z,0.006628999999999996,3.7675904244435836,2026-04-27 09:10:13,0,47,Neutral,37.3,14,Medium,Mid,Neutral,0,0.1633544803279371,18.993650619253632,17.674688961085558,0.5269740348556149,-96.32898
spiko-us-t-bills-money-market-fund,ustbl,Spiko US T-Bills Money Market Fund,1.081,174398523,198,49.95,1.081,1.081,0.0,0.0,0.06699671494007743,0.2751280360754487,161274936.03085,161274936.03085,1.081,0.0,1.013,2026-04-27T08:55:08.492Z,0.0,0.0,2026-04-27 09:10:13,0,47,Neutral,37.3,14,Low,Mid,Neutral,0,0.7328485474114974,18.976853606100587,3.9308447596687337,0.13756401803772436,0.0
sonic-3,s,Sonic,0.04553898,172272179,199,13586871.0,0.04745435,0.04531372,-0.001806744013116014,-3.81607,7.76581928853133,12.608680372501269,3784775845.0,3885497663.0,1.029,-95.58414,0.03683683,2026-04-27T09:09:44.930Z,0.0021406299999999975,4.724021775303369,2026-04-27 09:10:13,0,47,Neutral,37.3,14,Medium,Mid,Bullish,0,0.04453252278790058,18.964586225896383,16.42461459039223,4.396305186250634,-95.58414
wefi,wfi,WeFi,2.06,171717927,200,1970085.0,2.1,2.04,-0.01959674592739269,-0.94077,2.030016308742736,-2.8968676647668596,83178424.41407333,1000000000.0,3.0,-31.12379,0.151329,2026-04-27T09:09:44.307Z,0.06000000000000005,2.9411764705882377,2026-04-27 09:10:13,0,47,Neutral,37.3,14,Medium,Mid,Bearish,0,1.1184149159642893,18.961363735093634,14.493587754583663,-1.9188188323834299,-31.12379
re-protocol-reusd,reusd,Re Protocol reUSD,1.074,169026120,202,526697.0,1.074,1.073,0.00030381,0.0283,0.09661378583332302,0.48470613127698947,157412161.8981171,157412161.8981171,1.078,-0.38784,0.873393,2026-04-27T09:09:48.099Z,0.001000000000000112,0.09319664492079328,2026-04-27 09:10:13,0,47,Neutral,37.3,14,Low,Mid,Neutral,0,0.7294791098073357,18.94556382307403,13.174382608236249,0.25650306563849473,-0.38784
pieverse,pieverse,Pieverse,0.733491,168529704,201,38954286.0,0.832921,0.728443,-0.010343152553379142,-1.39052,-23.288026774770064,41.840309134530344,230000000.0,1000000000.0,1.65,-55.42179,0.119363,2026-04-27T09:09:45.710Z,0.10447800000000007,14.342645889932374,2026-04-27 09:10:13,0,47,Neutral,37.3,14,Extreme,Mid,Bullish,0,0.5501372943209837,18.94262258302048,17.477899388409266,20.22489456726517,-55.42179
nusd-2,nusd,Neutrl USD,0.999743,168011477,203,614500.0,1.0,0.998913,0.00035795,0.03582,0.08871646228860389,0.09297346393522421,168055785.3914785,168055785.3914785,1.031,-3.05764,0.975411,2026-04-27T09:09:48.711Z,0.0010869999999999491,0.10881828547630766,2026-04-27 09:10:13,0,47,Neutral,37.3,14,Low,Mid,Neutral,0,0.693018672303113,18.939542856462303,13.328565835326202,0.0643967319676121,-3.05764
walrus-2,wal,Walrus,0.072184,165748555,204,6640643.0,0.076076,0.071866,-0.001885318644096162,-2.54535,-1.4014355605520084,1.9373456323792992,2296041667.0,5000000000.0,0.759179,-90.49124,0.065359,2026-04-27T09:09:47.275Z,0.004210000000000005,5.858124843458667,2026-04-27 09:10:13,0,47,Neutral,37.3,14,High,Mid,Neutral,0,0.06969768971088816,18.92598247507676,15.708719504701396,-0.3040021838103504,-90.49124
tradable-apac-diversified-finance-provider-sstn,pc0000033,Tradable APAC Diversified Finance Provider SSTN,1.0,162500000,205,0.0,1.0,1.0,0.0,0.0,0.0,0.0,162500000.0,162500000.0,1.0,0.0,1.0,2026-04-27T09:05:10.941Z,0.0,0.0,2026-04-27 09:10:13,0,47,Neutral,37.3,14,Low,Mid,Bearish,0,0.6931471805599453,18.906188565887913,0.0,0.0,0.0
mx-token,mx,MX,1.76,161840070,206,8077543.0,1.77,1.76,-0.003975456797834509,-0.22509,-0.5359409252731998,-1.2188204100258764,91837334.0,409024834.0,5.85,-69.90057,0.04218457,2026-04-27T09:09:46.495Z,0.010000000000000009,0.5681818181818187,2026-04-27 09:10:13,0,47,Neutral,37.3,14,Low,Mid,Bearish,0,1.0152306797290584,18.902119189528563,15.904598423895914,-0.7219552050129382,-69.90057
falcon-finance-ff,ff,Falcon Finance,0.068657,160701081,207,11943647.0,0.070295,0.06858,-0.000986374989525585,-1.41632,-6.5541734717855835,-2.6109255368090922,2340000000.0,10000000000.0,0.770814,-91.0892,0.062102,2026-04-27T09:09:45.718Z,0.0017149999999999943,2.5007290755322167,2026-04-27 09:10:13,0,47,Neutral,37.3,14,Medium,Mid,Bearish,0,0.06640271993872715,18.895056563728012,16.295710146902856,-2.013622768404546,-91.0892
ribbita-by-virtuals,tibbir,Ribbita by Virtuals,0.160647,160531098,208,1927156.0,0.172501,0.159903,-0.003876043261270057,-2.35593,14.45004109066588,45.80897775401549,999904783.797368,999904783.797368,0.440027,-63.48829,0.01032004,2026-04-27T09:09:58.660Z,0.012597999999999998,7.8785263566036905,2026-04-27 09:10:13,0,47,Neutral,37.3,14,High,Mid,Bullish,0,0.14897760824943787,18.893998245004546,14.471556417871156,21.726523877007743,-63.48829
gala,gala,GALA,0.00335454,159779419,209,26350947.0,0.00348965,0.00334018,-0.000102689473297465,-2.97028,5.59605363844172,15.114029376744586,47650097440.2956,47650097707.10457,0.824837,-99.59356,0.00013475,2026-04-27T09:09:51.750Z,0.00014947000000000007,4.474908537863231,2026-04-27 09:10:13,0,47,Neutral,37.3,14,Medium,Mid,Bullish,0,0.0033489260819326593,18.889304797020344,17.087014809534082,6.071874688372294,-99.59356
satoshi-stablecoin,satusd,Satoshi Stablecoin,0.992248,158403547,210,6152.01,1.014,0.986639,-0.003977021913609602,-0.39921,-0.38948871335124247,-0.18744393236069706,159196217.2153692,159196217.2153692,1.68,-40.70915,0.635574,2026-04-27T09:09:43.600Z,0.02736099999999997,2.7731520850077858,2026-04-27 09:10:13,0,47,Neutral,37.3,14,Medium,Mid,Bearish,0,0.6892636494051425,18.880656436083644,8.724696671962638,-0.29332696618034854,-40.70915
jito-governance-token,jto,Jito,0.340842,158061457,211,17469069.0,0.377151,0.339914,-0.03498597968466233,-9.30905,7.0721770616305175,13.646207201992757,463743251.3,1000000000.0,6.01,-94.33,0.218137,2026-04-27T09:09:55.332Z,0.03723700000000002,10.954829751054685,2026-04-27 09:10:13,0,47,Neutral,37.3,14,Extreme,Mid,Bullish,0,0.2932977748374159,18.878494490043746,16.675942446577626,2.168578600996379,-94.33
convex-finance,cvx,Convex Finance,1.75,157851490,212,5372012.0,1.8,1.74,-0.027909815525482218,-1.56867,-1.0990175929142187,6.236982217425292,90087786.50569656,99964538.88579726,60.09,-97.08337,1.36,2026-04-27T09:09:42.156Z,0.06000000000000005,3.448275862068969,2026-04-27 09:10:13,0,47,Neutral,37.3,14,Medium,Mid,Neutral,0,1.0116009116784799,18.877165218599938,15.49671325657766,2.334156108712646,-97.08337
circle-internet-group-ondo-tokenized-stock,crclon,Circle Internet Group (Ondo Tokenized Stock),99.35,155507487,213,1903459.0,101.85,98.85,-0.7285723635277463,-0.72803,-2.645745644561228,7.040004354100786,1569517.253798841,1569517.253798841,158.37,-37.44713,47.99,2026-04-27T09:09:55.524Z,3.0,3.0349013657056148,2026-04-27 09:10:13,0,47,Neutral,37.3,14,Medium,Mid,Neutral,0,4.608664075242347,18.862204442765016,14.45918384066217,3.1559871770503927,-37.44713
basic-attention-token,bat,Basic Attention,0.103353,154536571,214,7222346.0,0.105976,0.10215,-0.001786651862808963,-1.69931,4.246623787882754,9.535530275893038,1495724656.9526057,1500000000.0,1.9,-94.56756,0.072394,2026-04-27T09:09:45.655Z,0.003825999999999996,3.745472344591283,2026-04-27 09:10:13,0,47,Neutral,37.3,14,Medium,Mid,Neutral,0,0.09835372533541635,18.855941338264326,15.792690527297525,3.9181101379465186,-94.56756
newton-project,ab,AB,0.00154184,152328829,215,2984410.0,0.00155616,0.0015369,-1.1354335307576e-05,-0.73103,0.2043790546492291,-20.214489804088025,98823661261.46,98823661261.46,0.01727373,-91.08394,3.8e-06,2026-04-27T09:09:51.602Z,1.926000000000011e-05,1.2531719695490997,2026-04-27 09:10:13,0,47,Neutral,37.3,14,Low,Mid,Strong Bear,0,0.00154065258508638,18.841552097390156,14.908912965405701,-10.472759902044013,-91.08394
fidelity-digital-interest-token,fdit,Fidelity Digital Interest Token,1.0,151088926,217,0.0,1.0,1.0,0.0,0.0,0.0,0.0,151088925.68,151088925.68,1.0,0.0,1.0,2026-04-27T09:05:13.580Z,0.0,0.0,2026-04-27 09:10:13,0,47,Neutral,37.3,14,Low,Mid,Bearish,0,0.6931471805599453,18.83337914196336,0.0,0.0,0.0
stasis-eurs,eurs,STASIS EURO,1.22,150977248,218,16116.73,1.29,1.21,0.00245367,0.20214,-0.5749296371845991,-0.6402761128261123,124125940.0,124125940.0,1.79,-32.16788,0.632498,2026-04-27T09:09:44.425Z,0.08000000000000007,6.61157024793389,2026-04-27 09:10:13,0,47,Neutral,37.3,14,High,Mid,Bearish,0,0.7975071958841881,18.83263971455333,9.687675187286152,-0.21906805641305616,-32.16788
gamer-tag,gmrt,The Game Company,0.412908,150682948,219,730.93,0.41406,0.413073,-0.001152405660049594,-0.27832,105.34361142933307,105.34361142933307,364931378.39925027,1000000000.0,0.41406,-0.27832,0.00031261,2026-04-25T12:43:23.641Z,0.0009869999999999601,0.2389408167563506,2026-04-27 09:10:13,0,47,Neutral,37.3,14,Low,Mid,Bullish,0,0.3456499918869792,18.83068851187348,6.595684880973322,52.532645714666536,-0.27832
gusd,gusd,GUSD,1.001,149957115,220,6854312.0,1.003,0.99435,1.923e-05,0.00192,0.027748078363639652,0.22425467304006833,149790000.0,320000000.0,1.022,-2.03507,0.979237,2026-04-27T09:09:45.641Z,0.008649999999999936,0.8699150198622151,2026-04-27 09:10:13,0,47,Neutral,37.3,14,Low,Mid,Neutral,1,0.6936470556015963,18.825859917851908,15.74038864713793,0.11308733652003417,-2.03507
zksync,zk,ZKsync,0.01544446,149816576,221,9187930.0,0.01618804,0.01533604,-0.000416580199141052,-2.62644,-1.7247792164825682,-11.194781455933237,9703425807.0,21000000000.0,0.320983,-95.19736,0.01408359,2026-04-27T09:09:58.624Z,0.0008520000000000003,5.555541065359769,2026-04-27 09:10:13,0,47,Neutral,37.3,14,High,Mid,Bearish,0,0.015326408272807776,18.824922283806103,16.033401332967543,-6.910610727966619,-95.19736
chip-2,chip,USD.AI,0.07518,149207820,216,451689183.0,0.085991,0.067983,0.00589866,8.51413,,,2000000000.0,10000000000.0,0.138378,-45.22246,0.055791,2026-04-27T09:09:56.442Z,0.018007999999999996,26.48897518497271,2026-04-27 09:10:13,0,47,Neutral,37.3,14,Extreme,Mid,Unknown,0,0.07248808942326757,18.82085066393112,19.92850485524184,4.257065,-45.22246
zano,zano,Zano,9.69,147911646,222,1167326.0,9.94,9.65,-0.07180646643061905,-0.73547,-1.6632237610888265,-2.960629509775453,15258867.97,15259694.61,17.81,-45.57116,0.146452,2026-04-27T09:09:46.443Z,0.28999999999999915,3.00518134715025,2026-04-27 09:10:13,0,47,Neutral,37.3,14,Medium,Mid,Bearish,0,2.3693087250369538,18.81212567373531,13.970227077673947,-1.8480497548877264,-45.57116
usa,usat,USAT,0.999025,146607938,223,11379307.0,0.999703,0.9981,-6.4430374725699e-05,-0.00645,0.034756036372602245,-0.10218266490281519,146750888.5,146750888.5,1.002,-0.33681,0.99608,2026-04-27T09:09:46.378Z,0.001603000000000021,0.16060514978459284,2026-04-27 09:10:13,0,47,Neutral,37.3,14,Low,Mid,Bearish,0,0.6926595616931871,18.803272500111525,16.2473071763777,-0.054316332451407594,-0.33681
onyc,onyc,Onchain Yield Coin,1.097,144864548,224,415452.0,1.097,1.096,0.00038094,0.03475,0.23474450278087505,0.762058078917382,132098713.1263687,132098713.1263687,1.097,-0.03228,1.005,2026-04-27T09:09:56.340Z,0.0009999999999998899,0.09124087591239871,2026-04-27 09:10:13,0,47,Neutral,37.3,14,Low,Mid,Neutral,0,0.7405077519197829,18.791309718972073,12.937124770152625,0.39840403945869096,-0.03228
vaulta,a,Vaulta,0.088084,144287768,225,16238511.0,0.093057,0.087563,-0.001280922088275321,-1.43336,9.60816749788425,15.774620906597118,1637681794.4585,2100000000.0,0.778734,-88.70566,0.07098,2026-04-27T09:09:45.247Z,0.005493999999999999,6.274339618331942,2026-04-27 09:10:13,0,47,Neutral,37.3,14,High,Mid,Bullish,0,0.08441835133588307,18.787320259236928,16.60289626288416,7.170630453298559,-88.70566
akash-network,akt,Akash Network,0.48732,142303103,228,4739095.0,0.494371,0.473171,0.00079368,0.16313,6.009265594204026,-2.4680601174483954,292078878.414427,292589927.432807,8.07,-94.0152,0.164994,2026-04-27T09:09:42.087Z,0.021199999999999997,4.480409830695456,2026-04-27 09:10:13,0,47,Neutral,37.3,14,Medium,Mid,Bearish,0,0.3969758427121789,18.773469875893156,15.371356958182824,-1.1524650587241978,-94.0152
apecoin,ape,ApeCoin,0.142259,142259392,226,84780523.0,0.157512,0.141612,-0.014699515570765403,-9.3652,39.21387179457664,64.53543320391424,1000000000.0,1000000000.0,26.7,-99.46802,0.08172,2026-04-27T09:09:42.677Z,0.015900000000000025,11.227862045589376,2026-04-27 09:10:13,0,47,Neutral,37.3,14,Extreme,Mid,Bullish,0,0.13300788061602067,18.773162660425168,18.25557640457266,27.585116601957118,-99.46802
immutable-x,imx,Immutable,0.168601,142037180,227,10247406.0,0.17884,0.167793,-0.008179399182794395,-4.62687,6.234051567265205,15.754266859544316,842444578.3296283,2000000000.0,9.52,-98.23132,0.13053,2026-04-27T09:09:42.513Z,0.011047000000000001,6.583707306025878,2026-04-27 09:10:13,0,47,Neutral,37.3,14,High,Mid,Bullish,0,0.1558073068626324,18.77159941932011,16.142535255935208,5.563698429772158,-98.23132
ecash,xec,eCash,7.03e-06,140675375,229,3020863.0,7.18e-06,7.01e-06,-8.2986216769e-08,-1.16675,0.13207950091568402,5.491590929449247,20020385922580.0,20020385922580.0,0.00038001,-98.15021,6.52e-06,2026-04-27T09:09:51.376Z,1.7000000000000007e-07,2.425106990014266,2026-04-27 09:10:13,0,47,Neutral,37.3,14,Medium,Mid,Neutral,0,7.029975289665809e-06,18.761965496107482,14.921053441149567,2.1624204647246232,-98.15021
origintrail,trac,OriginTrail,0.308644,138440694,230,16382813.0,0.374206,0.286055,0.01521004,5.18346,7.053311872231262,7.427473004153071,447274118.0,500000000.0,3.5,-91.12841,0.00385262,2026-04-27T09:09:42.503Z,0.08815099999999998,30.816101798605157,2026-04-27 09:10:13,0,47,Neutral,37.3,14,Extreme,Mid,Neutral,0,0.26899148660824285,18.745952596944186,16.611743416505945,6.305466502076536,-91.12841
sentient,sent,Sentient,0.01888207,136699693,231,13206565.0,0.0192464,0.01864331,-2.302546326173e-05,-0.1218,15.643224454882922,15.880053720031121,7237882055.0,34359738368.0,0.04805315,-60.73574,0.01534282,2026-04-27T09:09:46.092Z,0.0006030900000000006,3.2348869379954555,2026-04-27 09:10:13,0,47,Neutral,37.3,14,Medium,Mid,Bullish,0,0.018706016434295918,18.733297063213254,16.396224688124597,7.87912686001556,-60.73574
theo-short-duration-us-treasury-fund,thbill,Theo Short Duration US Treasury Fund,1.021,134459850,232,191646.0,1.026,1.018,0.00012009,0.01177,0.5431401540347709,0.28839137227383027,131668780.859991,131668780.859991,1.11,-8.21514,0.906552,2026-04-27T09:09:45.456Z,0.008000000000000007,0.7858546168958749,2026-04-27 09:10:13,0,47,Neutral,37.3,14,Low,Mid,Neutral,0,0.7035924384214839,18.716776206868303,12.163410417151093,0.15008068613691514,-8.21514
golem,glm,Golem,0.134216,134244301,236,5892637.0,0.137571,0.132386,-0.002608418605509033,-1.9064,5.1964921641976165,1.9779921132373948,1000000000.0,1000000000.0,1.32,-89.89918,0.00913753,2026-04-27T09:09:44.677Z,0.005184999999999995,3.9165772815856625,2026-04-27 09:10:13,0,47,Neutral,37.3,14,Medium,Mid,Neutral,0,0.1259416633577502,18.71517184724953,15.589214333119376,0.035796056618697336,-89.89918
1inch,1inch,1INCH,0.095515,134162756,233,9700802.0,0.097948,0.094934,-0.000722580210891929,-0.75083,1.9210049680360874,9.144831951506662,1404673542.727503,1499999999.997,8.65,-98.89828,0.083617,2026-04-27T09:09:42.147Z,0.003013999999999989,3.1748372553563406,2026-04-27 09:10:13,0,47,Neutral,37.3,14,Medium,Mid,Neutral,0,0.09122457233755404,18.714564225357524,16.0877192235524,4.197000975753331,-98.89828
instadapp,fluid,Fluid,1.72,134079156,238,4893395.0,1.78,1.68,0.02966852,1.75472,8.754910585070009,4.0083672699331006,77946996.82034639,100000000.0,24.4,-92.98912,0.366538,2026-04-27T09:09:51.752Z,0.10000000000000009,5.952380952380958,2026-04-27 09:10:13,0,47,Neutral,37.3,14,High,Mid,Neutral,0,1.000631880307906,18.713940907387112,15.40339709894004,2.88154363496655,-92.98912
tradable-latam-fintech-sstn,pc0000097,Tradable LatAm Fintech SSTN,1.0,134000000,235,0.0,1.0,1.0,0.0,0.0,0.0,0.0,134000000.0,134000000.0,1.0,0.0,1.0,2026-04-27T09:05:11.260Z,0.0,0.0,2026-04-27 09:10:13,0,47,Neutral,37.3,14,Low,Mid,Bearish,0,0.6931471805599453,18.71335036537787,0.0,0.0,0.0
build-on,b,BUILDon,0.135537,133753556,234,9431097.0,0.14224,0.118275,0.01530137,12.72613,42.793139042106645,-32.3655087585008,1000000000.0,1000000000.0,0.731588,-81.69294,0.082973,2026-04-27T09:09:52.784Z,0.023965,20.262101035721834,2026-04-27 09:10:13,0,47,Neutral,37.3,14,Extreme,Mid,Strong Bear,0,0.12710566679702515,18.71150953777929,16.059523084734888,-9.819689379250402,-81.69294
frax-usd,frxusd,Frax USD,0.999661,133648770,237,2428869.0,1.0,0.999331,0.00016452,0.01646,-0.0005453265729944245,-0.036078093985347434,133694329.7118002,133954789.7273052,1.007,-0.68602,0.97622,2026-04-27T09:09:44.652Z,0.0006690000000000307,0.06694478606187847,2026-04-27 09:10:13,0,47,Neutral,37.3,14,Low,Mid,Bearish,0,0.6929776661931968,18.710725804846614,14.702936686585,-0.009809046992673718,-0.68602
apollo-diversified-credit-securitize-fund,acred,Apollo Diversified Credit Securitize Fund,1096.41,132780893,239,0.0,1097.35,1094.52,0.094329,0.0086,0.1505117804647249,0.6274025339282672,121105.625053,121105.625053,1108.47,-1.08864,1004.33,2026-04-27T09:00:05.791Z,2.8299999999999272,0.2585608303183064,2026-04-27 09:10:13,0,47,Neutral,37.3,14,Low,Mid,Neutral,0,7.00070813703096,18.70421091417433,0.0,0.3180012669641336,-1.08864
sosovalue,soso,SoSoValue,0.423037,131976854,240,4520510.0,0.439158,0.417133,0.00129346,0.30669,-0.01641900167358675,2.1740335725080455,312001548.0,1000000000.0,1.42,-70.22728,0.299484,2026-04-27T09:09:44.605Z,0.022025000000000017,5.280090522687013,2026-04-27 09:10:13,0,47,Neutral,37.3,14,High,Mid,Neutral,0,0.35279332017516596,18.69813712426754,15.324135598515738,1.2403617862540228,-70.22728
bnb48-club-token,koge,KOGE,38.74,130879897,241,341286.0,39.2,38.63,-0.10674321336919235,-0.27481,-19.3116810750649,-19.240964177873725,3379998.08,3379998.08,76.94,-49.52614,1.19,2026-04-27T09:09:41.761Z,0.5700000000000003,1.4755371472948493,2026-04-27 09:10:13,0,47,Neutral,37.3,14,Low,Mid,Strong Bear,0,3.6823582371236707,18.689790651478553,12.740479044512176,-9.757887088936862,-49.52614
asteroid-shiba,asteroid,Asteroid Shiba,0.00030729,129269357,242,39874903.0,0.00036938,0.0002792,-4.492324885063e-05,-12.75448,-2.5201662307261365,609529.680235178,420690000000.0,420690000000.0,0.0004694,-34.17665,4.9546e-08,2026-04-27T09:09:44.146Z,9.017999999999998e-05,32.29942693409741,2026-04-27 09:10:13,0,47,Neutral,37.3,14,Extreme,Mid,Bullish,0,0.00030724279609789377,18.677408831898298,17.501257711542873,304758.462877589,-34.17665
dydx-chain,dydx,dYdX,0.154174,128805992,243,9550122.0,0.163445,0.152298,-0.008450972101400972,-5.19659,15.069092946681002,64.28955839901634,835145568.8070294,958342751.0,4.52,-96.58574,0.078815,2026-04-27T09:09:43.299Z,0.011147000000000018,7.319203141210008,2026-04-27 09:10:13,0,47,Neutral,37.3,14,High,Mid,Bullish,0,0.14338493661577567,18.67381790005517,16.072064591955122,29.54648419950817,-96.58574
elrond-erd-2,egld,MultiversX,4.27,127391553,244,6286094.0,4.52,4.25,-0.16435271696137033,-3.7062,5.388764513005003,11.470308529981429,29810594.0,29810594.0,545.64,-99.21715,3.62,2026-04-27T09:09:48.770Z,0.2699999999999996,6.352941176470578,2026-04-27 09:10:13,0,47,Neutral,37.3,14,High,Mid,Bullish,0,1.6620303625532709,18.66277600377128,15.653850609174862,3.8820542649907144,-99.21715
cap-usd,cusd,Cap USD,0.999899,127101723,245,9.59,0.999899,0.99985,4.897e-05,0.0049,0.0001320134627300636,-0.9864787689673079,127114518.0014469,127114518.0014469,1.17,-14.55979,0.907113,2026-04-27T09:00:01.886Z,4.899999999996574e-05,0.0049007351102631136,2026-04-27 09:10:13,0,47,Neutral,37.3,14,Low,Mid,Bearish,0,0.6930966792847774,18.66049830019043,2.359910159613315,-0.49078938448365395,-14.55979
arweave,ar,Arweave,1.92,126388883,246,12564897.0,2.01,1.92,-0.07218878689413133,-3.61458,-7.5219327921255585,13.652641472654809,65652466.0,65652466.0,89.24,-97.8428,0.298788,2026-04-27T09:09:43.970Z,0.08999999999999986,4.687499999999993,2026-04-27 09:10:13,0,47,Neutral,37.3,14,Medium,Mid,Bullish,0,1.0715836162801904,18.65487409277184,16.346417611139376,5.019030736327404,-97.8428
shuffle-2,shfl,Shuffle,0.305398,125964668,247,724052.0,0.310563,0.28744,0.01208114,4.11881,4.20080727124496,-0.3975843273734388,412461066.3245936,925465667.215615,0.787524,-61.19638,0.141225,2026-04-27T09:09:54.655Z,0.023123000000000005,8.04446145282494,2026-04-27 09:10:13,0,47,Neutral,37.3,14,High,Mid,Bearish,0,0.26650797512036495,18.65151202083308,13.49261987310843,1.8606128363132806,-61.19638
ozone-chain,ozo,Ozone Chain,0.131042,125893076,248,233501.0,0.132103,0.12942,-0.000568361285714414,-0.43185,0.4842305560156167,0.16303188224643117,960933314.0,1000000000.0,0.485077,-73.02345,0.060046,2026-04-27T09:09:43.087Z,0.002682999999999991,2.0730953484778167,2026-04-27 09:10:13,0,47,Neutral,37.3,14,Medium,Mid,Neutral,0,0.1231393317230006,18.650943509416894,12.3609459213649,-0.13440905887678442,-73.02345
eigenlayer,eigen,EigenCloud (prev. EigenLayer),0.18128,125271548,250,19364835.0,0.188487,0.179767,-0.001029205364865809,-0.56454,0.6340213845841651,5.800361531175862,691092488.0807501,1813518974.228418,5.65,-96.79574,0.148424,2026-04-27T09:09:48.452Z,0.008719999999999978,4.850723436448279,2026-04-27 09:10:13,0,47,Neutral,37.3,14,Medium,Mid,Neutral,0,0.16659859632871837,18.645994331034895,16.77896940200796,2.617910765587931,-96.79574
river,river,River,6.4,124922193,249,11692932.0,6.82,6.36,-0.22574287282023242,-3.40574,40.732756620950866,-55.864614964453374,19600000.0,100000000.0,87.73,-92.71727,1.58,2026-04-27T09:09:45.875Z,0.45999999999999996,7.232704402515722,2026-04-27 09:10:13,0,47,Neutral,37.3,14,High,Mid,Strong Bear,0,2.0014800002101243,18.643201653465393,16.27449520018215,-29.635177482226688,-92.71727
gmt-token,gomining,GoMining Token,0.302544,122511161,252,3971763.0,0.302581,0.297278,0.00304997,1.01837,1.8762182124643085,-2.2392819534307282,404907866.419548,404907866.419548,0.564703,-46.42008,0.069487,2026-04-27T09:09:48.574Z,0.005303000000000002,1.7838521518578578,2026-04-27 09:10:13,0,47,Neutral,37.3,14,Low,Mid,Bearish,0,0.26431927526483256,18.623712702165378,15.194720886470625,-0.6104559767153641,-46.42008
unibase,ub,Unibase,0.04832208,121193008,251,21160396.0,0.053014,0.0444271,0.0013478,2.86922,15.460192246729735,92.49005175543772,2500000000.0,10000000000.0,0.091322,-46.77576,0.01029884,2026-04-27T09:10:00.769Z,0.008586900000000001,19.328067778450546,2026-04-27 09:10:13,0,47,Neutral,37.3,14,Extreme,Mid,Bullish,0,0.04719086692747393,18.612894948417694,16.867641926593116,47.67963587771886,-46.77576
cash-4,cash,CASH,1.0,120493349,253,5752752.0,1.003,0.996617,0.00096469,0.09654,0.07012799330147063,-0.19035170229156664,120411264.721275,120411264.721275,1.058,-5.4575,0.721504,2026-04-27T09:09:56.777Z,0.0063829999999999165,0.6404666988421747,2026-04-27 09:10:13,0,47,Neutral,37.3,14,Low,Mid,Bearish,0,0.6931471805599453,18.60710512265015,15.565189080802407,-0.04690585114578332,-5.4575
luxxcoin,lux,Luxxcoin,0.00120377,120361487,254,1612746.0,0.00123683,0.00119837,-1.5521674215841e-05,-1.27301,5.333001682025222,62.435393725748945,100000000000.0,100000000000.0,0.00156066,-22.95042,0.00015328,2026-04-27T09:09:46.111Z,3.8459999999999927e-05,3.2093593798242552,2026-04-27 09:10:13,0,47,Neutral,37.3,14,Medium,Mid,Bullish,0,0.001203046049814983,18.606010172560964,14.293449494216041,30.581191862874473,-22.95042
astherus-usdf,usdf,Aster USDF,0.998909,119829090,255,45321.0,1.0,0.9989,-0.000765635009360222,-0.07659,-0.08768913434214916,0.10856210644961758,119960169.4656115,119960169.4656115,1.046,-4.52777,0.798494,2026-04-27T09:09:44.583Z,0.0010999999999999899,0.1101211332465702,2026-04-27 09:10:13,0,47,Neutral,37.3,14,Low,Mid,Neutral,0,0.69260153172069,18.601577043883452,10.72154784479487,0.01598605322480879,-4.52777
enjincoin,enj,Enjin Coin,0.061369,119731526,257,24543011.0,0.061585,0.059442,1.554e-05,0.02533,4.538265771017823,208.9435932949952,1956935520.102815,1984703504.020292,4.82,-98.7447,0.01740499,2026-04-27T09:09:47.300Z,0.002142999999999999,3.6051949799804834,2026-04-27 09:10:13,0,47,Neutral,37.3,14,Medium,Mid,Bullish,0,0.05955958427701199,18.600762519307516,17.01593772810161,104.4844616474976,-98.7447
centrifuge-2,cfg,Centrifuge,0.205159,118670142,258,8588008.0,0.224988,0.204225,-0.013199646608411053,-6.04495,-27.353590938819462,30.820395241294037,577155241.0,680000000.0,0.400363,-48.8216,0.067185,2026-04-27T09:10:00.571Z,0.020763000000000004,10.16672787366875,2026-04-27 09:10:13,0,47,Neutral,37.3,14,Extreme,Mid,Bullish,0,0.18661150844542432,18.591858294662927,15.965877485954177,12.387722620647018,-48.8216
cheems-token,cheems,Cheems Token,5.82545e-07,118597441,256,1199823.0,6.0105e-07,5.69516e-07,1.0619e-08,1.85676,12.788751518259675,41.468289654865075,203672952113698.72,203672952113698.72,2.16e-06,-73.09549,5.725e-09,2026-04-27T09:09:43.083Z,3.153400000000002e-08,5.536982279690126,2026-04-27 09:10:13,0,47,Neutral,37.3,14,High,Mid,Bullish,0,5.825448303207274e-07,18.591245475998505,13.997685437334955,21.662524827432538,-73.09549
ultima,ultima,Ultima,3128.32,118046238,259,14073111.0,3263.83,2923.54,43.78,1.4195,1.2717144519291257,-16.672019276317236,37772.135734,100000.0,22851.0,-86.40944,2038.41,2026-04-27T09:09:43.031Z,340.28999999999996,11.639656033438913,2026-04-27 09:10:13,0,47,Neutral,37.3,14,Extreme,Mid,Strong Bear,0,8.048571007535312,18.586586961606656,16.45977658444913,-7.6262596381586185,-86.40944
tokenize-xchange,tkx,Tokenize Xchange,1.45,116033213,260,2524.37,1.48,1.45,-0.008211288995508381,-0.56291,0.32322199009201513,8.254980443102216,79995997.76037452,100000000.0,50.43,-97.12381,0.111255,2026-04-27T09:09:44.132Z,0.030000000000000027,2.0689655172413812,2026-04-27 09:10:13,0,47,Neutral,37.3,14,Medium,Mid,Neutral,0,0.8960880245566356,18.569387035672925,7.834142865627772,3.8460352215511078,-97.12381
societe-generale-forge-eurcv,eurcv,EUR CoinVertible,1.17,115747523,261,6466054.0,1.17,1.17,0.0026589,0.22703,-0.1226013559182114,2.0536183378664843,98607325.36,98607325.36,1.22,-3.65002,0.988513,2026-04-27T09:09:43.135Z,0.0,0.0,2026-04-27 09:10:13,0,47,Neutral,37.3,14,Low,Mid,Neutral,0,0.7747271675523681,18.566921859773103,15.68207674326289,1.1403241689332422,-3.65002
reserve-rights-token,rsr,Reserve Rights,0.00183904,114928940,262,20934104.0,0.00195723,0.00181715,1.58e-06,0.08576,2.699504612880869,12.939413571282335,62553174091.0,100000000000.0,0.117424,-98.43953,0.00121354,2026-04-27T09:09:46.518Z,0.0001400799999999999,7.708774729659075,2026-04-27 09:10:13,0,47,Neutral,37.3,14,High,Mid,Bullish,0,0.001837351036336657,18.55982459099813,16.856890205148215,6.512586785641168,-98.43953
tradable-singapore-fintech-ssl-2,pc0000023,Tradable Singapore Fintech SSL,1.0,114500000,263,0.0,1.0,1.0,0.0,0.0,0.0,0.0,114500000.0,114500000.0,1.0,0.0,1.0,2026-04-27T09:05:10.598Z,0.0,0.0,2026-04-27 09:10:13,0,47,Neutral,37.3,14,Low,Mid,Bearish,0,0.6931471805599453,18.556085389692193,0.0,0.0,0.0
aethir,ath,Aethir,0.00583561,112248330,264,91260589.0,0.00635009,0.00579154,-0.000239510896567801,-3.94249,-0.25500316429116815,-17.543581126251322,19248226568.0,42000000000.0,0.118536,-95.07558,0.00487815,2026-04-27T09:09:54.658Z,0.0005585499999999997,9.64423970135749,2026-04-27 09:10:13,0,47,Neutral,37.3,14,High,Mid,Strong Bear,0,0.0058186487820099265,18.536224215879216,18.329229598487558,-10.74303556312566,-95.07558
zero-gravity,0g,0G,0.526612,112242925,265,46588334.0,0.643133,0.523215,-0.03528732462303563,-6.28,-9.136035914972313,11.148842914192137,213199722.0,1000000000.0,7.05,-92.54018,0.455121,2026-04-27T09:09:50.128Z,0.11991799999999997,22.919449939317484,2026-04-27 09:10:13,0,47,Neutral,37.3,14,Extreme,Mid,Bullish,0,0.42305090095660514,18.536176062556248,17.656860745871708,2.4344214570960685,-92.54018
tradable-na-third-party-online-merchant-sstn,pc0000015,Tradable NA Third Party Online Merchant SSTN,1.0,110225974,267,0.0,1.0,1.0,0.0,0.0,0.0,0.0,110225973.775249,110225973.775249,1.0,0.0,1.0,2026-04-27T09:05:10.771Z,0.0,0.0,2026-04-27 09:10:13,0,47,Neutral,37.3,14,Low,Mid,Bearish,0,0.6931471805599453,18.51804313471236,0.0,0.0,0.0
wemix-token,wemix,WEMIX,0.237972,110004578,268,1023895.0,0.240095,0.235617,-0.001912221966847816,-0.79714,-0.5405140445826369,-4.542719247459134,462277841.3255647,552473209.5478008,24.71,-99.0363,0.128398,2026-04-27T09:09:41.709Z,0.00447800000000001,1.9005419812662117,2026-04-27 09:10:13,0,47,Neutral,37.3,14,Low,Mid,Bearish,0,0.21347455688223915,18.516032550163025,13.83912551692377,-2.669929623729567,-99.0363
rollbit-coin,rlb,Rollbit Coin,0.064625,109549996,266,227164.0,0.066705,0.064072,-0.001514597366267537,-2.28999,4.836277861847123,18.080546544961926,1694712419.320192,1694712419.320192,0.264358,-75.3315,0.00093506,2026-04-27T09:09:53.565Z,0.0026329999999999965,4.109439380696711,2026-04-27 09:10:13,0,47,Neutral,37.3,14,Medium,Mid,Bullish,0,0.06262262447910791,18.511891596620995,12.333431904666547,7.895278272480963,-75.3315
zencash,zen,Horizen,6.06,109291382,269,10188752.0,6.21,5.96,-0.07017918521928301,-1.14489,0.5172548077040608,16.356668749552306,18025052.15891282,21000000.0,165.92,-96.34773,3.26,2026-04-27T09:09:45.823Z,0.25,4.194630872483222,2026-04-27 09:10:13,0,47,Neutral,37.3,14,Medium,Mid,Bullish,0,1.9544450515051506,18.5095281119785,16.136795022833162,7.605889374776153,-96.34773
bitmart-token,bmx,BitMart,0.320501,108794476,270,9076436.0,0.322545,0.320251,-0.000435634772913696,-0.13574,-0.8866182465117455,-2.897377830548182,339412030.0,639412030.0,0.619048,-48.22554,0.00672692,2026-04-27T09:09:44.351Z,0.0022940000000000182,0.716313141879344,2026-04-27 09:10:13,0,47,Neutral,37.3,14,Low,Mid,Bearish,0,0.27801121004366885,18.50497112822999,16.021192272687045,-1.516558915274091,-48.22554
gas,gas,Gas,1.67,108643687,271,3483398.0,1.7,1.66,0.00922923,0.55469,-0.16632284713197848,5.182792519828742,65093580.54427269,65093580.54427269,91.94,-98.18685,0.621309,2026-04-27T09:09:46.343Z,0.040000000000000036,2.40963855421687,2026-04-27 09:10:13,0,47,Neutral,37.3,14,Medium,Mid,Neutral,0,0.9820784724121582,18.50358416817933,15.063519099203935,2.868741259914371,-98.18685
stp-network,awe,AWE Network,0.05548,108243311,272,11648647.0,0.059872,0.054388,0.00029029,0.52599,11.545345356681093,15.819643539268949,1942420283.0270672,1942420283.0270672,0.270085,-79.2902,0.00646736,2026-04-27T09:09:49.249Z,0.005484000000000003,10.083106567625217,2026-04-27 09:10:13,0,47,Neutral,37.3,14,Extreme,Mid,Bullish,0,0.053995639761012244,18.4998921400283,16.270700679739342,8.172816769634474,-79.2902
havven,snx,Synthetix,0.312555,107699081,273,41631173.0,0.347712,0.301777,0.01005603,3.32432,8.117762332075596,11.666468459322836,344516234.4572882,344939867.5556631,28.53,-98.90758,0.0347864,2026-04-27T09:09:43.671Z,0.045935000000000004,15.221504620961838,2026-04-27 09:10:13,0,47,Neutral,37.3,14,Extreme,Mid,Bullish,0,0.27197561936756653,18.49485161841341,17.54435981959024,7.495394229661418,-98.90758
tradable-latam-middle-market-lender-sstl,pc0000085,Tradable LatAm Middle-Market Lender SSTL,1.0,106500000,274,0.0,1.0,1.0,0.0,0.0,0.0,0.0,106500000.0,106500000.0,1.0,0.0,1.0,2026-04-27T09:10:02.991Z,0.0,0.0,2026-04-27 09:10:13,0,47,Neutral,37.3,14,Low,Mid,Bearish,0,0.6931471805599453,18.483655552503425,0.0,0.0,0.0
jusd,jusd,JUSD,0.99997,106222502,275,144271.0,1.0,0.999931,-0.000143213611294657,-0.01432,-0.012084863506959155,0.0704886598553675,106226423.93366016,50099699632.30019,1.034,-3.28597,0.925702,2026-04-27T09:09:56.557Z,6.899999999998574e-05,0.006900476132851741,2026-04-27 09:10:13,0,47,Neutral,37.3,14,Low,Mid,Neutral,0,0.6931321804474442,18.481046536981403,11.879455685739687,0.028084329927683747,-3.28597
livepeer,lpt,Livepeer,2.14,106127782,276,16957220.0,2.24,2.12,-0.09259135463254031,-4.15575,2.490199663107521,1.9421217278415928,49688954.55,49688954.55,99.03,-97.84454,0.354051,2026-04-27T09:09:46.299Z,0.1200000000000001,5.660377358490571,2026-04-27 09:10:13,0,47,Neutral,37.3,14,High,Mid,Neutral,0,1.144222799920162,18.480154426044646,16.646204318770074,-1.1068141360792039,-97.84454
securitize-tokenized-aaa-clo-fund,stac,Securitize Tokenized AAA CLO Fund,1013.91,105056822,277,0.0,1014.17,1012.36,0.168756,0.01665,0.18252078155932575,0.5467695317275264,103609.694673,103609.694673,1015.04,-0.10546,997.66,2026-04-27T09:10:01.730Z,1.8099999999999454,0.17879015370025933,2026-04-27 09:10:13,0,47,Neutral,37.3,14,Low,Mid,Neutral,0,6.922555217593736,18.47001193316992,0.0,0.28170976586376323,-0.10546
melania-meme,melania,Melania Meme,0.109775,104542810,278,15189867.0,0.111833,0.108386,-0.001712133947892852,-1.53573,5.2140484110916585,-5.072752087003944,952496375.911841,999996222.700723,13.05,-99.15985,0.089932,2026-04-27T09:09:50.024Z,0.0034470000000000056,3.180300038750397,2026-04-27 09:10:13,0,47,Neutral,37.3,14,Medium,Mid,Bearish,0,0.10415729207457056,18.465107220116543,16.536139184606615,-3.304241043501972,-99.15985
cow-protocol,cow,CoW Protocol,0.188066,104357305,280,4507650.0,0.195751,0.187529,-0.003821501738068916,-1.99153,3.199048872591325,-6.243243181871479,554542909.662309,1000000000.0,2.22,-91.53154,0.03987045,2026-04-27T09:09:59.376Z,0.008222000000000007,4.384388547904595,2026-04-27 09:10:13,0,47,Neutral,37.3,14,Medium,Mid,Bearish,0,0.172326774952856,18.463331203411293,15.321286733221191,-4.117386590935739,-91.53154
ini,ini,INI,0.124012,104231781,279,1007563.0,0.125999,0.122801,-0.001951860169033218,-1.54954,20.5420720890234,15.001347925933306,840502243.1281799,6000000000.0,0.138116,-10.21231,0.02191215,2026-04-27T09:09:45.270Z,0.0031980000000000064,2.604213320738436,2026-04-27 09:10:13,0,47,Neutral,37.3,14,Medium,Mid,Bullish,0,0.1169044275710932,18.462127650374498,13.82304609435864,6.725903962966653,-10.21231
safe,safe,Safe,0.142744,104012393,281,5169998.0,0.151524,0.138974,-0.004297767415673753,-2.92282,-3.5984733664659325,49.986171491203116,727407578.0,1000000000.0,3.56,-95.98359,0.091099,2026-04-27T09:09:54.415Z,0.012550000000000006,9.030466130355324,2026-04-27 09:10:13,0,47,Neutral,37.3,14,High,Mid,Bullish,0,0.13343238772369917,18.460020623082023,15.458383053060995,23.531675745601557,-95.98359
beam-2,beam,Beam,0.00201935,103604554,282,8282250.0,0.00210069,0.00200066,-5.6367538994934e-05,-2.71557,3.866853935244569,21.05362894271245,51300184687.0,58470184687.0,0.04416304,-95.44231,0.00157473,2026-04-27T09:09:43.029Z,0.00010003000000000008,4.999850049483674,2026-04-27 09:10:13,0,47,Neutral,37.3,14,Medium,Mid,Bullish,0,0.0020173138534563197,18.456091854004598,15.929625349317616,9.169029471356225,-95.44231
quantum-resistant-ledger,qrl,Quantum Resistant Ledger,1.31,102728414,283,94285.0,1.33,1.29,-0.004488100123034799,-0.34132,-5.96468465519305,12.47246545288233,78392960.0,78392960.0,3.87,-66.10891,0.04116971,2026-04-27T09:09:57.917Z,0.040000000000000036,3.1007751937984525,2026-04-27 09:10:13,0,47,Neutral,37.3,14,Medium,Mid,Bullish,0,0.8372475245337022,18.447599316279497,11.454087995245734,6.065572726441165,-66.10891
mnee-usd-stablecoin,mnee,MNEE USD Stablecoin,1.0,101316019,285,143962.0,1.001,0.999,0.00019996,0.01999,-0.009995002498755599,0.09005003001801411,101305894.5522999,101305894.5522999,1.045,-4.35668,0.584655,2026-04-27T09:09:43.859Z,0.0019999999999998908,0.20020020020018928,2026-04-27 09:10:13,0,47,Neutral,37.3,14,Low,Mid,Neutral,0,0.6931471805599453,18.433755100841804,11.877311601097814,0.05502001500900705,-4.35668
seeker,skr,Seeker,0.01620228,101295536,284,7285512.0,0.01774622,0.01612752,-7.4120088293765e-05,-0.45538,6.376470173643963,-11.61536037412111,6253666388.109123,10253666420.10912,0.055818,-70.94363,0.00542271,2026-04-27T09:09:46.215Z,0.0016187000000000007,10.036881057968,2026-04-27 09:10:13,0,47,Neutral,37.3,14,Extreme,Mid,Bearish,0,0.01607242382780173,18.433552910992685,15.801398413800662,-6.035370187060555,-70.94363
palm-usd,pusd,Palm USD,0.999862,101271963,286,107185.0,1.0,0.999373,-4.908952500926e-05,-0.00491,0.005546826754879581,,101285937.115771,2826036007.115771,1.001,-0.06346,0.998331,2026-04-27T09:09:41.366Z,0.0006270000000000442,0.06273933756465745,2026-04-27 09:10:13,0,47,Neutral,37.3,14,Low,Mid,Unknown,0,0.6930781781793358,18.433320168820423,11.58232092207538,-0.002455,-0.06346
grx-chain,grx,GRX Chain,10.59,100729173,287,20886331.0,10.76,9.87,0.501418,4.97052,-6.9299538455081136,10.910941214015581,9512395.0,9998039.0,13.26,-20.14278,0.868057,2026-04-27T09:09:46.080Z,0.8900000000000006,9.017223910840938,2026-04-27 09:10:13,0,47,Neutral,37.3,14,High,Mid,Bullish,0,2.4501426573516603,18.427946027746255,16.85460553171067,7.94073060700779,-20.14278
avant-usd,avusd,Avant USD,0.999078,100581050,288,24694.0,0.999995,0.998325,-0.000232797153160269,-0.0233,0.23434073442757147,-0.027306962666651887,100673886.1641204,100673886.1641204,1.059,-5.63275,0.951733,2026-04-27T09:09:58.491Z,0.0016699999999999493,0.16728019432549013,2026-04-27 09:10:13,0,47,Neutral,37.3,14,Low,Mid,Bearish,0,0.6926860742667766,18.426474438047016,10.114356072974726,-0.025303481333325946,-5.63275
ring-usd,usdr,Ring USD,0.99906,100277128,289,5885.94,1.001,0.992587,-0.001392122743801849,-0.13915,-0.0633615156336036,-0.12608259041267125,100400000.0,100400000.0,1.08,-7.53288,0.941515,2026-04-27T09:09:45.702Z,0.008412999999999893,0.847583133770631,2026-04-27 09:10:13,0,47,Neutral,37.3,14,Low,Mid,Bearish,0,0.6926770700753253,18.423448201008068,8.680491617027963,-0.1326162952063356,-7.53288
standx-dusd,dusd,StandX DUSD,0.999666,100233282,290,226084.0,1.001,0.998361,-0.000684363703172153,-0.06841,0.02688917428954468,0.09409591772805091,100267476.194164,100267476.194164,1.039,-3.82029,0.96504,2026-04-27T09:09:52.579Z,0.002638999999999836,0.264333242183923,2026-04-27 09:10:13,0,47,Neutral,37.3,14,Low,Mid,Neutral,0,0.6929801666138927,18.423010857128897,12.328666313738907,0.012842958864025457,-3.82029
unity-usd,uusd,Unity USD,1.0,100006557,291,694181.0,1.001,0.995143,0.00025332,0.02533,0.04769027737740658,0.12826828345028057,100000000.0,100000000.0,1.023,-2.2208,0.989845,2026-04-27T09:10:01.190Z,0.00585699999999989,0.5885586292623161,2026-04-27 09:10:13,0,47,Neutral,37.3,14,Low,Mid,Neutral,0,0.6931471805599453,18.420746321802092,13.450489452946604,0.07679914172514028,-2.2208
tradable-singapore-fintech-ssl,pc0000077,Tradable Singapore Fintech SSL,1.0,100000000,292,0.0,1.0,1.0,0.0,0.0,0.0,0.0,100000000.0,100000000.0,1.0,0.0,1.0,2026-04-27T09:05:11.446Z,0.0,0.0,2026-04-27 09:10:13,0,47,Neutral,37.3,14,Low,Small,Bearish,0,0.6931471805599453,18.420680753952364,0.0,0.0,0.0
kaito,kaito,KAITO,0.413809,99845676,293,8540022.0,0.420634,0.405956,0.0024303,0.59077,1.6793658690306468,7.389620011136468,241388889.0,1000000000.0,2.88,-85.67252,0.275928,2026-04-27T09:09:50.714Z,0.014678000000000024,3.615662781188115,2026-04-27 09:10:13,0,47,Neutral,37.3,14,Medium,Small,Neutral,0,0.3462874805570606,18.419136321946432,15.960274258969557,3.990195005568234,-85.67252
chutes,sn64,Chutes,20.38,99717962,294,737812.0,21.08,20.02,0.30781,1.53334,0.7718608665569902,-28.051007727132728,4882645.60890862,4882645.60890862,104.42,-80.50312,13.04,2026-04-27T09:09:44.950Z,1.0599999999999987,5.294705294705288,2026-04-27 09:10:13,0,47,Neutral,37.3,14,High,Small,Strong Bear,0,3.062455905596899,18.417856389214844,13.51144568394069,-13.258833863566364,-80.50312
precious-metals-usd,pmusd,Precious Metals USD,0.991244,99323807,295,10731.34,0.991116,0.988921,0.00095725,0.09666,0.18453520871114482,-0.18152209105044306,100201203.6222222,100201203.6222222,1.037,-4.4095,0.955534,2026-04-27T09:09:47.419Z,0.002194999999999947,0.2219590846993791,2026-04-27 09:10:13,0,47,Neutral,37.3,14,Low,Small,Bearish,0,0.6887595690549074,18.413895858586127,9.28101689199784,-0.042431045525221533,-4.4095
nxm,nxm,Nexus Mutual,55.4,99278021,296,0.0,58.44,55.21,-0.7579420327376383,-1.34976,-5.438165241693543,5.832635357464709,1792157.972545678,1791736.716226246,185.97,-70.21308,6.96,2026-04-27T09:00:17.609Z,3.229999999999997,5.850389422206116,2026-04-27 09:10:13,0,47,Neutral,37.3,14,High,Small,Neutral,0,4.032469158504013,18.413434775213318,0.0,2.2414376787323547,-70.21308
qubic-network,qubic,Qubic,7.11824e-07,97854386,297,1819529.0,7.40053e-07,7.11124e-07,-2.5339749128e-08,-3.43747,-9.104414993074904,-27.506105816636286,137238010982641.0,169037055530867.0,1.256e-05,-94.30685,4.34669e-07,2026-04-27T09:09:43.317Z,2.8929000000000007e-08,4.068066891287597,2026-04-27 09:10:13,0,47,Neutral,37.3,14,Medium,Small,Strong Bear,0,7.118237466534168e-07,18.39899108473083,14.414088783944592,-15.471787908318143,-94.30685
yearn-finance,yfi,yearn.finance,2718.54,97070213,298,5187368.0,2783.89,2703.87,-23.095469398610476,-0.8424,0.9746936802113016,9.009666253378795,35715.948082478506,36666.0,90787.0,-97.01109,31.65,2026-04-27T09:09:41.596Z,80.01999999999998,2.959461808444932,2026-04-27 09:10:13,0,47,Neutral,37.3,14,Medium,Small,Neutral,0,7.908218027340983,18.390945130280603,15.46173719019018,4.0836331266893975,-97.01109
four,form,Four,0.253863,96918709,299,3077136.0,0.262094,0.251856,-0.00275179785222518,-1.07235,1.2594592877572324,2.167209821424873,381867255.14,572301922.1,4.19,-93.9543,0.180888,2026-04-27T09:09:44.937Z,0.01023799999999997,4.065021282002402,2026-04-27 09:10:13,0,47,Neutral,37.3,14,Medium,Small,Neutral,0,0.22622918584374538,18.389383143877673,14.939510177199923,0.5474299107124366,-93.9543
spark-2,spk,Spark,0.0360047,96043581,300,32374746.0,0.03946048,0.03560978,-0.002135164471726028,-5.59825,36.02577208302791,75.72280816417708,2654427841.123425,10000000000.0,0.184472,-80.45597,0.01772413,2026-04-27T09:09:43.968Z,0.0038506999999999986,10.81360233059569,2026-04-27 09:10:13,0,47,Neutral,37.3,14,Extreme,Small,Bullish,0,0.035371680506537294,18.380312625581414,17.292889263281626,35.06227908208854,-80.45597
get-ai,get,Get AI,0.175375,95950199,305,22922.0,0.177923,0.145284,0.02510764,16.70862,42.333608060404366,77.63039394260285,547000000.0,547000000.0,7.99,-97.81519,0.03340714,2026-04-27T09:09:44.622Z,0.032639,22.465653478703782,2026-04-27 09:10:13,0,47,Neutral,37.3,14,Extreme,Small,Bullish,0,0.16158724561510393,18.37933986483478,10.039896052315676,47.16950697130142,-97.81519
banana-for-scale-2,bananas31,Banana For Scale,0.00960545,95934373,301,30367943.0,0.00977694,0.00922034,4.174e-05,0.43645,2.349222822404645,-23.35793234352655,10000000000.0,10000000000.0,0.057741,-83.4089,0.00072336,2026-04-27T09:09:59.428Z,0.0005565999999999991,6.036653745957297,2026-04-27 09:10:13,0,47,Neutral,37.3,14,High,Small,Strong Bear,0,0.00955961096773759,18.379174911501575,17.228898136343727,-11.460741171763274,-83.4089
0x,zrx,0x Protocol,0.112872,95847849,303,9254672.0,0.117913,0.112094,-0.002983899162375611,-2.57552,6.1064327545536194,11.517697942748278,848396562.906836,1000000000.0,2.5,-95.48816,0.089536,2026-04-27T09:10:01.944Z,0.005819000000000005,5.191178832051675,2026-04-27 09:10:13,0,47,Neutral,37.3,14,High,Small,Bullish,0,0.1069440611875211,18.378272596322766,16.0406391711127,4.471088971374138,-95.48816
flying-tulip,ft,Flying Tulip,0.074047,95750593,302,175469.0,0.076072,0.071514,-0.000729481935186863,-0.97556,-0.3107041045318925,-23.290027817104495,1293123163.4537783,9987139864.231934,0.299855,-75.29146,0.0679,2026-04-27T09:09:45.495Z,0.0045580000000000065,6.373577201666817,2026-04-27 09:10:13,0,47,Neutral,37.3,14,High,Small,Strong Bear,0,0.07143375676789408,18.37725738966114,12.075223367105181,-12.132793908552248,-75.29146
ravencoin,rvn,Ravencoin,0.00589899,95527776,304,5743051.0,0.00608775,0.00585711,-0.00016911635000432,-2.78697,0.7886035870648819,4.870158669888482,16209623281.65048,16210954526.55048,0.285218,-97.93441,0.00511046,2026-04-27T09:09:43.562Z,0.0002306400000000007,3.937778187536186,2026-04-27 09:10:13,0,47,Neutral,37.3,14,Medium,Small,Neutral,0,0.005881659081699527,18.374927621798527,15.563501334306574,1.0415943349442407,-97.93441
qtum,qtum,Qtum,0.892641,94626583,306,4295219.0,0.917372,0.888345,-0.011511820214973878,-1.27322,-1.3520944124723155,7.026528660071002,106012586.25,107822406.0,100.22,-99.1088,0.783142,2026-04-27T09:09:46.719Z,0.029026999999999914,3.2675368240942326,2026-04-27 09:10:13,0,47,Neutral,37.3,14,Medium,Small,Neutral,0,0.637973208177649,18.365449009343997,15.273013334440245,2.876654330035501,-99.1088
impossible-cloud-network-token,icnt,Impossible Cloud Network Token,0.372541,94174909,307,3633664.0,0.393938,0.366787,-0.009130744227881793,-2.3923,-3.758638574313405,-15.57096149966334,253006129.72647312,700000000.0,0.59106,-37.16014,0.109937,2026-04-27T09:09:45.075Z,0.027151000000000036,7.4023888523857275,2026-04-27 09:10:13,0,47,Neutral,37.3,14,High,Small,Strong Bear,0,0.31666376645082084,18.36066435587428,15.105752338768765,-8.98163074983167,-37.16014
usdu,usdu,USDu,1.0,92940663,308,849940.0,1.001,0.999015,6.595e-05,0.0066,0.028067011684147117,0.03927133352903226,92936280.39445297,92936280.39445297,1.018,-1.79676,0.957425,2026-04-27T09:09:45.387Z,0.0019849999999999035,0.19869571527954072,2026-04-27 09:10:13,0,47,Neutral,37.3,14,Low,Small,Neutral,0,0.6931471805599453,18.347471825989818,13.652922214292685,0.02293566676451613,-1.79676
berachain-bera,bera,Berachain,0.373316,91606419,309,19857049.0,0.399185,0.371341,-0.01899133062295333,-4.84093,-5.550106697938389,-18.080382839687566,245756663.9867119,537956358.3018463,14.83,-97.48852,0.349389,2026-04-27T09:09:46.713Z,0.027844000000000035,7.498229390237015,2026-04-27 09:10:13,0,47,Neutral,37.3,14,High,Small,Strong Bear,0,0.317228253254452,18.3330119145246,16.804069665769727,-11.460656419843783,-97.48852
pleasing-gold,pgold,Pleasing Gold,4686.21,91404834,310,6.71,4723.81,4642.4,-12.609984103191891,-0.26836,-1.8043395154324078,4.110342125230285,19505.05044,19505.05044,5507.64,-14.90458,511.44,2026-04-27T09:04:08.703Z,81.41000000000076,1.7536188178528513,2026-04-27 09:10:13,0,47,Neutral,37.3,14,Low,Small,Neutral,0,8.452592801698179,18.330808934368804,2.0425181875752383,1.9209910626151425,-14.90458
ordinals,ordi,ORDI,4.33,91012623,311,54178553.0,4.83,4.3,-0.4511612825174831,-9.42868,-4.154452353827097,96.98943838626062,21000000.0,21000000.0,95.52,-95.47122,2.12,2026-04-27T09:09:45.835Z,0.5300000000000002,12.325581395348843,2026-04-27 09:10:13,0,47,Neutral,37.3,14,Extreme,Small,Bullish,0,1.673351238177753,18.32650878013439,17.80779570545001,43.78037919313031,-95.47122
linea,linea,Linea,0.00364383,90970033,312,18879899.0,0.00369732,0.00352174,6.065e-05,1.69272,10.62414347799655,22.157189294341347,24913105589.373516,72009990000.0,0.04666898,-92.16518,0.00284356,2026-04-27T09:09:45.745Z,0.00017557999999999983,4.985603707258339,2026-04-27 09:10:13,0,47,Neutral,37.3,14,Medium,Small,Bullish,0,0.0036372073345013693,18.326040713547762,16.753608422057432,11.924954647170674,-92.16518
kamino,kmno,Kamino,0.01997751,89483241,313,10835035.0,0.02138361,0.01975912,0.00011558,0.58194,-2.6842086269459995,15.529570803851453,4469863257.25,9999958341.55231,0.247842,-91.9252,0.01642885,2026-04-27T09:09:58.639Z,0.0016244899999999993,8.221469377178735,2026-04-27 09:10:13,0,47,Neutral,37.3,14,High,Small,Bullish,0,0.019780578033488667,18.30956192548998,16.198295515512836,8.055755401925726,-91.9252
lombard-protocol,bard,Lombard,0.285838,89116119,314,19143064.0,0.310637,0.283802,-0.018390263839391907,-6.0449,-3.434849045275582,-20.932172580302925,312187500.0,1000000000.0,1.7,-83.22179,0.283802,2026-04-27T09:10:01.771Z,0.026834999999999998,9.455535901790684,2026-04-27 09:10:13,0,47,Neutral,37.3,14,High,Small,Strong Bear,0,0.2514106458740672,18.305450796391185,16.767451067009876,-13.488536290151462,-83.22179
derive,drv,Derive,0.088486,88464552,315,113980.0,0.091276,0.088406,-0.000551800397300961,-0.61974,11.651125782623915,7.151602744436714,999812432.843442,1500000000.0,0.228265,-61.25115,0.01243699,2026-04-27T09:09:49.280Z,0.0028699999999999976,3.2463859919009996,2026-04-27 09:10:13,0,47,Neutral,37.3,14,Medium,Small,Neutral,0,0.08478773987341783,18.298112498670715,11.643787046819533,3.2659313722183567,-61.25115
dmt-nat,nat,DMT-NAT,2.26961e-07,88090940,320,2119307.0,2.63326e-07,2.18639e-07,-2.2522396185e-08,-9.0276,9.941143975333285,309.2771651014885,388133597130973.0,388133597130973.0,3.86688e-07,-41.6469,2.672e-08,2026-04-27T09:09:45.862Z,4.468700000000001e-08,20.438714044612354,2026-04-27 09:10:13,0,47,Neutral,37.3,14,Extreme,Small,Bullish,0,2.2696097424435612e-07,18.293880259285707,14.566600178268853,150.12478255074424,-41.6469
mag7-ssi,mag7.ssi,MAG7.ssi,0.521404,87937909,316,555525.0,0.5321,0.518754,-0.000965858547625875,-0.1849,2.5006556372142574,9.464946114630262,169466886.5195511,169466886.5195511,1.35,-61.24163,0.424931,2026-04-27T09:09:44.404Z,0.013345999999999969,2.572703053855964,2026-04-27 09:10:13,0,47,Neutral,37.3,14,Medium,Small,Neutral,0,0.4196335927349626,18.292141555230288,13.227670691646985,4.640023057315131,-61.24163
lovebit,lb,LoveBit,2.08978e-07,87770874,317,70707.0,2.11313e-07,2.02173e-07,6.797e-09,3.36165,3.3930891109483228,1.715414466984859,420000000000000.0,420000000000000.0,9.989e-05,-99.79079,1.24968e-07,2026-04-27T09:09:58.191Z,9.140000000000014e-09,4.520880631934044,2026-04-27 09:10:13,0,47,Neutral,37.3,14,Medium,Small,Neutral,0,2.089779781641008e-07,18.29024028375639,11.166313999655774,2.5385322334924294,-99.79079
keeta,kta,Keeta,0.164896,87101289,318,1814975.0,0.172191,0.163079,0.00115591,0.70595,3.788419982210405,15.141211187073125,528127193.9177529,1000000000.0,1.68,-90.19708,0.0068199,2026-04-27T09:09:49.350Z,0.009112000000000009,5.587476008560274,2026-04-27 09:10:13,0,47,Neutral,37.3,14,High,Small,Bullish,0,0.1526318126465597,18.282582252275628,14.411582802453166,7.923580593536562,-90.19708
dog-go-to-the-moon-rune,dog,Dog (Bitcoin),0.00087181,86821687,321,926299.0,0.00090308,0.0008284,3.158e-05,3.75905,15.032751500866704,15.865815095389864,100000000000.0,100000000000.0,0.0099237,-91.2584,0.00060776,2026-04-27T09:09:43.586Z,7.468000000000004e-05,9.014968614196045,2026-04-27 09:10:13,0,47,Neutral,37.3,14,High,Small,Bullish,0,0.0008714301943914717,18.279367010171484,13.738953435242118,9.812432547694932,-91.2584
usda-3,usda,USDA,0.99867,86730180,319,1210061.0,1.001,0.949587,-0.000537901888226111,-0.05383,0.5313257006521059,-0.003977667684948173,87118799.17254063,87118799.17254063,1.19,-16.55968,0.590562,2026-04-27T09:10:00.735Z,0.05141299999999993,5.41424851014177,2026-04-27 09:10:13,0,47,Neutral,37.3,14,High,Small,Bearish,0,0.6924819593493698,18.27831248959493,14.006182155929638,-0.028903833842474087,-16.55968
xdai,xdai,XDAI,0.999834,86541940,323,156236.0,1.0,0.999712,-0.000273324958163013,-0.02733,0.015818980431687824,-0.021786044556804763,86556356.05681254,86556356.05681254,9.92,-89.9179,0.17845,2026-04-27T09:09:41.505Z,0.00028799999999995496,0.02880829678947086,2026-04-27 09:10:13,0,47,Neutral,37.3,14,Low,Small,Bearish,0,0.6930641771152548,18.276139721444085,11.959129364137336,-0.024558022278402383,-89.9179
amp-token,amp,Amp,0.00098498,85878489,322,69948938.0,0.00110681,0.00088687,9.812e-05,11.06345,12.44693925813401,-10.387452687068354,86781022996.56946,99720178909.70996,0.120813,-99.16586,0.00084186,2026-04-27T09:09:48.654Z,0.00021993999999999996,24.7995760370742,2026-04-27 09:10:13,0,47,Neutral,37.3,14,Extreme,Small,Bearish,0,0.0009844952255024747,18.26844394814678,18.063276090983603,0.33799865646582283,-99.16586
kusama,ksm,Kusama,4.73,85719608,325,4448118.0,4.9,4.71,-0.08428633893836057,-1.74957,1.9606929083257647,14.46201000040544,18120003.33931779,18120003.33931779,621.71,-99.23996,0.876572,2026-04-27T09:09:46.457Z,0.1900000000000004,4.0339702760085006,2026-04-27 09:10:13,0,47,Neutral,37.3,14,Medium,Small,Bullish,0,1.7457155307266483,18.26659216719667,15.307991868151806,6.35622000020272,-99.23996
exod,exod,EXOD,8.2,85657200,324,0.0,8.2,8.2,0.0,0.0,2.7568922305764265,26.543209876543187,10446000.0,10446000.0,13.09,-37.35676,6.1,2026-04-27T08:55:03.166Z,0.0,0.0,2026-04-27 09:10:13,0,47,Neutral,37.3,14,Low,Small,Bullish,0,2.2192034840549946,18.26586385392303,0.0,13.271604938271594,-37.35676
railgun,rail,Railgun,1.49,85591130,326,434400.0,1.56,1.49,-0.04519275189654026,-2.94653,10.307629200640669,61.22373734791523,57500000.0,57500000.0,5.66,-73.65857,0.228324,2026-04-27T09:09:48.157Z,0.07000000000000006,4.697986577181212,2026-04-27 09:10:13,0,47,Neutral,37.3,14,Medium,Small,Bullish,0,0.9122827104766162,18.26509222593102,12.981723349624996,29.138603673957615,-73.65857
vicicoin,vcnt,ViciCoin,17.45,85015529,328,117077.0,17.56,17.41,-0.03719992485349266,-0.21268,-3.556268456493665,-5.623169214011008,4871125.954080936,10000000.0,25.01,-30.18029,4.15,2026-04-27T09:09:42.972Z,0.14999999999999858,0.8615738081562239,2026-04-27 09:10:13,0,47,Neutral,37.3,14,Low,Small,Bearish,0,2.915064370486536,18.258344503648257,11.670595658323053,-2.917924607005504,-30.18029
theta-fuel,tfuel,Theta Fuel,0.01161781,84849549,327,1633184.0,0.01203909,0.01161012,-0.000347765021959223,-2.90638,1.8610044997735526,0.849991308906186,7310264937.0,7310540016.0,0.68159,-98.29166,0.00090804,2026-04-27T09:09:46.397Z,0.00042897000000000074,3.694793852259931,2026-04-27 09:10:13,0,47,Neutral,37.3,14,Medium,Small,Neutral,0,0.011550841431726046,18.25639024615372,14.306042653962162,-1.028194345546907,-98.29166
tria,tria,TRIA,0.03821759,83622686,329,3947619.0,0.03891381,0.034864,0.002479,6.93647,52.40265494227825,37.38134171051739,2157670000.0,10000000000.0,0.04979036,-21.82077,0.01329543,2026-04-27T09:09:41.248Z,0.004049810000000001,11.616022257916478,2026-04-27 09:10:13,0,47,Neutral,37.3,14,Extreme,Small,Bullish,0,0.03750538705305468,18.24182541683732,15.188623423636594,22.158905855258695,-21.82077
superfarm,super,SuperVerse,0.12901,82663466,330,9441100.0,0.132641,0.126409,0.00227746,1.79706,-15.161007644158472,14.84310046232705,640164549.0,1000000000.0,4.74,-97.28639,0.070397,2026-04-27T09:09:41.898Z,0.006232000000000015,4.930028716309769,2026-04-27 09:10:13,0,47,Neutral,37.3,14,Medium,Small,Bullish,0,0.12134114252422407,18.230288309066903,16.060583162676707,8.320080231163525,-97.28639
mina-protocol,mina,Mina Protocol,0.063458,81546580,331,12190667.0,0.065807,0.063031,-0.001569209492121554,-2.41317,7.8072845133562625,19.38378383821031,1283762692.840039,1283762692.840039,9.09,-99.3017,0.052408,2026-04-27T09:09:42.125Z,0.0027760000000000007,4.404182069140583,2026-04-27 09:10:13,0,47,Neutral,37.3,14,Medium,Small,Bullish,0,0.06152586263572048,18.216684960953145,16.316181298971628,8.485306919105154,-99.3017
meteora,met,Meteora,0.157683,81055395,332,9102093.0,0.165333,0.156847,-0.00382131816776593,-2.36607,10.994744391283023,10.510330956564568,513845407.71681,997734296.606287,0.686913,-77.06047,0.123968,2026-04-27T09:09:45.845Z,0.008486000000000021,5.410368065694608,2026-04-27 09:10:13,0,47,Neutral,37.3,14,High,Small,Bullish,0,0.14642059383391845,18.210643380117403,16.02401505490597,4.072130478282284,-77.06047
infinifi-usd,iusd,InfiniFi USD,0.998955,80829420,333,49244.0,1.0,0.998596,0.00011038,0.01105,-0.043738244799205926,-0.09989766777731622,80914221.25279407,80914221.25279407,1.38,-27.51529,0.243118,2026-04-27T09:09:48.464Z,0.0014039999999999608,0.14059739874783803,2026-04-27 09:10:13,0,47,Neutral,37.3,14,Low,Small,Bearish,0,0.6926245440092531,18.207851578502385,10.804563118603802,-0.04442383388865811,-27.51529
mbg-by-multibank-group,mbg,MBG By Multibank Group,0.300397,79874427,334,4557620.0,0.302138,0.297601,0.00037487,0.12495,-12.322104893700844,-17.501304423151787,265876911.19015044,995139999.9999999,2.56,-88.25055,0.282385,2026-04-27T09:09:45.388Z,0.004537000000000013,1.5245244471624804,2026-04-27 09:10:13,0,47,Neutral,37.3,14,Low,Small,Strong Bear,0,0.2626696024624852,18.195966309446973,15.332311334825965,-8.688177211575894,-88.25055
everything,ev,Everything,0.00080087,79848866,335,494.81,0.00082697,0.00079985,-6.958810884285e-06,-0.86142,-4.804284519403476,29.3088186451455,99702143253.6724,99702143253.6724,0.00090745,-11.74427,0.00031577,2026-04-27T06:13:28.928Z,2.7120000000000052e-05,3.3906357442020445,2026-04-27 09:10:13,0,47,Neutral,37.3,14,Medium,Small,Bullish,0,0.000800549474742842,18.195646243420057,6.206192788820845,14.22369932257275,-11.74427
zilliqa,zil,Zilliqa,0.00407402,79552608,338,10904552.0,0.00421508,0.00405583,-8.470550515952e-05,-2.03682,3.723131419261963,7.462225863173841,19513551525.0,20432942555.75182,0.255376,-98.40623,0.00239616,2026-04-27T09:09:42.923Z,0.00015925000000000054,3.92644662128345,2026-04-27 09:10:13,0,47,Neutral,37.3,14,Medium,Small,Neutral,0,0.004065743651577459,18.19192910919329,16.20469096640635,2.7127029315869207,-98.40623
turbo,turbo,Turbo,0.00115333,79544353,336,11127291.0,0.0012159,0.00114527,-4.3926926937174e-05,-3.66895,2.047360396809294,11.271941176134618,69000000000.0,69000000000.0,0.01431669,-91.96029,6.518e-05,2026-04-27T09:09:57.812Z,7.062999999999991e-05,6.1671047002016905,2026-04-27 09:10:13,0,47,Neutral,37.3,14,High,Small,Bullish,0,0.0011526654258886425,18.191825335999237,16.224911387268772,3.8014955880673087,-91.96029
holotoken,hot,Holo,0.00044701,79352615,339,4663214.0,0.00045727,0.00044096,-9.563576187835e-06,-2.09466,6.3945841955741916,7.49773204914722,177619433541.1413,177619433541.1413,0.03126682,-98.57538,0.0002202,2026-04-27T09:09:43.257Z,1.631000000000001e-05,3.6987481857764903,2026-04-27 09:10:13,0,47,Neutral,37.3,14,Medium,Small,Neutral,0,0.0004469101207935109,18.189411972257158,15.355215682383548,2.7015360245736098,-98.57538
unifai-network,uai,UnifAI Network,0.331702,79198075,337,2896489.0,0.332953,0.298393,0.0294341,9.73776,54.710888652397514,58.53140561035451,239000000.0,1000000000.0,0.609072,-45.32474,0.06003,2026-04-27T09:09:46.095Z,0.03455999999999998,11.5820411336727,2026-04-27 09:10:13,0,47,Neutral,37.3,14,Extreme,Small,Bullish,0,0.28645782336458814,18.187462563560285,14.879010217070253,34.13458280517725,-45.32474
nexpace,nxpc,Nexpace,0.296009,79094691,340,5063666.0,0.303989,0.294747,-0.007873125728212083,-2.59085,1.5399482382029028,6.258419354161762,267248709.1697733,994552574.1697733,3.77,-92.17116,0.246863,2026-04-27T09:09:45.213Z,0.009242000000000028,3.135570506230777,2026-04-27 09:10:13,0,47,Neutral,37.3,14,Medium,Small,Neutral,0,0.2592895423504149,18.18615632555578,15.43760148235014,1.833784677080881,-92.17116
basedhype,basedhype,BasedHype,0.00788133,78814775,341,110.18,0.00823015,0.00783633,-9.969237696698e-06,-0.12633,18.251352732198896,34.61903815249367,10000000000.0,10000000000.0,0.01997093,-60.53319,0.00403031,2026-04-27T09:09:45.597Z,0.0003938199999999996,5.025566815077971,2026-04-27 09:10:13,0,47,Neutral,37.3,14,High,Small,Bullish,0,0.007850434544068202,18.182611049940157,4.711150509525323,17.246354076246835,-60.53319
creditcoin-2,ctc,Creditcoin,0.146678,78571957,342,5761528.0,0.152714,0.145458,-0.00285302259919526,-1.90798,1.245745769179025,1.3080818731949555,535658812.0,599999997.0,8.67,-98.3089,0.128298,2026-04-27T09:09:41.505Z,0.007255999999999985,4.988381525938748,2026-04-27 09:10:13,0,47,Neutral,37.3,14,Medium,Small,Neutral,0,0.13686906638928387,18.179525425294592,15.566713448834976,-0.29994906340252225,-98.3089
rosa-inu,rosa,Rosa Inu,0.00078463,78463292,349,8321375.0,0.00081661,0.00076173,-4.659484531055e-06,-0.59034,71.93673456371309,461.4601813012528,100000000000.0,100000000000.0,0.02197204,-96.51608,0.00012343,2026-04-27T09:09:43.691Z,5.487999999999999e-05,7.204652567182597,2026-04-27 09:10:13,0,47,Neutral,37.3,14,High,Small,Bullish,0,0.0007843223388045008,18.17814146829574,15.934338183738248,230.4349206506264,-96.51608
comedian,ban,Comedian,0.078219,78109624,343,18954213.0,0.09103,0.071887,-0.01010631510902453,-11.44217,17.76382377302191,38.19976928960359,999961859.27,999961859.27,0.37799,-79.36373,0.00929085,2026-04-27T09:09:59.167Z,0.019142999999999993,26.629293196266353,2026-04-27 09:10:13,0,47,Neutral,37.3,14,Extreme,Small,Bullish,0,0.07531060584269648,18.17362384665318,16.75753683944131,13.378799644801793,-79.36373
gauntlet-usd-alpha,gtusda,Gauntlet USD Alpha,1.064,77652783,344,4.12,1.064,1.064,0.000126,0.01185,0.09014264744627333,0.3908163351979092,73240414.01,1072065.669854757,1.064,0.0,1.053,2026-04-27T09:05:10.454Z,0.0,0.0,2026-04-27 09:10:13,0,47,Neutral,37.3,14,Low,Small,Neutral,0,0.7246458476193163,18.16775796010364,1.6331544390514163,0.2013331675989546,0.0
bitcastle-token,bce,bitcastle Token,0.193005,77175041,348,119653.0,0.197025,0.19151,-0.000466132610199538,-0.24093,3.3919452352691044,13.48011816666282,400000000.0,1000000000.0,0.208795,-7.87288,0.051889,2026-04-27T09:09:45.910Z,0.005514999999999992,2.879745183019159,2026-04-27 09:10:13,0,47,Neutral,37.3,14,Medium,Small,Bullish,0,0.1764753342218329,18.161586672570035,11.692359523617672,6.6195940833314095,-7.87288
toshi,toshi,Toshi,0.00018394,77141608,345,9800585.0,0.00019411,0.00018165,-2.298358572181e-06,-1.23409,4.393151030432367,-2.3432492943078187,420690000000.0,420690000000.0,0.00226012,-91.89739,1.8963e-08,2026-04-27T09:09:54.370Z,1.246e-05,6.859344894026975,2026-04-27 09:10:13,0,47,Neutral,37.3,14,High,Small,Bearish,0,0.00018392308511238451,18.16115336870676,16.097952737771465,-1.7886696471539092,-91.89739
blur,blur,Blur,0.02772062,77126480,346,13686509.0,0.02899449,0.0269535,-0.001255255133732706,-4.33207,-8.439435435414868,58.5430070813384,2785858030.964611,3000000000.0,5.02,-99.45246,0.01672914,2026-04-27T09:09:52.980Z,0.002040990000000003,7.572263342423073,2026-04-27 09:10:13,0,47,Neutral,37.3,14,High,Small,Bullish,0,0.027343359668682756,18.160957242598652,16.43192123415802,27.1054685406692,-99.45246
proton,xpr,XPR Network,0.00267556,76913563,347,5300995.0,0.00296749,0.00250568,0.00013257,5.21312,14.070537294811258,15.88456518091625,28652669445.0618,31935995392.13039,0.100088,-97.32419,0.00054716,2026-04-27T09:09:41.518Z,0.00046181,18.430525845279526,2026-04-27 09:10:13,0,47,Neutral,37.3,14,Extreme,Small,Bullish,0,0.002671987060999377,18.158192803837355,15.48340528539505,10.548842590458126,-97.32419
metal-blockchain,metal,Metal Blockchain,0.15238,76305198,350,664141.0,0.158315,0.144991,0.00379461,2.55382,12.200988065948096,18.184276527059303,507639839.0528355,666666666.0,1.65,-90.78238,0.03510303,2026-04-27T09:09:42.519Z,0.013324000000000003,9.189535902228416,2026-04-27 09:10:13,0,47,Neutral,37.3,14,High,Small,Bullish,0,0.1418293689925952,18.15025163285863,13.406251261016447,10.369048263529653,-90.78238
helio-protocol-hay,lisusd,Lista USD,0.998424,76207156,351,84706.0,0.998875,0.998374,-0.00010230168404024,-0.01025,-0.03248781838738287,0.017054905202626605,76326841.87243524,76326841.87243524,2.0,-50.11196,0.208609,2026-04-27T09:09:42.572Z,0.0005009999999999737,0.05018159527391275,2026-04-27 09:10:13,0,47,Neutral,37.3,14,Low,Small,Neutral,0,0.6923588699247476,18.148965940130818,11.346953521853365,0.0034024526013133024,-50.11196
oasis-network,rose,Oasis,0.01002665,76108214,352,4300368.0,0.01029973,0.00991118,-0.000206980450394719,-2.02255,-8.31738980575652,-5.724408500906187,7588559299.0,10000000000.0,0.597347,-98.32599,0.00932462,2026-04-27T09:09:49.905Z,0.00038854999999999966,3.9203202847693173,2026-04-27 09:10:13,0,47,Neutral,37.3,14,Medium,Small,Bearish,0,0.009976716643673913,18.147666767071428,15.274211390935472,-3.8734792504530935,-98.32599
deep,deep,DeepBook,0.03031975,75818770,353,5622451.0,0.03230518,0.03017146,-0.000531084876697799,-1.72146,1.1682780082779807,18.09966990956242,2500000000.0,10000000000.0,0.341085,-91.13169,0.01073218,2026-04-27T09:09:56.896Z,0.002133720000000002,7.071981269716487,2026-04-27 09:10:13,0,47,Neutral,37.3,14,High,Small,Bullish,0,0.029869190959186012,18.14385645847767,15.542278425651554,8.18910495478121,-91.13169
ronin,ron,Ronin,0.098126,75792337,354,4132853.0,0.102566,0.097193,-0.002995689554830164,-2.96247,3.7437264735192035,12.825368894526768,772401679.4337813,1000000000.0,4.45,-97.7976,0.080897,2026-04-27T09:09:42.392Z,0.005373000000000003,5.5281758974411765,2026-04-27 09:10:13,0,47,Neutral,37.3,14,High,Small,Bullish,0,0.09360509060195168,18.143507763709295,15.234478767440441,4.931449447263384,-97.7976
aioz-network,aioz,AIOZ Network,0.060753,75616977,358,6389071.0,0.062917,0.060444,-0.001433368133176217,-2.30496,0.977332380795912,3.2170855391281763,1244656772.64892,1249907871.029073,2.65,-97.71863,0.01099588,2026-04-27T09:09:45.050Z,0.002473000000000003,4.091390377870431,2026-04-27 09:10:13,0,47,Neutral,37.3,14,Medium,Small,Neutral,0,0.05897903328390098,18.141191392655763,15.67009958889021,0.4560627695640882,-97.71863
gmx,gmx,GMX,7.28,75613009,355,8314833.0,7.48,7.01,0.274229,3.91416,15.440500432624107,16.689218572938454,10385802.64508524,10385802.64508524,91.07,-92.003,5.41,2026-04-27T09:09:42.292Z,0.47000000000000064,6.704707560627685,2026-04-27 09:10:13,0,47,Neutral,37.3,14,High,Small,Bullish,0,2.1138429683971687,18.141138916291077,15.933551706489258,10.301689286469227,-92.003
would,would,would,0.075619,75553388,356,15973.03,0.079047,0.075467,-0.001682072032936105,-2.17601,-4.397963775948154,59.99112784630526,999452550.730586,999452550.730586,0.701724,-89.17709,0.00142393,2026-04-27T09:09:44.370Z,0.00358,4.743795301257503,2026-04-27 09:10:13,0,47,Neutral,37.3,14,Medium,Small,Bullish,0,0.0728963098158718,18.14035010338707,9.678719557527405,28.90755892315263,-89.17709
tradable-na-neobank-sstl,pc0000023,Tradable NA Neobank SSTL,1.0,75000000,360,0.0,1.0,1.0,0.0,0.0,0.0,0.0,75000000.0,75000000.0,1.0,0.0,1.0,2026-04-27T09:05:10.195Z,0.0,0.0,2026-04-27 09:10:13,0,47,Neutral,37.3,14,Low,Small,Bearish,0,0.6931471805599453,18.132998684833918,0.0,0.0,0.0
apyusd,apyusd,apyUSD,1.36,74995394,359,128393.0,1.36,1.35,-0.000618848135270467,-0.04556,3.2582267009259915,0.9086008703439202,55239318.07617428,55239318.07617428,1.52,-10.40515,1.31,2026-04-27T09:09:52.737Z,0.010000000000000009,0.7407407407407414,2026-04-27 09:10:13,0,47,Neutral,37.3,14,Low,Small,Neutral,0,0.8586616190375187,18.132937269615528,11.762858940174203,0.4315204351719601,-10.40515
cygnus-finance-global-usd,cgusd,Cygnus Finance Global USD,0.994377,74982846,361,11.12,0.994483,0.994267,-2.9365925640068e-05,-0.00295,-0.028922199263232654,-0.15242758970110154,75406829.066893,75406829.066893,1.089,-8.64847,0.724325,2026-04-27T09:09:43.439Z,0.00021599999999999397,0.02172454682695835,2026-04-27 09:10:13,0,47,Neutral,37.3,14,Low,Small,Bearish,0,0.6903317208703005,18.13276993867656,2.4948569806411682,-0.07768879485055077,-8.64847
sahara-ai,sahara,Sahara AI,0.02287474,74903088,362,44288136.0,0.02711448,0.02265807,-0.002796880511102679,-10.89483,7.899773487868922,-9.104849927414756,3274375000.0,10000000000.0,0.160529,-85.75636,0.01354919,2026-04-27T09:09:47.071Z,0.004456410000000001,19.668091765980073,2026-04-27 09:10:13,0,47,Neutral,37.3,14,Extreme,Small,Bearish,0,0.022617035679869894,18.131705689292573,17.606227411343422,-9.999839963707378,-85.75636
wormhole,w,Wormhole,0.01302495,74902426,363,21040772.0,0.0138927,0.01293954,-0.00086774774542903,-6.24607,3.8323647948594317,-13.50362687303513,5750688748.0,10000000000.0,1.66,-99.21599,0.01174426,2026-04-27T09:09:43.612Z,0.0009531599999999998,7.366258769631686,2026-04-27 09:10:13,0,47,Neutral,37.3,14,High,Small,Bearish,0,0.01294085477567578,18.131696851166748,16.86197268470263,-9.874848436517563,-99.21599
felix-feusd,feusd,Felix feUSD,0.997628,74811175,364,73583.0,1.0,0.993094,0.00040083,0.04019,-0.10490662637236707,-0.278912389803295,75004069.0,8903072264.514801,1.067,-6.62017,0.705908,2026-04-27T09:09:45.358Z,0.006905999999999968,0.6954024493149659,2026-04-27 09:10:13,0,47,Neutral,37.3,14,Low,Small,Bearish,0,0.6919604767053759,18.130477843548586,11.206182889779704,-0.11936119490164751,-6.62017
baby-doge-coin,babydoge,Baby Doge Coin,4.10877e-10,74682466,365,2845939.0,4.27069e-10,4.08414e-10,-1.0498666e-11,-2.49152,-1.8704093177009273,6.503424737153038,1.8172764380714442e+17,4.2e+17,6.498e-09,-93.67338,9.4771e-11,2026-04-27T09:09:54.365Z,1.8654999999999973e-11,4.567669080883607,2026-04-27 09:10:13,0,47,Neutral,37.3,14,Medium,Small,Neutral,0,4.1087699991559005e-10,18.12875591037177,14.861403975189042,2.0059523685765193,-93.67338
cysic,cys,Cysic,0.461412,74509023,357,21692251.0,0.484932,0.416696,0.02109336,4.79048,8.917399679957722,26.661237776393225,160800000.0,1000000000.0,0.750805,-37.68113,0.133183,2026-04-27T09:09:46.057Z,0.06823599999999996,16.375487165703525,2026-04-27 09:10:13,0,47,Neutral,37.3,14,Extreme,Small,Bullish,0,0.3794030916454966,18.12643080353122,16.892465704061667,15.725858888196612,-37.68113
bc-token,bc,BCGame Coin,0.00742906,74205098,368,187059.0,0.00856868,0.00720456,-1.8881032930962e-05,-0.25351,-4.1579336468863675,9.42871214672316,9989326216.13088,9989326216.13088,0.01195521,-37.89239,0.00291432,2026-04-27T09:09:52.238Z,0.0013641200000000008,18.93411950209313,2026-04-27 09:10:13,0,47,Neutral,37.3,14,Extreme,Small,Neutral,0,0.007401600448996068,18.12234342545307,12.139184699988542,4.58760107336158,-37.89239
matrixdock-gold,xaum,Matrixdock Gold,4718.91,74020178,369,1564521.0,4744.07,4689.12,-13.907449116336466,-0.29385,-1.5297447860419937,5.093021114659789,15688.223888739,15688.223888739,5574.96,-15.29108,2563.55,2026-04-27T09:09:51.167Z,54.94999999999982,1.171861671273071,2026-04-27 09:10:13,0,47,Neutral,37.3,14,Low,Small,Neutral,0,8.459545010601198,18.119848303184693,14.263090903992843,2.3995855573298943,-15.29108
zetachain,zeta,ZetaChain,0.054248,74003610,367,5683021.0,0.059179,0.053991,-0.003282289638817867,-5.70532,2.1224061444873166,8.040467540323336,1363906250.0,2100000000.0,2.85,-98.0973,0.04581773,2026-04-27T09:09:43.081Z,0.005188000000000005,9.609008908892234,2026-04-27 09:10:13,0,47,Neutral,37.3,14,High,Small,Neutral,0,0.0528277165594982,18.119624447275193,15.552993691466558,1.1675737701616677,-98.0973
nervos-network,ckb,Nervos Network,0.0015192,73930107,366,24283055.0,0.00172252,0.00151462,-0.000102539336697417,-6.32281,0.5735051674431092,9.853358944939702,48658326450.45074,49450786955.95978,0.04370633,-96.52394,0.00132283,2026-04-27T09:09:57.042Z,0.0002079,13.726215156276822,2026-04-27 09:10:13,0,47,Neutral,37.3,14,Extreme,Small,Neutral,0,0.001518047183105256,18.118630718373552,17.00528938114464,1.765274472469851,-96.52394
orca,orca,Orca,1.21,73246166,370,195920483.0,1.83,1.2,-0.5211251327191226,-30.08614,33.825890267703855,40.20278578636682,60798790.37384,74999558.710979,20.33,-94.07629,0.351125,2026-04-27T09:09:42.274Z,0.6300000000000001,52.500000000000014,2026-04-27 09:10:13,0,47,Neutral,37.3,14,Extreme,Small,Bullish,0,0.7929925155296614,18.10933647684726,19.093219441001214,5.0583228931834086,-94.07629
coinex-token,cet,CoinEx,0.02898326,73241523,371,44754.0,0.02918867,0.02897301,-0.000141059275975814,-0.48433,-3.2049207045001764,-2.525345687504117,2527028027.79,2527028027.79,0.150293,-80.72084,0.00410696,2026-04-27T09:09:59.840Z,0.00021565999999999946,0.7443479293314691,2026-04-27 09:10:13,0,47,Neutral,37.3,14,Low,Small,Bearish,0,0.02857118849800926,18.10927308585557,10.708958449305038,-1.5048378437520584,-80.72084
tagger,tag,TAGGER,0.00067155,72993502,373,3734272.0,0.00069462,0.00066453,1.42e-06,0.21224,3.8710870429524973,16.728954033582983,108864805114.17,405380800000.0,0.00126186,-46.91625,1.934e-05,2026-04-27T09:09:54.015Z,3.0089999999999978e-05,4.52801227935533,2026-04-27 09:10:13,0,47,Neutral,37.3,14,Medium,Small,Bullish,0,0.0006713246111996709,18.10588099515193,15.133063712355552,8.470597016791492,-46.91625
fogo,fogo,Fogo,0.01907317,72710501,374,5063784.0,0.01992531,0.01894738,0.00012095,0.63821,-0.848642825333912,12.83909976205832,3812813872.582935,9986791092.72024,0.062549,-69.47716,0.01581099,2026-04-27T09:09:45.640Z,0.0009779300000000019,5.16129406809808,2026-04-27 09:10:13,0,47,Neutral,37.3,14,High,Small,Bullish,0,0.018893557354537235,18.10199638874214,15.437624785348762,6.73865488102916,-69.47716
audiera,beat,Audiera,0.520835,72599121,375,6364612.0,0.573202,0.520191,-0.027992083898397135,-5.10035,9.930148257512768,2.042182358379024,139300000.0,1000000000.0,4.91,-89.38836,0.067925,2026-04-27T09:10:02.621Z,0.05301100000000003,10.190679961783275,2026-04-27 09:10:13,0,47,Neutral,37.3,14,Extreme,Small,Neutral,0,0.4192595261303107,18.100463386057985,15.6662639868683,-1.5290838208104878,-89.38836
mimblewimblecoin,mwc,MimbleWimbleCoin,6.65,72303775,372,145377.0,6.84,6.07,-0.0709605248024765,-1.05584,11.938362899944991,-7.188111215257449,11005651.16778802,11005921.41778802,38.81,-82.94362,0.298733,2026-04-27T09:09:46.406Z,0.7699999999999996,12.68533772652388,2026-04-27 09:10:13,0,47,Neutral,37.3,14,Extreme,Small,Bearish,0,2.0347056478384444,18.09638691259786,11.88709252589351,-4.121975607628725,-82.94362
arkham,arkm,Arkham,0.115999,72221007,376,8609805.0,0.122168,0.115124,-0.006168983163138977,-5.04958,-11.675158450803503,19.996864284175807,622760291.0,1000000000.0,3.98,-97.09039,0.091695,2026-04-27T09:09:54.288Z,0.007043999999999995,6.118619922865775,2026-04-27 09:10:13,0,47,Neutral,37.3,14,High,Small,Bullish,0,0.10974996790137008,18.095241531068716,15.96841234421046,7.473642142087904,-97.09039
dai-on-pulsechain,dai,DAI on PulseChain,0.00162597,72120127,378,536782.0,0.0018072,0.00158918,-0.000153172202320071,-8.60933,-14.812181708540217,44.27293246207722,44358948572.01558,44358948572.01558,0.03373531,-95.18586,1.02312e-13,2026-04-27T09:09:43.726Z,0.00021801999999999998,13.719024905926325,2026-04-27 09:10:13,0,47,Neutral,37.3,14,Extreme,Small,Bullish,1,0.001624649541935906,18.09384373111756,13.19334919498761,17.83180123103861,-95.18586
debridge,dbr,deBridge,0.01347233,71652534,377,6187376.0,0.0138135,0.01334175,-9.27954269936e-05,-0.68407,7.766531536793006,-18.337081340790967,5325146909.0,10000000000.0,0.05521,-75.62896,0.01238776,2026-04-27T09:09:44.399Z,0.00047174999999999995,3.5358929675642248,2026-04-27 09:10:13,0,47,Neutral,37.3,14,Medium,Small,Strong Bear,0,0.013382385106541089,18.08733909193359,15.638021806873619,-9.510575670395482,-75.62896
plume,plume,Plume,0.0128328,71171612,379,29570978.0,0.0140302,0.01280555,-0.000535594316427699,-4.00642,4.902938240164845,23.776051324994345,5545561594.0,10000000000.0,0.247537,-94.81642,0.00854877,2026-04-27T09:09:44.712Z,0.001224649999999999,9.563431480881327,2026-04-27 09:10:13,0,47,Neutral,37.3,14,High,Small,Bullish,0,0.012751157349411561,18.08060460306247,17.202303999160215,9.884815662497171,-94.81642
temple,temple,TempleDAO,2.99,70873572,380,15818.99,2.99,2.96,-0.0018602754538799,-0.06223,1.6953367782579771,-4.879253113075222,23722422.590706147,23769704.54225455,4.11,-27.35155,0.186329,2026-04-27T09:09:54.963Z,0.03000000000000025,1.0135135135135218,2026-04-27 09:10:13,0,47,Neutral,37.3,14,Low,Small,Bearish,0,1.3837912309017721,18.076408185770696,9.669029609210193,-2.470741556537611,-27.35155
ontology,ont,Ontology,0.070382,70419057,381,8323450.0,0.074303,0.070205,-0.003830577904276142,-5.16161,-5.468755027121085,6.81143582868064,1000000000.0,1000000000.0,10.92,-99.35587,0.0390593,2026-04-27T09:09:43.901Z,0.0040979999999999905,5.837191083256164,2026-04-27 09:10:13,0,47,Neutral,37.3,14,High,Small,Neutral,0,0.06801559410693628,18.069974494720142,15.934587510452278,0.8249129143403202,-99.35587
apes-2-2,apes,APES,0.078168,70317166,382,315359.0,0.079758,0.077694,-0.000202230843198536,-0.25805,4.00407897663826,16.804613372858878,900000000.0,900000000.0,0.07976,-1.95341,0.065435,2026-04-27T09:09:49.667Z,0.0020639999999999964,2.656575797358865,2026-04-27 09:10:13,0,47,Neutral,37.3,14,Medium,Small,Bullish,0,0.07526330450021065,18.068526523271395,12.661470122386547,8.273281686429439,-1.95341
midas-mf-one,mf-one,Midas mF-ONE,1.08,70185002,383,0.0,1.08,1.079,-0.000125027320565962,-0.01158,0.21923161185054404,0.8412456574008527,65024601.28194067,65024601.28194067,1.08,-0.06149,1.008,2026-04-27T09:10:01.570Z,0.001000000000000112,0.09267840593142836,2026-04-27 09:10:13,0,47,Neutral,37.3,14,Low,Small,Neutral,0,0.7323678937132266,18.066645213694738,0.0,0.4148328287004263,-0.06149
digibyte,dgb,DigiByte,0.00383019,69928162,384,2979394.0,0.00402625,0.00365143,3.078e-05,0.81016,-12.305892617890091,-4.968864547563853,18259577583.99197,18259814407.52112,0.178084,-97.85725,3.099e-05,2026-04-27T09:09:45.245Z,0.0003748200000000001,10.265019458130105,2026-04-27 09:10:13,0,47,Neutral,37.3,14,Extreme,Small,Bearish,0,0.0038228734987243553,18.06297903020874,14.907230817735982,-2.0793522737819266,-97.85725
astar,astr,Astar,0.00811297,69620330,385,1715219.0,0.00845232,0.00806495,-0.000242529401241738,-2.90263,0.058542035780881935,7.160400049590876,8587834020.0,8680054890.0,0.421574,-98.07901,0.00666508,2026-04-27T09:09:52.936Z,0.00038736999999999973,4.803129591627967,2026-04-27 09:10:13,0,47,Neutral,37.3,14,Medium,Small,Neutral,0,0.008080236782119561,18.058567194717188,14.355051910238398,2.128885024795438,-98.07901
fasttoken,ftn,Fasttoken,0.159833,69345834,386,64819.0,,,,,0.0,-85.30465725495054,433865414.6,870742437.0,4.61,-96.53095,0.159798,2026-04-02T03:55:53.306Z,,,2026-04-27 09:10:13,0,47,Neutral,37.3,14,Unknown,Small,Strong Bear,0,0.1482760292370021,18.054616645243136,11.079369476695538,-42.65232862747527,-96.53095
based-brett,brett,Brett,0.00695984,68969251,387,17642537.0,0.00732526,0.00688351,1.97e-05,0.28381,1.8860938662485922,15.000390283445753,9909607465.14937,9909607465.14937,0.234204,-97.02952,0.00084753,2026-04-27T09:09:43.706Z,0.0004417500000000003,6.41751083386238,2026-04-27 09:10:13,0,47,Neutral,37.3,14,High,Small,Bullish,0,0.006935732107002758,18.049171340053608,16.685823475744556,7.642100141722877,-97.02952
ai-rig-complex,arc,AI Rig Complex,0.068887,68890167,389,6142704.0,0.069755,0.064776,0.00388416,5.9754,-1.6650145160021077,42.702925334726054,999983259.337419,999983259.337419,0.623197,-89.04779,0.00987155,2026-04-27T09:09:48.734Z,0.004978999999999997,7.686488823020868,2026-04-27 09:10:13,0,47,Neutral,37.3,14,High,Small,Bullish,0,0.06661792018806718,18.04802402623675,15.630775756853945,24.339162667363027,-89.04779
irys,irys,Irys,0.03435948,68747519,388,6015276.0,0.03569641,0.03423025,-0.000605344422623333,-1.7313,5.068526314681595,68.65495138857254,2000000000.0,10000000000.0,0.068025,-49.27822,0.01652714,2026-04-27T09:09:46.073Z,0.001466160000000001,4.2832290152715835,2026-04-27 09:10:13,0,47,Neutral,37.3,14,Medium,Small,Bullish,0,0.03378237524111884,18.045951221133045,15.6098129578684,33.46182569428627,-49.27822
threshold-network-token,t,Threshold Network,0.00613378,68422271,390,3356547.0,0.00634255,0.00608847,-0.000148179459047069,-2.35881,-2.645941239784453,-0.08167156506588882,11155000000.0,11155000000.0,0.226934,-97.30166,0.00587541,2026-04-27T09:09:57.121Z,0.0002540799999999994,4.173133808657995,2026-04-27 09:10:13,0,47,Neutral,37.3,14,Medium,Small,Bearish,0,0.006115044943566708,18.041208943627122,15.026423622869446,-1.2202407825329444,-97.30166
usdgo,usdgo,USDGO,0.999782,67984962,391,3316338.0,1.0,0.999761,-0.000171455838670731,-0.01715,-0.007522370678444226,0.008269335602626732,68000230.0,68000230.0,1.002,-0.25939,0.998967,2026-04-27T09:09:41.409Z,0.00023899999999998922,0.023905713465517182,2026-04-27 09:10:13,0,47,Neutral,37.3,14,Low,Small,Neutral,0,0.6930381746190136,18.034797106334075,15.01437202161637,-0.004440332198686633,-0.25939
targon,sn4,Targon,14.78,67792534,394,1028345.0,15.33,14.44,0.217517,1.49378,6.760558349173931,-26.347093620054878,4574673.131833556,4574673.131833556,39.23,-62.56332,5.99,2026-04-27T09:09:55.358Z,0.8900000000000006,6.163434903047095,2026-04-27 09:10:13,0,47,Neutral,37.3,14,High,Small,Strong Bear,0,2.7587433154177283,18.03196264360398,13.84346224424378,-12.426656810027438,-62.56332
vaneck-treasury-fund,vbill,VanEck Treasury Fund,1.0,67337246,392,0.0,1.0,1.0,0.0,0.0,0.0,0.0,67337245.95278999,67337245.95278999,1.0,0.0,1.0,2026-04-27T09:00:13.154Z,0.0,0.0,2026-04-27 09:10:13,0,47,Neutral,37.3,14,Low,Small,Bearish,0,0.6931471805599453,18.025224088770624,0.0,0.0,0.0
dola-usd,dola,DOLA,0.991347,67174247,393,22114.0,0.994009,0.988251,0.0010343,0.10444,0.08709274084574244,-0.11769592184338301,67758305.5719453,77008118.24093905,1.87,-47.04762,0.088407,2026-04-27T09:09:42.289Z,0.005758000000000041,0.5826455020030378,2026-04-27 09:10:13,0,47,Neutral,37.3,14,Low,Small,Bearish,0,0.6888112941755753,18.022800517762306,10.004011390302427,-0.006627960921691503,-47.04762
saturn-dollar,usdat,Saturn Dollar,0.999916,66721644,395,896652.0,1.0,0.99935,-7.7837601241137e-05,-0.00778,0.024961700276239025,,66727722.199807,66727722.199807,1.043,-4.09152,0.994073,2026-04-27T09:09:41.337Z,0.0006500000000000394,0.06504227748036619,2026-04-27 09:10:13,0,47,Neutral,37.3,14,Low,Small,Unknown,0,0.6931051796779206,18.016039970986608,13.70642422115807,-0.00389,-4.09152
nano,xno,Nano,0.500368,66619378,396,869179.0,0.531971,0.496939,-0.008118438407014983,-1.59659,-5.151399525436318,11.50657918395767,133248297.0,133248297.0,33.69,-98.51762,0.026179,2026-04-27T09:09:46.292Z,0.03503199999999995,7.049557390343675,2026-04-27 09:10:13,0,47,Neutral,37.3,14,High,Small,Bullish,0,0.40571041135219665,18.014506069161296,13.675305517435627,4.954994591978835,-98.51762
alchemist-ai,alch,Alchemist AI,0.078153,66478216,397,9268666.0,0.080283,0.077559,-0.001882120387896535,-2.35162,8.75802697971452,11.596214250055196,850000000.0,999953818.653936,0.243323,-67.83807,0.01435554,2026-04-27T09:09:50.045Z,0.0027239999999999903,3.512164932502985,2026-04-27 09:10:13,0,47,Neutral,37.3,14,Medium,Small,Bullish,0,0.07524939191483933,18.012384888055532,16.042150130006977,4.622297125027598,-67.83807
movement,move,Movement,0.01809629,66462495,398,12115799.0,0.018986,0.0180702,-0.000638588113758366,-3.40855,-3.7291357712021274,1.7230048122444126,3672916667.0,10000000000.0,1.45,-98.7518,0.01675458,2026-04-27T09:09:46.388Z,0.0009157999999999979,5.068012528914997,2026-04-27 09:10:13,0,47,Neutral,37.3,14,High,Small,Neutral,0,0.017934501081548586,18.012148376610416,16.31002094389497,-0.8427725938777937,-98.7518
non-playable-coin,npc,Non-Playable Coin,0.00827126,66409064,399,5199011.0,0.00857998,0.00823618,-0.000128899589473893,-1.53449,9.338186303289055,11.581692622098313,8050126520.0,8050126520.0,0.066169,-87.53114,4.561e-05,2026-04-27T09:09:42.966Z,0.0003438,4.174265254037674,2026-04-27 09:10:13,0,47,Neutral,37.3,14,Medium,Small,Bullish,0,0.008237240589201663,18.011344126212844,15.463979165499369,5.023601311049156,-87.53114
mindwavedao,nila,MindWaveDAO,0.078758,66323689,401,115515.0,0.079277,0.078249,-0.000422019853713762,-0.53299,0.382989687457273,-4.164012164871729,842766176.55,1057021569.0,0.39007,-79.88421,0.0014606,2026-04-27T09:10:00.205Z,0.0010280000000000011,1.3137548083681596,2026-04-27 09:10:13,0,47,Neutral,37.3,14,Low,Small,Bearish,0,0.07581037937873233,18.01005770656799,11.657164327488378,-2.3485010824358645,-79.88421
axelar,axl,Axelar,0.057109,66272688,400,17986823.0,0.060986,0.055821,0.00106397,1.89841,4.542170500410714,19.019045538537235,1159570513.100035,1238745190.832003,2.64,-97.8446,0.04272336,2026-04-27T09:09:42.677Z,0.005164999999999996,9.252790168574542,2026-04-27 09:10:13,0,47,Neutral,37.3,14,High,Small,Bullish,0,0.05553782361490756,18.009288439670964,16.705150047817625,10.458727769268616,-97.8446
megausd,usdm,MegaUSD,0.999337,65794252,402,667691.0,1.003,0.996564,-0.000425161868931601,-0.04253,-0.02175689235031472,0.01008369470893649,65832275.04971,65832275.04971,1.017,-1.75108,0.977115,2026-04-27T09:09:45.872Z,0.006435999999999886,0.645819034201505,2026-04-27 09:10:13,0,47,Neutral,37.3,14,Low,Small,Neutral,0,0.6928156256016742,18.002043052055615,13.411582268345397,-0.016223152645531754,-1.75108
kava,kava,Kava,0.060569,65561925,403,3841631.0,0.064125,0.060281,-0.001909667584735424,-3.0565,7.410796345623903,16.06936915173815,1082847040.0,1082847040.0,9.12,-99.33746,0.04569939,2026-04-27T09:09:46.420Z,0.003844,6.376801977405816,2026-04-27 09:10:13,0,47,Neutral,37.3,14,High,Small,Bullish,0,0.05880555655527473,17.9985056890777,15.16140783427699,6.506434575869076,-99.33746
puff-the-dragon,puff,Puff The Dragon,0.073521,65512105,404,4711.98,0.074116,0.06965,-0.000254405052678514,-0.34484,-0.885222702210696,-1.9757219926871576,888888888.0,888888888.0,0.330448,-77.70493,0.03916614,2026-04-27T09:10:00.525Z,0.004465999999999998,6.412060301507534,2026-04-27 09:10:13,0,47,Neutral,37.3,14,High,Small,Bearish,0,0.07094390032514748,17.99774550795503,8.458075683333144,-1.1602809963435787,-77.70493
rekt-4,rekt,Rekt,1.53761e-07,64683818,405,748588.0,1.58013e-07,1.48666e-07,4.353e-09,2.91333,13.297008680411853,8.760134252846681,420690000000000.0,420690000000000.0,1.41e-06,-89.09623,3.1106e-08,2026-04-27T09:09:44.338Z,9.347000000000011e-09,6.287247924878595,2026-04-27 09:10:13,0,47,Neutral,37.3,14,High,Small,Neutral,0,1.5376098817877867e-07,17.985021635457024,13.525945380248862,5.836732126423341,-89.09623
bio-protocol,bio,Bio Protocol,0.03000046,64338462,407,45676740.0,0.0319169,0.02863641,0.00031308,1.05459,12.536294298854155,83.78539996398884,2145029070.25,3320000000.0,0.888995,-96.64025,0.01589991,2026-04-27T09:09:44.556Z,0.003280489999999997,11.455660817818982,2026-04-27 09:10:13,0,47,Neutral,37.3,14,Extreme,Small,Bullish,0,0.029559248843386423,17.97966819077362,17.637099776633814,42.41999498199442,-96.64025
aelf,elf,aelf,0.078452,64302600,406,1091941.0,0.07905,0.07814,-0.000385802418960607,-0.48936,-1.10661724329988,0.5703751302291602,819518115.3863482,996445610.3521582,2.6,-96.98979,0.03545756,2026-04-27T09:09:41.986Z,0.0009099999999999941,1.1645764013309368,2026-04-27 09:10:13,0,47,Neutral,37.3,14,Low,Small,Neutral,0,0.07552667959794847,17.979110639400613,13.903468320323299,0.04050756511458009,-96.98979
numeraire,nmr,Numeraire,9.06,63777965,408,6171326.0,9.35,8.96,0.00810814,0.08961,9.572147719526152,37.035152765963346,7041756.576167998,10638307.1676395,93.15,-90.30579,2.06,2026-04-27T09:09:46.323Z,0.3899999999999988,4.352678571428557,2026-04-27 09:10:13,0,47,Neutral,37.3,14,Medium,Small,Bullish,0,2.3085671646715933,17.970918328162778,15.635424445690251,18.562381382981673,-90.30579
greyhunt,hunt,Greyhunt,2.94,63382927,409,7032.66,2.95,2.94,-0.000421819545256774,-0.01432,0.6854810834654951,-33.71108442205531,21526688.476661593,100000000.0,8.28,-64.43003,0.633867,2026-04-27T09:09:41.237Z,0.010000000000000231,0.3401360544217766,2026-04-27 09:10:13,0,47,Neutral,37.3,14,Low,Small,Strong Bear,0,1.3711807233098425,17.96470510869863,8.85846247521512,-16.862702211027653,-64.43003
dusk-network,dusk,DUSK,0.126497,63283357,411,5838047.0,0.131112,0.125355,-0.004615003436668735,-3.5199,-11.114992588809338,12.616761158112592,500000000.0,500000000.0,1.09,-88.42591,0.01113274,2026-04-27T09:09:47.105Z,0.005757000000000012,4.5925571377288605,2026-04-27 09:10:13,0,47,Neutral,37.3,14,Medium,Small,Bullish,0,0.11911281777077044,17.963132945755305,15.57990705235623,4.548430579056296,-88.42591
flow,flow,Flow,0.03804923,63078829,410,6113095.0,0.03968523,0.03769289,-0.001141140614033878,-2.91179,10.299155424995153,24.269973662978508,1657277323.422009,1657277323.422009,42.4,-99.90996,0.02821586,2026-04-27T09:09:46.385Z,0.001992340000000002,5.285718341045227,2026-04-27 09:10:13,0,47,Neutral,37.3,14,High,Small,Bullish,0,0.03734321136470167,17.959895772011386,15.625943913124425,10.679091831489254,-99.90996
polymesh,polyx,Polymesh,0.04956489,62949810,412,1860808.0,0.051326,0.04929749,-0.001572259826523779,-3.07459,-1.3440481781938585,11.570790984942356,1270048487.161879,1270048487.161879,0.748771,-93.379,0.03831383,2026-04-27T09:09:42.626Z,0.0020285099999999973,4.114834244096397,2026-04-27 09:10:13,0,47,Neutral,37.3,14,Medium,Small,Bullish,0,0.04837568780978114,17.95784831606728,14.436521897364248,4.248100492471178,-93.379
straitsx-xusd,xusd,StraitsX XUSD,0.999965,62910192,413,12556024.0,0.999976,0.999534,0.0002413,0.02414,0.04741868384016875,0.011345487475552817,62913176.001,62913176.001,1.77,-43.54421,0.936389,2026-04-27T09:09:43.806Z,0.00044199999999994244,0.04422060680276433,2026-04-27 09:10:13,0,47,Neutral,37.3,14,Low,Small,Neutral,0,0.6931296804068185,17.957218759416246,16.345711188021962,0.017742743737776408,-43.54421
tronbank,tbk,TronBank,0.628125,62812453,414,111709.0,0.648304,0.625317,-0.001529184929609628,-0.24286,-3.5871723803822237,29.63154016310707,100000000.0,1000000000.0,2.98,-78.91533,0.319163,2026-04-27T09:09:46.127Z,0.02298699999999998,3.6760555046480388,2026-04-27 09:10:13,0,47,Neutral,37.3,14,Medium,Small,Bullish,0,0.4874290459595947,17.955663923879094,11.623661506564893,14.694340081553534,-78.91533
tradable-north-america-pos-lender-sstn,pc0000019,Tradable North America PoS Lender SSTN,1.0,62500000,415,0.0,1.0,1.0,0.0,0.0,0.0,0.0,62500000.0,62500000.0,1.0,0.0,1.0,2026-04-27T09:05:08.354Z,0.0,0.0,2026-04-27 09:10:13,0,47,Neutral,37.3,14,Low,Small,Bearish,0,0.6931471805599453,17.95067713070663,0.0,0.0,0.0
aztec,aztec,Aztec,0.02104157,62334913,416,8185439.0,0.0223921,0.0208631,-0.00079956688993145,-3.66083,-3.8515745503498984,11.71096999691399,2962545090.0,10350000000.0,0.03989623,-47.42369,0.01756324,2026-04-27T09:09:46.062Z,0.0015290000000000026,7.328728712415714,2026-04-27 09:10:13,0,47,Neutral,37.3,14,High,Small,Bullish,0,0.02082325333900451,17.948032244118004,15.91786752421485,4.0250699984569955,-47.42369
chainopera-ai,coai,ChainOpera AI,0.33094,62188248,417,4696975.0,0.35763,0.328725,-0.014780473137235961,-4.27527,10.879094058066404,25.58915155778919,188000098.0,1000000000.0,43.81,-99.2445,0.138148,2026-04-27T09:09:45.799Z,0.028905000000000014,8.79306411133927,2026-04-27 09:10:13,0,47,Neutral,37.3,14,High,Small,Bullish,0,0.28588545950883687,17.94567661703166,15.362429455351624,10.656940778894596,-99.2445
bitkub-coin,kub,KUB Coin,0.889585,61392562,418,213840.0,0.904872,0.888047,-0.00552729542699737,-0.6175,3.949577030229561,3.4017800988590716,68974776.0,110000000.0,17.24,-94.83686,0.381968,2026-04-27T09:09:41.975Z,0.01682499999999998,1.894606929588184,2026-04-27 09:10:13,0,47,Neutral,37.3,14,Low,Small,Neutral,0,0.636357228241477,17.932799262002792,12.272988027195431,1.3921400494295357,-94.83686
agentfun-ai,agentfun,AgentFun.AI,0.612216,61224483,419,50.49,0.617312,0.608748,0.00279458,0.45856,1.632214873480849,-4.5317837768974805,100000000.0,100000000.0,25.25,-97.57491,0.593806,2026-04-27T09:09:44.279Z,0.008564000000000016,1.4068218704620001,2026-04-27 09:10:13,0,47,Neutral,37.3,14,Low,Small,Bearish,0,0.47760963014512425,17.930057732837223,3.94138761405805,-2.03661188844874,-97.57491
swop-2,swop,Swop,0.00607179,60717843,420,3.31,0.00619514,0.00607119,5.9154e-07,0.00974,0.1599410094269104,0.10672248275165486,9999998190.509241,9999998190.509241,0.01391529,-56.36168,0.00604693,2026-04-27T09:09:45.171Z,0.00012395000000000028,2.041609635013898,2026-04-27 09:10:13,0,47,Neutral,37.3,14,Medium,Small,Neutral,0,0.006053430960439117,17.921748183174874,1.4609379041156565,0.05823124137582743,-56.36168
soon-2,soon,SOON,0.177682,60691666,421,6784210.0,0.195166,0.176486,-0.014189439784727198,-7.39529,1.0617068209796443,57.613772775233876,339791742.36,997233354.9052757,4.3,-95.85712,0.101005,2026-04-27T09:10:00.152Z,0.018680000000000002,10.584408961617353,2026-04-27 09:10:13,0,47,Neutral,37.3,14,Extreme,Small,Bullish,0,0.16354809972037324,17.921316964892384,15.73010855856454,25.109241387616937,-95.85712
zora,zora,Zora,0.0134244,60038529,422,8207254.0,0.01436328,0.01337057,-0.000834663088731955,-5.85356,-4.602083132253541,-8.429897327010877,4469999998.0,10000000000.0,0.145579,-90.78528,0.00778286,2026-04-27T09:09:47.773Z,0.0009927100000000008,7.424589976343572,2026-04-27 09:10:13,0,47,Neutral,37.3,14,High,Small,Bearish,0,0.013335091133148637,17.910497080752258,15.920529077166075,-7.141728663505439,-90.78528
eurite,euri,Eurite,1.17,59869138,423,2888326.0,1.17,1.17,0.00370508,0.31638,-0.014291619626814066,2.167091490315627,50968733.99990108,50968733.99990108,1.21,-2.6685,1.008,2026-04-27T09:09:58.245Z,0.0,0.0,2026-04-27 09:10:13,0,47,Neutral,37.3,14,Low,Small,Neutral,0,0.7747271675523681,17.90767172163895,14.87618799973196,1.2417357451578135,-2.6685
quantixai,qfi,Quantix Finance,59.57,59566017,424,1461641.0,61.3,59.5,-1.386995295578913,-2.27537,-4.0313275280508005,-14.736061109203607,1000000.0,10000000.0,109.6,-45.6561,0.228366,2026-04-27T09:09:43.398Z,1.7999999999999972,3.0252100840336085,2026-04-27 09:10:13,0,47,Neutral,37.3,14,Medium,Small,Bearish,0,4.103799720992856,17.902595801642878,14.195071019265258,-8.505715554601803,-45.6561
mog-coin,mog,Mog Coin,1.52031e-07,59500325,425,10166626.0,1.61611e-07,1.50842e-07,-2.708397741e-09,-1.7503,8.589694936807925,8.778429090079978,390561998053223.3,390561998053223.3,4.02e-06,-96.22186,4.526e-09,2026-04-27T09:09:43.021Z,1.0769000000000009e-08,7.139258296760855,2026-04-27 09:10:13,0,47,Neutral,37.3,14,High,Small,Neutral,0,1.520309884432887e-07,17.901492349492447,16.134621051262574,3.514064545039989,-96.22186
main-street-usd,msusd,Main Street USD,0.999938,59445154,426,848323.0,1.0,0.999696,0.00012562,0.01256,0.023202488765527864,-0.3119301458213757,59448897.70288141,59448897.70288141,2.0,-50.08975,0.978907,2026-04-27T09:09:55.366Z,0.00030399999999997096,0.030409244410297825,2026-04-27 09:10:13,0,47,Neutral,37.3,14,Low,Small,Bearish,0,0.6931161800794354,17.90056468072365,13.651017917273492,-0.14968507291068783,-50.08975
lab,lab,LAB,0.778834,58960634,432,75855648.0,0.951724,0.73365,-0.16404248412229838,-17.39809,40.62527565778312,256.88632180031794,76546099.142,1000000000.0,0.95589,-20.42923,0.074235,2026-04-27T09:09:45.991Z,0.218074,29.724528044707967,2026-04-27 09:10:13,0,47,Neutral,37.3,14,Extreme,Small,Bullish,0,0.5759580934811785,17.892380575800928,18.144342736924973,119.74411590015897,-20.42923
popcat,popcat,Popcat,0.060202,58953268,427,15016271.0,0.064878,0.059757,-0.001695084097248653,-2.73856,3.0691008905967565,27.132132402726665,979978669.96,979978669.96,2.05,-97.08097,0.00379728,2026-04-27T09:09:43.580Z,0.0051210000000000075,8.56970731462424,2026-04-27 09:10:13,0,47,Neutral,37.3,14,High,Small,Bullish,0,0.05845945600631076,17.892255637184537,16.524644971096144,12.196786201363333,-97.08097
pythia,pythia,PYTHIA,0.058912,58791944,428,846756.0,0.05907,0.058489,0.00020948,0.35685,-5.516949493606493,-3.196153050453334,998158306.139888,998158306.139888,0.125047,-52.91628,0.00413184,2026-04-27T09:09:45.066Z,0.0005809999999999982,0.993349176768278,2026-04-27 09:10:13,0,47,Neutral,37.3,14,Low,Small,Bearish,0,0.057241965904933176,17.88951541368898,13.649169037548711,-1.419651525226667,-52.91628
usdx,usdx,USDX,0.526586,58731233,429,1683.98,0.533301,0.524361,-0.001387189803927269,-0.26274,-8.792655167133471,1.0114212576297337,111568045.0,111568045.0,3.89,-86.4608,0.100156,2026-04-27T09:09:41.777Z,0.008940000000000059,1.7049322890146406,2026-04-27 09:10:13,0,47,Neutral,37.3,14,Low,Small,Neutral,0,0.4230338696340374,17.888482238686105,7.429508973279818,0.37434062881486685,-86.4608
sushi,sushi,Sushi,0.214254,58518291,430,8338326.0,0.224473,0.212704,-0.009601453763885548,-4.28914,1.8976566276579707,11.992401479803217,273012266.12632084,291514753.9009228,23.38,-99.08491,0.176242,2026-04-27T09:09:43.126Z,0.011769000000000002,5.533041221603732,2026-04-27 09:10:13,0,47,Neutral,37.3,14,High,Small,Bullish,0,0.19412989645282697,17.88484994708739,15.93637315469177,3.8516307399016085,-99.08491
home,home,HOME,0.01577209,58384152,433,2743309.0,0.01612676,0.0157244,-6.2352428579115e-05,-0.39378,1.7035128648076758,-18.895664544659038,3703611111.35,10000000000.0,0.04886411,-67.76795,0.01533261,2026-04-27T09:09:45.302Z,0.0004023600000000009,2.558825773956405,2026-04-27 09:10:13,0,47,Neutral,37.3,14,Medium,Small,Strong Bear,0,0.01564900312645969,17.882555058235912,14.82467577848117,-9.644722272329519,-67.76795
jupusd,jupusd,JupUSD,1.001,58193333,434,2803066.0,1.001,0.999346,0.00040886,0.04088,0.10210905420934208,-0.024291014209817267,58160858.45568,58160858.45568,1.021,-1.96024,0.885214,2026-04-27T09:09:45.969Z,0.0016539999999999333,0.16550824239051673,2026-04-27 09:10:13,0,47,Neutral,37.3,14,Low,Small,Bearish,0,0.6936470556015963,17.879281370059434,14.846224732822368,0.008294492895091366,-1.96024
vethor-token,vtho,VeThor,0.00057812,57542865,437,1095386.0,0.00059047,0.00057333,-8.307501563615e-06,-1.41664,1.8511758796028597,6.896726932200174,99561284614.0,99604485549.0,0.04671227,-98.7643,0.00015238,2026-04-27T09:09:44.384Z,1.7139999999999907e-05,2.989552264838733,2026-04-27 09:10:13,0,47,Neutral,37.3,14,Medium,Small,Neutral,0,0.0005779529530118357,17.868040723675897,13.90661828345049,2.740043466100087,-98.7643
zama,zama,Zama,0.02615944,57513134,435,7900196.0,0.02818576,0.02601359,-0.001958826774434163,-6.96638,-0.33465295093133673,11.728875537558494,2200000000.0,11000000000.0,0.04103617,-36.35376,0.01673142,2026-04-27T09:09:46.127Z,0.002172170000000001,8.350135448432919,2026-04-27 09:10:13,0,47,Neutral,37.3,14,High,Small,Bullish,0,0.0258231342854456,17.867523914462936,15.882398253835197,2.381247768779247,-36.35376
babylon,baby,Babylon,0.01535329,57498952,436,6935586.0,0.01575934,0.01522199,-0.000130224171647719,-0.84105,-0.8356478960825942,21.552406307433934,3745291954.98,10751516265.0,0.166134,-90.76223,0.0107208,2026-04-27T09:09:45.060Z,0.0005373500000000007,3.5300903495535123,2026-04-27 09:10:13,0,47,Neutral,37.3,14,Medium,Small,Bullish,0,0.015236620897318268,17.867277296906146,15.752176251263679,10.355678153716967,-90.76223
verus-coin,vrsc,Verus,0.723089,57395562,438,2439.24,0.780538,0.71517,-0.047422558618843036,-6.15468,-3.108589259508623,3.7876370074230308,80236491.82754937,80236491.82754937,6.74,-89.38735,0.00177843,2026-04-27T09:09:45.443Z,0.06536799999999998,9.140204426919471,2026-04-27 09:10:13,0,47,Neutral,37.3,14,High,Small,Neutral,0,0.5441186103034664,17.865477558650454,7.799851674105893,-1.1835214962884846,-89.38735
moo-deng,moodeng,Moo Deng,0.057802,57353846,439,12081460.0,0.062418,0.057249,-0.00066672872474742,-1.14032,7.614732170905179,27.928888207517172,989938372.29505,989938372.29505,0.680378,-91.50219,0.01544782,2026-04-27T09:09:53.974Z,0.005169,9.028978672116542,2026-04-27 09:10:13,0,47,Neutral,37.3,14,High,Small,Bullish,0,0.05619317036453667,17.864750478627336,16.30718268686645,13.394284103758586,-91.50219
hashkey-ecopoints,hsk,HashKey Platform Token,0.165713,57165558,440,119360.0,0.166978,0.165717,-0.001173395766923491,-0.70311,0.7745750158353513,5.359994466815444,344960009.0,1000000000.0,2.56,-93.52307,0.137712,2026-04-27T09:10:01.297Z,0.0012609999999999844,0.760935812258238,2026-04-27 09:10:13,0,47,Neutral,37.3,14,Low,Small,Neutral,0,0.15333291697891763,17.861462159621144,11.689907793418579,2.328442233407722,-93.52307
loaded-lions,lion,Loaded Lions,0.00185122,56719225,443,824360.0,0.00202853,0.0018431,-0.000151171749259674,-7.54955,-16.282864755603825,-30.95788829355568,30642643274.0,100000000000.0,0.03159196,-94.16269,0.0018431,2026-04-27T09:09:44.735Z,0.0001854300000000001,10.060767185719717,2026-04-27 09:10:13,0,47,Neutral,37.3,14,Extreme,Small,Strong Bear,0,0.0018495086040439036,17.853623794114785,13.622363819746964,-19.25371914677784,-94.16269
mocaverse,moca,Moca Network,0.01383664,56593623,441,8087879.0,0.01481465,0.01378495,-0.000896055260172161,-6.08209,4.022807781601285,9.186398882676302,4092939316.7625,8888888888.0,0.477373,-97.09478,0.01211243,2026-04-27T09:10:01.132Z,0.0010296999999999997,7.469740550382843,2026-04-27 09:10:13,0,47,Neutral,37.3,14,High,Small,Neutral,0,0.013741787653772458,17.851406886651226,15.905877202777125,1.5521544413381512,-97.09478
vvs-finance,vvs,VVS Finance,1.3e-06,56588865,442,73748.0,1.31e-06,1.29e-06,7.868e-09,0.60921,1.2146970346273807,-5.7649262537385155,43550331472463.74,95109375759623.39,0.00033093,-99.60702,1.27e-06,2026-04-27T09:09:42.312Z,2.000000000000002e-08,1.5503875968992265,2026-04-27 09:10:13,0,47,Neutral,37.3,14,Low,Small,Bearish,0,1.2999991550007325e-06,17.8513228100418,11.208422714788103,-2.5778581268692577,-99.60702
strategy-pp-variable-xstock,strcx,Strategy PP Variable xStock,102.87,56450005,444,30199.0,103.32,102.76,-0.3386793902720626,-0.32815,0.16526988564231995,-3.5116283892148146,548748.5397293777,1311547.001915571,110.13,-6.55564,94.51,2026-04-27T09:09:52.694Z,0.5599999999999881,0.5449591280653835,2026-04-27 09:10:13,0,47,Neutral,37.3,14,Low,Small,Bearish,0,4.64314011723972,17.84886595484869,10.31559720336296,-1.9198891946074073,-6.55564
bitdca,bdca,BitDCA,0.686945,56432855,446,230776.0,0.701068,0.684299,-0.0064696656365959,-0.93302,0.46532381295643127,-2.832599047229861,82150522.73552142,142665333.0,1.18,-41.67452,0.364545,2026-04-27T09:09:44.755Z,0.016769000000000034,2.4505369728729742,2026-04-27 09:10:13,0,47,Neutral,37.3,14,Medium,Small,Bearish,0,0.522919200779847,17.848562100041537,12.349207155270804,-1.8828095236149305,-41.67452
unit-pump,upump,Unit Pump,0.0017671,56394880,445,975038.0,0.00185113,0.00174185,1.728e-05,0.98731,-2.3485323894101433,2.419662528104527,31901834623.08,1000000000000.0,0.00878431,-79.91688,0.00157343,2026-04-27T09:09:57.504Z,0.00010928000000000001,6.273789361885353,2026-04-27 09:10:13,0,47,Neutral,37.3,14,High,Small,Neutral,0,0.0017655405157011846,17.847888949937783,13.790232749180005,1.7034862640522634,-79.91688
wiki-cat,wkc,Wiki Cat,1.03111e-07,56108156,431,909348.0,1.34149e-07,1.0068e-07,1.306e-09,1.28297,2.556526871702024,0.9915790460433751,538637424979836.7,538637424979836.7,4.64579e-07,-76.66392,5.6845e-11,2026-04-27T09:09:42.476Z,3.3468999999999994e-08,33.24294795391338,2026-04-27 09:10:13,0,47,Neutral,37.3,14,Extreme,Small,Neutral,0,1.0311099468406121e-07,17.842791760992732,13.72048423786797,1.1372745230216874,-76.66392
celium,sn51,lium,14.41,55995761,447,2388002.0,14.87,13.93,0.01488916,0.10343,11.904583839064191,7.897409264714578,3878306.508984695,3878306.508984695,37.11,-61.20141,6.04,2026-04-27T09:09:45.119Z,0.9399999999999995,6.748025843503227,2026-04-27 09:10:13,0,47,Neutral,37.3,14,High,Small,Neutral,0,2.7350166493320245,17.840786567264228,14.685968009775248,4.000419632357289,-61.20141
verge,xvg,Verge,0.00336609,55587941,448,2672092.0,0.00345658,0.0033066,-1.1728480458344e-05,-0.34722,-8.747587135156294,-25.956570764046873,16521951235.74134,16555000000.0,0.261874,-98.71549,2.23e-06,2026-04-27T09:09:50.861Z,0.00014998000000000008,4.535776930986515,2026-04-27 09:10:13,0,47,Neutral,37.3,14,Medium,Small,Strong Bear,0,0.0033604374002770845,17.833476865197404,14.798372618422201,-13.151895382023437,-98.71549
concordium,ccd,Concordium,0.00461718,55582405,449,221923.0,0.00464275,0.00455019,1.341e-05,0.29136,-5.525549361790393,-0.7468373539429156,12038166454.88862,14435671001.0526,0.149407,-96.91046,0.00262306,2026-04-27T09:09:42.384Z,9.256000000000021e-05,2.0342007696381956,2026-04-27 09:10:13,0,47,Neutral,37.3,14,Medium,Small,Bearish,0,0.004606553521445369,17.83337727029455,12.310090259899557,-0.2277386769714578,-96.91046
request-network,req,Request,0.073789,54922132,450,771796.0,0.077691,0.073704,-0.002532617223436631,-3.31834,-14.702524609334583,11.494869661624186,744291192.2591633,999416740.9347086,1.059,-93.0367,0.00454707,2026-04-27T09:09:51.513Z,0.0039869999999999906,5.409475740801028,2026-04-27 09:10:13,0,47,Neutral,37.3,14,High,Small,Bullish,0,0.07119351496056717,17.821426976420128,13.55647684106074,4.0882648308120935,-93.0367
openledger-2,open,OpenLedger,0.253669,54834696,451,19615655.0,0.257876,0.234444,0.01043244,4.28901,17.541622990361645,49.986698587899085,215500000.0,1000000000.0,1.82,-86.08125,0.139449,2026-04-27T09:10:01.412Z,0.02343199999999998,9.994710890447177,2026-04-27 09:10:13,0,47,Neutral,37.3,14,High,Small,Bullish,0,0.22607445202548337,17.819833708493267,16.791838580859576,27.13785429394954,-86.08125
main-street-yield,msy,Main Street Yield,1.034,54816158,452,25.83,,,,,-0.5282148138999261,0.05766319365020829,53015769.8372226,53015769.8372226,1.045,-1.05883,1.003,2026-04-25T08:04:47.412Z,,,2026-04-27 09:10:13,0,47,Neutral,37.3,14,Unknown,Small,Neutral,0,0.7100042976263682,17.819495580714737,3.2895206644375325,0.028831596825104146,-1.05883
naoris,naoris,Naoris Protocol,0.091348,54750343,455,6509202.0,0.094785,0.074047,0.01696166,22.80199,76.78693757026498,42.235120889705016,599260000.0,4000000000.0,0.152579,-40.62774,0.0143726,2026-04-27T09:09:45.502Z,0.020737999999999993,28.006536389050186,2026-04-27 09:10:13,0,47,Neutral,37.3,14,Extreme,Small,Bullish,0,0.08741362940860985,17.818294209746167,15.688727579654621,32.51855544485251,-40.62774
velo,velo,Velo,0.00309614,54386575,453,2581328.0,0.00315616,0.00305641,2.179e-05,0.70869,-4.3803138644069515,-17.221797803637166,17563876115.0,23999758357.06241,2.29,-99.86431,0.00103046,2026-04-27T09:10:00.218Z,9.975000000000001e-05,3.2636328241302714,2026-04-27 09:10:13,0,47,Neutral,37.3,14,Medium,Small,Strong Bear,0,0.0030913568289186125,17.81162791666887,14.763814940550024,-8.256553901818583,-99.86431
magic-eden,me,Magic Eden,0.107758,54292357,454,8037893.0,0.113331,0.107158,-0.004629442932659794,-4.11919,2.7618970631292394,10.297031860745127,504003693.124124,999991117.027209,17.0,-99.36562,0.095551,2026-04-27T09:09:44.292Z,0.006172999999999998,5.760652494447449,2026-04-27 09:10:13,0,47,Neutral,37.3,14,High,Small,Bullish,0,0.10233815291746882,17.809894038351583,15.89967766654429,3.0889209303725638,-99.36562
celo,celo,Celo,0.090178,54037671,457,2806781.0,0.094703,0.089545,-0.002793644416643384,-3.00484,8.72514031047136,17.608260425203778,599105369.0,1000000000.0,9.82,-99.08415,0.071419,2026-04-27T09:09:50.133Z,0.005157999999999996,5.760232285443069,2026-04-27 09:10:13,0,47,Neutral,37.3,14,High,Small,Bullish,0,0.08634098566090292,17.805191990927746,14.8475491893427,7.301710212601889,-99.08415
cat-in-a-dogs-world,mew,cat in a dogs world,0.00060759,53998581,456,5985693.0,0.00064818,0.00060478,-6.241106451615e-06,-1.01674,4.722094524129294,8.16811977426981,88888888888.88,88888888888.88,0.01288153,-95.28181,0.00051113,2026-04-27T09:09:43.619Z,4.340000000000008e-05,7.176163232911155,2026-04-27 09:10:13,0,47,Neutral,37.3,14,High,Small,Neutral,0,0.0006074054919290063,17.80446834492451,15.604882846809831,3.5756898871349048,-95.28181
affine,sn120,affine,17.83,53537055,458,340525.0,18.14,17.41,0.326933,1.86803,-2.9729620259063814,-33.07557194614577,2996914.965942458,2996914.965942458,31.56,-43.46859,9.88,2026-04-27T09:09:56.048Z,0.7300000000000004,4.192992533026999,2026-04-27 09:10:13,0,47,Neutral,37.3,14,Medium,Small,Strong Bear,0,2.935451342669061,17.79588460761898,12.73824675995318,-15.603770973072885,-43.46859
tradable-na-legal-receivables-ssl,pc0000081,Tradable NA Legal Receivables SSL,1.0,53443370,459,0.0,1.0,1.0,0.0,0.0,0.0,0.0,53443370.25041,53443370.25041,1.0,0.0,0.999999,2026-04-27T09:05:11.478Z,0.0,0.0,2026-04-27 09:10:13,0,47,Neutral,37.3,14,Low,Small,Bearish,0,0.6931471805599453,17.79413316529302,0.0,0.0,0.0
midas-mtbill,mtbill,Midas mTBILL,1.059,53271059,460,9.14,1.059,1.059,0.0,0.0,0.06109600466816727,0.24858805147661778,50319641.56957097,50319641.56957097,1.059,0.0,0.937036,2026-04-27T09:10:01.507Z,0.0,0.0,2026-04-27 09:10:13,0,47,Neutral,37.3,14,Low,Small,Neutral,0,0.7222204280456523,17.79090377732483,2.316487998163037,0.12429402573830889,0.0
brz,brz,Brazilian Digital,0.199529,53056032,461,65444.0,0.20008,0.199537,-0.00036417347361728,-0.18218,-0.0078332854815621,5.129449436549158,265887803.6184968,265887803.6184968,9.99,-98.00172,0.00196567,2026-04-27T09:09:46.495Z,0.0005430000000000157,0.2721299809058048,2026-04-27 09:10:13,0,47,Neutral,37.3,14,Low,Small,Neutral,0,0.181928979745668,17.786859139461228,11.08896537422582,2.473634718274579,-98.00172
tesla-xstock,tslax,Tesla xStock,374.49,52573658,463,5132120.0,377.77,374.47,-0.5802858235261397,-0.15471,-5.506087122407864,3.7461423638993576,140298.8782276934,426228.42714696,496.55,-24.58318,292.26,2026-04-27T09:09:45.190Z,3.2999999999999545,0.8812454936309863,2026-04-27 09:10:13,0,47,Neutral,37.3,14,Low,Small,Neutral,0,5.928231839691119,17.777725772808342,15.451029581992328,1.7957161819496787,-24.58318
escoin-token,elg,Escoin,0.284952,52490687,464,342635.0,0.291225,0.284392,-0.006273773139510497,-2.15427,-1.9803982141112195,-2.0189019717689636,184209191.10459575,250000000.0,3.61,-92.10842,0.00064644,2026-04-27T09:09:41.768Z,0.0068330000000000335,2.4026695546991594,2026-04-27 09:10:13,0,47,Neutral,37.3,14,Medium,Small,Bearish,0,0.25072136356389874,17.77614634040111,12.744423938160873,-2.086585985884482,-92.10842
mask-network,mask,Mask Network,0.524648,52435225,462,112678552.0,0.721788,0.521112,-0.02450270054427195,-4.46193,12.171595814786446,27.25717613775675,100000000.0,100000000.0,41.45,-98.73499,0.391486,2026-04-27T09:09:41.916Z,0.20067599999999997,38.50918804402891,2026-04-27 09:10:13,0,47,Neutral,37.3,14,Extreme,Small,Bullish,0,0.42176356374428337,17.77508917533957,18.54004965921445,11.397623068878376,-98.73499
peanut-the-squirrel,pnut,Peanut the Squirrel,0.052377,52360369,466,15482851.0,0.055704,0.052106,-0.001625453317474483,-3.00996,-8.787656381587082,35.83688221339558,999842220.24735,999842220.24735,2.44,-97.85514,0.03187374,2026-04-27T09:09:58.450Z,0.003597999999999997,6.9051548765977,2026-04-27 09:10:13,0,47,Neutral,37.3,14,High,Small,Bullish,0,0.051051415137123045,17.773660565443954,16.555243646882268,16.413461106697792,-97.85514
meta-2-2,meta,MetaDAO,2.31,52266967,465,703869.0,2.36,2.2,-0.02685831725755694,-1.14883,4.550773753448454,-23.16536210649394,22684697.988625,22684697.988625,10.84,-78.68337,0.724356,2026-04-27T09:10:02.085Z,0.1599999999999997,7.272727272727258,2026-04-27 09:10:13,0,47,Neutral,37.3,14,High,Small,Strong Bear,0,1.1969481893889715,17.771875142501976,13.46434895899768,-12.15709605324697,-78.68337
pay-coin,pci,Paycoin,0.051011,52169908,467,4594045.0,0.052044,0.05096,-0.000669766443971119,-1.29598,-1.5284786132125399,14.113182553252926,1022576439.0,1900000000.0,4.22,-98.79142,0.01816581,2026-04-27T09:10:00.719Z,0.0010840000000000016,2.1271585557299875,2026-04-27 09:10:13,0,47,Neutral,37.3,14,Medium,Small,Bullish,0,0.04975255806268865,17.770016430699567,15.340271675241564,6.408601276626463,-98.79142
world-mobile-token,wmtx,World Mobile Token,0.061135,52078715,468,11324273.0,0.063171,0.06099,-0.002014209194199139,-3.18962,-9.472852492980044,-11.670260387796523,851874782.302587,2000000000.0,0.979732,-93.76276,0.04603633,2026-04-27T09:10:01.268Z,0.0021810000000000024,3.5759960649286806,2026-04-27 09:10:13,0,47,Neutral,37.3,14,Medium,Small,Bearish,0,0.059339089992008945,17.768266901182784,16.24245912131823,-7.429940193898261,-93.76276
geodnet,geod,Geodnet,0.120796,51920055,469,1164309.0,0.127525,0.119008,-0.002224286094567859,-1.80806,1.2228445828969,-14.167555593087341,429818902.618101,966831567.618101,0.374342,-67.74669,0.03417228,2026-04-27T09:09:51.937Z,0.008516999999999997,7.156661737026079,2026-04-27 09:10:13,0,47,Neutral,37.3,14,High,Small,Bearish,0,0.11403914715491985,17.765215708941962,13.967639194839894,-7.98780779654367,-67.74669
mantra,mantra,MANTRA,0.01031281,51255660,470,6578003.0,0.01063398,0.01024656,-3.4572453404146e-05,-0.33412,0.6564037465598093,-13.854011558894234,4969826547.442136,7144882234.672186,0.0262739,-60.79442,0.01009039,2026-04-27T09:09:43.129Z,0.00038741999999999943,3.7809762495901005,2026-04-27 09:10:13,0,47,Neutral,37.3,14,Medium,Small,Bearish,0,0.010259995773324357,17.752336628419283,15.699241913818518,-7.094065779447117,-60.79442
jelly-my-jelly,jellyjelly,Jelly-My-Jelly,0.051072,51073123,471,5938938.0,0.051712,0.04606972,0.00371243,7.83886,16.003757419699177,-7.9447690769513715,999999099.34,999999099.34,0.473157,-89.25409,0.00372817,2026-04-27T09:09:45.028Z,0.0056422799999999995,12.24726349541521,2026-04-27 09:10:13,0,47,Neutral,37.3,14,Extreme,Small,Bearish,0,0.04981059573295868,17.748768967694804,15.59704105585584,-0.05295453847568554,-89.25409
tellor,trb,Tellor Tributes,18.26,50731096,472,9751279.0,18.94,18.12,-0.31930826615153407,-1.71861,1.0921626603692325,21.867735833957127,2778771.020786097,2850765.572697911,593.09,-96.92882,0.01001379,2026-04-27T09:09:54.982Z,0.8200000000000003,4.525386313465785,2026-04-27 09:10:13,0,47,Neutral,37.3,14,Medium,Small,Bullish,0,2.9580304063699794,17.742049633594505,16.092909116408578,10.074562916978564,-96.92882
ankr,ankr,Ankr Network,0.00504996,50497122,474,6288412.0,0.00518358,0.00500987,-0.000118477646679251,-2.29233,0.9387382073574471,0.6849771153130799,10000000000.0,10000000000.0,0.213513,-97.64283,0.00070728,2026-04-27T09:09:44.329Z,0.00017371000000000053,3.4673554403607385,2026-04-27 09:10:13,0,47,Neutral,37.3,14,Medium,Small,Neutral,0,0.005037251718252319,17.73742692232569,15.654219291595878,-0.8036764423434601,-97.64283
mimbogamegroup,mgg,MimboGameGroup,0.00301128,50439939,473,610827.0,0.00301604,0.00301075,-4.113532206411e-06,-0.13642,-0.16693446611514973,-0.13609864629695542,16749787558.90125,110059787559.0,0.00324066,-7.07449,0.00028,2026-04-27T09:09:45.260Z,5.2900000000002424e-06,0.17570372830690834,2026-04-27 09:10:13,0,47,Neutral,37.3,14,Low,Small,Bearish,0,0.0030067551777761083,17.73629387952817,13.322570692795242,-0.13625932314847772,-7.07449
fidelity-digital-dollar,fidd,Fidelity Digital Dollar,1.0,50342744,475,3615393.0,1.001,0.998486,0.00071763,0.07181,0.05672622177786571,0.03894324094435257,50351102.58999999,50351102.58999999,1.011,-1.08541,0.994161,2026-04-27T09:09:41.226Z,0.002513999999999905,0.25178119673184257,2026-04-27 09:10:13,0,47,Neutral,37.3,14,Low,Small,Neutral,0,0.6931471805599453,17.73436507538621,15.100711397954107,0.055376620472176286,-1.08541
yooldo-games,esports,Yooldo Games,0.329795,50113472,476,2780097.0,0.351941,0.32946,-0.01363693821460682,-3.97079,-14.628986545438172,-8.82121068382071,151800000.0,900000000.0,0.554574,-40.30958,0.052256,2026-04-27T09:09:54.033Z,0.02248100000000003,6.823590117161425,2026-04-27 09:10:13,0,47,Neutral,37.3,14,High,Small,Bearish,0,0.28502479501524447,17.7298004520577,14.837996736844051,-6.396000341910355,-40.30958
fractal-bitcoin,fb,Fractal Bitcoin,0.497722,50109858,477,4749208.0,0.507891,0.496047,0.00156423,0.31527,3.77506508222628,12.558055511076022,100634949.9459796,147876250.0,38.8,-98.71701,0.334207,2026-04-27T09:09:44.118Z,0.011843999999999966,2.3876769741576838,2026-04-27 09:10:13,0,47,Neutral,37.3,14,Medium,Small,Bullish,0,0.4039452870984192,17.72972833312233,15.373488635827988,6.436662755538011,-98.71701
xyo-network,xyo,XYO Network,0.00359406,50071490,478,7135946.0,0.00361131,0.00356691,1.395e-05,0.38979,-0.36193325580329155,-4.254328256763559,13931216938.01129,13931216938.01129,0.081391,-95.58721,9.672e-05,2026-04-27T09:09:44.097Z,4.4399999999999995e-05,1.2447748891898027,2026-04-27 09:10:13,0,47,Neutral,37.3,14,Low,Small,Bearish,0,0.0035876167999083827,17.728962362173128,15.780655526084356,-1.9322691283817794,-95.58721
usdkg,usdkg,USDKG,0.999871,49993374,479,63834.0,1.0,0.999772,-5.452534274752e-06,-0.00055,0.015687986272003775,-0.020303523900657587,50000000.0,50000000.0,1.021,-2.07768,0.989786,2026-04-27T09:09:49.331Z,0.00022800000000000598,0.022805199585506093,2026-04-27 09:10:13,0,47,Neutral,37.3,14,Low,Small,Bearish,0,0.6930826784797308,17.72740105461352,11.064056908254452,-0.010426761950328793,-2.07768
deso,deso,Decentralized Social,4.75,49979981,481,12803.32,4.77,4.73,-0.0252157331901115,-0.52856,1.7968800887915124,-10.534596421088159,10532253.8854,10808492.6854,198.68,-97.61501,2.7,2026-04-27T09:09:41.995Z,0.03999999999999915,0.8456659619450135,2026-04-27 09:10:13,0,47,Neutral,37.3,14,Low,Small,Bearish,0,1.749199854809259,17.72713312322696,9.457537892967395,-5.53157821054408,-97.61501
alloy-tether,ausdt,Alloy Tether,0.999394,49969343,480,125.03,1.0,0.999208,-0.000316314502080806,-0.03164,-0.013124893134722334,0.044018508383438196,50000005.0,50000005.0,1.072,-6.7293,0.969947,2026-04-27T09:09:43.736Z,0.0007920000000000149,0.07926277611868748,2026-04-27 09:10:13,0,47,Neutral,37.3,14,Low,Small,Neutral,0,0.6928441346461705,17.72692025535749,4.8365199738494,0.006189254191719097,-6.7293
merlin-chain,merl,Merlin Chain,0.04028288,49807671,485,16352344.0,0.04280309,0.03651782,0.00376506,10.31019,-7.662101407591468,62.90344110506304,1236647716.0,2100000000.0,1.45,-97.25701,0.02130297,2026-04-27T09:09:43.796Z,0.0062852700000000025,17.211514816601873,2026-04-27 09:10:13,0,47,Neutral,37.3,14,Extreme,Small,Bullish,0,0.03949267616798781,17.72367958635434,16.609881870099596,36.60681555253152,-97.25701
dual,dual,Dual,0.006711,49532420,484,141609.0,0.00694404,0.00669205,-8.8471727601534e-05,-1.30116,-8.259900496291074,,7381784879.327256,10000000000.0,0.00992344,-32.50001,0.00548112,2026-04-27T09:09:41.306Z,0.00025199000000000055,3.7655128099760247,2026-04-27 09:10:13,0,47,Neutral,37.3,14,Medium,Small,Unknown,0,0.0066885814840472535,17.718137982836847,11.860832079217104,-0.65058,-32.50001
ondo-u-s-dollar-token,usdon,Ondo U.S. Dollar Token,1.0,49531849,482,12389655.0,1.0,1.0,0.0,0.0,0.0,0.0,49531849.18321631,49531849.18321631,1.0,0.0,1.0,2026-04-27T09:10:02.130Z,0.0,0.0,2026-04-27 09:10:13,0,47,Neutral,37.3,14,Low,Small,Bearish,0,0.6931471805599453,17.71812645496723,16.33237248889382,0.0,0.0
law-blocks,lbt,Law Blocks AI,0.202065,49514627,483,506016.0,0.202446,0.201777,-9.8761525428231e-05,-0.04885,0.035996677008587094,-8.132874481648,244997999.0,1000000000.0,0.291525,-30.72544,0.01953918,2026-04-27T09:09:58.309Z,0.0006689999999999752,0.3315541414531761,2026-04-27 09:10:13,0,47,Neutral,37.3,14,Low,Small,Bearish,0,0.18404091119003402,17.717778699034433,13.134325544543186,-4.090862240824,-30.72544
tradable-eu-latam-pos-financing-sstl,pc0000049,Tradable Eu/LatAm PoS Financing SSTL,1.0,49300000,487,0.0,1.0,1.0,0.0,0.0,0.0,0.0,49300000.0,49300000.0,1.0,0.0,1.0,2026-04-27T09:05:04.324Z,0.0,0.0,2026-04-27 09:10:13,0,47,Neutral,37.3,14,Low,Small,Bearish,0,0.6931471805599453,17.713434659296894,0.0,0.0,0.0
opengradient,opg,OpenGradient,0.259155,49232588,486,556607928.0,0.358365,0.258279,-0.04440462752904206,-14.62799,,,190000000.0,1000000000.0,0.475875,-45.44238,0.180773,2026-04-27T09:09:41.381Z,0.10008600000000001,38.75111797707132,2026-04-27 09:10:13,0,47,Neutral,37.3,14,Extreme,Small,Unknown,0,0.2304408610665631,17.7120663402358,20.13737165237321,-7.313995,-45.44238
avantis,avnt,Avantis,0.153714,49142002,488,63401702.0,0.179812,0.152962,-0.002305494490110443,-1.4777,13.826311722835186,14.153225840707897,320006151.09196377,1000000000.0,2.64,-94.17138,0.121118,2026-04-27T09:09:50.664Z,0.026850000000000013,17.553379270668543,2026-04-27 09:10:13,0,47,Neutral,37.3,14,Extreme,Small,Bullish,0,0.14298630374789692,17.710224685317357,17.96500128024544,6.337762920353948,-94.17138
sierra-2,sierra,Sierra,1.02,48891573,489,16850.14,1.02,1.013,0.0010373,0.10178,0.1234573141621786,0.21726440445338288,47925718.020078,47925718.020078,1.2,-14.69826,0.879701,2026-04-27T09:09:50.329Z,0.007000000000000117,0.6910167818361419,2026-04-27 09:10:13,0,47,Neutral,37.3,14,Low,Small,Neutral,0,0.7030975114131134,17.705115628759437,9.73217358927831,0.15952220222669145,-14.69826
redstone-oracles,red,RedStone,0.131959,48384928,490,6886265.0,0.136072,0.131008,-0.000454757809502826,-0.34344,-3.9632409355249094,20.799270316008403,366953695.0,1000000000.0,0.932461,-85.85639,0.099727,2026-04-27T09:09:50.665Z,0.005063999999999985,3.865412799218357,2026-04-27 09:10:13,0,47,Neutral,37.3,14,Medium,Small,Bullish,0,0.12394976004379235,17.694698938899183,15.74503955123705,10.227915158004201,-85.85639
aleo,aleo,ALEO,0.04516144,48234300,491,1560393.0,0.04669267,0.04460041,6.688e-05,0.14831,-2.4758142578596756,-13.026115994101959,1067952126.075438,1977984832.000095,6.72,-99.32734,0.04065353,2026-04-27T09:10:01.014Z,0.0020922599999999986,4.691122794611078,2026-04-27 09:10:13,0,47,Neutral,37.3,14,Medium,Small,Bearish,0,0.044171361523003744,17.691580964930008,14.26044891143934,-6.438902997050979,-99.32734
succinct,prove,Succinct,0.245599,47894899,492,8930810.0,0.255517,0.244424,-0.009467598532753446,-3.71182,6.384730258002986,-3.150408698453256,195000000.0,1000000000.0,1.71,-85.6668,0.209719,2026-04-27T09:09:45.581Z,0.011092999999999992,4.538425031911757,2026-04-27 09:10:13,0,47,Neutral,37.3,14,Medium,Small,Bearish,0,0.21961653871138193,17.684519584896332,16.00501776619823,-3.431114349226628,-85.6668
api3,api3,Api3,0.332541,47539065,493,21156656.0,0.357114,0.330598,-0.018849628912902205,-5.36429,4.7072239932573305,22.95166669873867,142975279.0861368,166796412.5595321,10.3,-96.77787,0.257119,2026-04-27T09:09:41.744Z,0.026515999999999984,8.020617184616961,2026-04-27 09:10:13,0,47,Neutral,37.3,14,High,Small,Bullish,0,0.2870876458152687,17.677062373089946,16.867465165705664,8.793688349369335,-96.77787
sygnum-fiusd-liquidity-fund,fiusd,Sygnum FIUSD Liquidity Fund,11855.14,47392819,494,0.0,11855.14,11855.14,0.0,0.0,0.0697229987979976,0.2782042335426794,3997.66,3997.66,11855.14,0.0,11251.76,2026-04-27T09:05:12.617Z,0.0,0.0,2026-04-27 09:10:13,0,47,Neutral,37.3,14,Low,Small,Neutral,0,9.38060115583322,17.67398129839829,0.0,0.1391021167713397,0.0
altlayer,alt,AltLayer,0.00765618,47186549,495,4588749.0,0.00799026,0.0076168,-0.000300850547555148,-3.78094,8.063949293536297,21.13590613271859,6163194441.0,10000000000.0,0.676743,-98.87069,0.00600213,2026-04-27T09:09:58.117Z,0.0003734600000000008,4.903108917130564,2026-04-27 09:10:13,0,47,Neutral,37.3,14,Medium,Small,Bullish,0,0.007627020194477149,17.669619452320525,15.339118213793181,8.677483066359294,-98.87069
circle-xstock,crclx,Circle xStock,99.16,46771050,496,5622669.0,101.87,98.84,-0.5478752509557694,-0.54951,-3.6532235594895197,6.890978170815175,472031.4546143354,2517167.51946647,257.13,-61.48052,48.02,2026-04-27T09:09:52.317Z,3.030000000000001,3.065560501821126,2026-04-27 09:10:13,0,47,Neutral,37.3,14,Medium,Small,Neutral,0,4.606768907351788,17.660775001119458,15.542317198018813,3.1707340854075876,-61.48052
siacoin,sc,Siacoin,0.00093853,46720265,497,3104050.0,0.00096336,0.00093624,-1.573215185538e-05,-1.64862,-2.9706536250023974,0.8543584909893182,49751295000.0225,49751295000.0225,0.092868,-98.9885,1.262e-05,2026-04-27T09:09:43.434Z,2.7120000000000052e-05,2.8966931556011337,2026-04-27 09:10:13,0,47,Neutral,37.3,14,Medium,Small,Neutral,0,0.0009380898560901979,17.65968858996119,14.94821859056264,-0.3971307545053409,-98.9885
myx-finance,myx,MYX Finance,0.247842,46690751,498,11842879.0,0.263987,0.242755,-0.006519770524741481,-2.56319,14.42742269678666,-3.451382337676242,190768939.69,1000000000.0,19.03,-98.71642,0.04700553,2026-04-27T09:09:44.982Z,0.02123200000000003,8.74626681221809,2026-04-27 09:10:13,0,47,Neutral,37.3,14,High,Small,Bearish,0,0.22141565936835228,17.659056673050014,16.287237401084536,-3.007286168838121,-98.71642
palladium-network,plld,Palladium Network,0.896837,46503523,501,206481.0,0.915772,0.843325,0.01224365,1.3841,-0.11944836156187776,16.157623278578274,51852795.20435881,52643000.0,5.83,-84.71729,0.221161,2026-04-27T09:09:45.332Z,0.07244700000000004,8.590638247413516,2026-04-27 09:10:13,0,47,Neutral,37.3,14,High,Small,Bullish,0,0.6401877621161346,17.65503865263229,12.237968520513737,8.770861639289137,-84.71729
frax-share,frax,Frax (prev. FXS),0.486539,46461521,499,4244614.0,0.539273,0.486613,-0.030647205450855808,-5.92576,2.2926846777535435,11.349019359662485,95474632.94572628,99681495.5911336,42.8,-98.86312,0.384577,2026-04-27T09:09:41.863Z,0.052659999999999985,10.821741301609283,2026-04-27 09:10:13,0,47,Neutral,37.3,14,Extreme,Small,Bullish,1,0.39645059923698034,17.654135044132854,15.261161678679333,2.7116296798312423,-98.86312
robo-token-2,robo,Fabric Protocol,0.02075296,46298238,500,17024604.0,0.02279391,0.02041186,-0.001018262647315499,-4.6771,10.159056065785354,-10.669085243219481,2231000000.0,10000000000.0,0.060714,-65.82388,0.01611105,2026-04-27T09:09:41.287Z,0.00238205,11.669931108678973,2026-04-27 09:10:13,0,47,Neutral,37.3,14,Extreme,Small,Bearish,0,0.020540551041901032,17.650614483775897,16.650170208555956,-7.67309262160974,-65.82388
tdccp,tdccp,TDCCP,0.071903,46007436,503,216268.0,0.081254,0.071181,-0.008436176097083595,-10.50064,-14.497930411541812,-26.963171088366494,639999980.9,639999980.9,0.441232,-83.71233,0.064382,2026-04-27T09:09:52.070Z,0.010073000000000012,14.151248226352555,2026-04-27 09:10:13,0,47,Neutral,37.3,14,Extreme,Small,Strong Bear,0,0.06943557347996204,17.644313615298593,12.284278282206227,-18.73190554418325,-83.71233
casper-network,cspr,Casper Network,0.00289573,45948125,504,1547557.0,0.00301521,0.00287987,7.92e-06,0.27424,-2.0249662363250915,-16.07968267453367,15868895983.0,19357622353.0,1.33,-99.78161,0.00279074,2026-04-27T09:09:42.072Z,0.00013533999999999985,4.699517686562235,2026-04-27 09:10:13,0,47,Neutral,37.3,14,Medium,Small,Strong Bear,0,0.0028915454501548758,17.64302362247402,14.252188762644677,-7.9027213372668355,-99.78161
rif-token,rif,Rootstock Infrastructure Framework,0.04585625,45887402,502,894483.0,0.04661768,0.04380046,0.00060768,1.34297,2.8838790024621184,27.812869701430454,1000000000.0,1000000000.0,0.455938,-89.91393,0.0091475,2026-04-27T09:09:57.519Z,0.0028172200000000022,6.431941582348684,2026-04-27 09:10:13,0,47,Neutral,37.3,14,High,Small,Bullish,0,0.04483592790031815,17.641701192919562,13.704002294683177,14.577919850715228,-89.91393
gohome,gohome,GOHOME,86.71,45491196,505,873015.0,87.32,86.28,0.132779,0.15336,0.7936487557048384,-1.665797487021793,524619.425812,9999619.425812,277.7,-68.64246,77.85,2026-04-27T09:09:44.923Z,1.039999999999992,1.2053778395920167,2026-04-27 09:10:13,0,47,Neutral,37.3,14,Low,Small,Bearish,0,4.47403591796329,17.633029392675482,13.679709162259748,-0.7562187435108966,-68.64246
unipoly,unp,Unipoly,0.162422,45353191,506,257543.0,0.165508,0.161765,-0.000181799394509075,-0.1118,3.0308914095825417,5.926272306088574,279230000.0,1000000000.0,0.299372,-45.77054,0.00980688,2026-04-27T09:09:43.285Z,0.0037429999999999963,2.313850338453928,2026-04-27 09:10:13,0,47,Neutral,37.3,14,Medium,Small,Neutral,0,0.15050575945409153,17.62999111793599,12.458945858275072,2.907236153044287,-45.77054
purr-2,purr,Purr,0.075796,45150493,507,583367.0,0.077939,0.070523,0.00431893,6.04239,1.1651689411179365,-4.318765037880663,595538110.29629,595538110.29629,0.690036,-89.01299,0.04236339,2026-04-27T09:09:43.679Z,0.007415999999999992,10.515718276307009,2026-04-27 09:10:13,0,47,Neutral,37.3,14,Extreme,Small,Bearish,0,0.0730608526868654,17.625511779074166,13.276573484037208,0.8618124810596686,-89.01299
iotex,iotx,IoTeX,0.0047321,44682304,508,2364277.0,0.00490841,0.00471093,-0.000104077845022403,-2.15207,2.1657313129630187,-1.7158688893735872,9441368550.0,9441368555.0,0.255593,-98.15101,0.00121576,2026-04-27T09:09:43.629Z,0.00019747999999999988,4.191953605763614,2026-04-27 09:10:13,0,47,Neutral,37.3,14,Medium,Small,Bearish,0,0.004720938811518283,17.61508811991249,14.67598324788683,-1.9339694446867937,-98.15101
crown-brlv,brlv,Crown BRLV,0.199981,44491918,509,234.4,0.200617,0.199981,-0.000607885698540006,-0.30305,0.013386282644520719,4.960055281062339,222480174.6728299,222480174.6728299,0.201925,-0.95271,0.186777,2026-04-27T09:09:41.288Z,0.0006359999999999977,0.31803021287022154,2026-04-27 09:10:13,0,47,Neutral,37.3,14,Low,Small,Neutral,0,0.18230572333527276,17.61081813514039,5.461286194826176,2.3285026405311697,-0.95271
terra-luna-2,luna,Terra,0.062547,44394842,510,24286379.0,0.067209,0.060481,0.00176,2.89538,10.704121497268542,10.782445014474854,709984438.91686,1186707049.0,18.87,-99.66878,0.04580672,2026-04-27T09:09:42.642Z,0.006728000000000005,11.124154693209446,2026-04-27 09:10:13,0,47,Neutral,37.3,14,Extreme,Small,Bullish,0,0.06066885613220072,17.608633872008028,17.005426257348233,6.838912507237427,-99.66878
space-and-time,sxt,Space and Time,0.01695864,44201981,512,2429977.0,0.01747986,0.01667176,-0.000265279543780812,-1.54018,-1.6656720166890893,5.9770317290841595,2598813644.2665,5000000000.0,0.162092,-89.53618,0.01421139,2026-04-27T09:09:44.895Z,0.0008080999999999991,4.847118720519004,2026-04-27 09:10:13,0,47,Neutral,37.3,14,Medium,Small,Neutral,0,0.01681644760619661,17.60428018767153,14.703392761777806,2.2184258645420796,-89.53618
orbs,orbs,Orbs,0.00895114,44106446,511,4406887.0,0.00911491,0.00866005,0.00019949,2.2795,-1.4164169065791365,3.246516192859054,4928946160.0173,10000000000.0,0.360443,-97.51122,0.00469039,2026-04-27T09:09:44.293Z,0.00045485999999999964,5.252394616659252,2026-04-27 09:10:13,0,47,Neutral,37.3,14,High,Small,Neutral,0,0.008911316016624564,17.60211652020848,15.298679329387271,2.7630080964295267,-97.51122
vana,vana,Vana,1.43,44036652,514,13057816.0,1.49,1.42,-0.03152616834117805,-2.15899,5.770339291612454,15.919005939863492,30800000.0,120000000.0,35.23,-95.95149,1.19,2026-04-27T09:09:55.092Z,0.07000000000000006,4.929577464788737,2026-04-27 09:10:13,0,47,Neutral,37.3,14,Medium,Small,Bullish,0,0.8878912573524571,17.60053286783894,16.38489751623321,6.8800079699317465,-95.95149
bim-2,bim,BIM,1.47,44010660,513,143453.0,1.52,1.47,-0.008259371743769561,-0.55985,1.030756200356934,16.126583845903383,30000000.0,30000000.0,3.07,-52.22618,0.861976,2026-04-27T09:09:44.825Z,0.050000000000000044,3.40136054421769,2026-04-27 09:10:13,0,47,Neutral,37.3,14,Medium,Small,Bullish,0,0.9042181506398859,17.599942457988277,11.873769705300989,7.783366922951691,-52.22618
glidr,glidr,Glidr,1.24,43968753,515,160796.0,1.27,1.23,-0.010331333592041858,-0.82636,3.7248152827749417,16.34283982330804,35461710.0,100000000.0,2.1,-40.97714,0.998612,2026-04-27T09:09:45.455Z,0.040000000000000036,3.2520325203252063,2026-04-27 09:10:13,0,47,Neutral,37.3,14,Medium,Small,Bullish,0,0.8064758658669484,17.598989803252636,11.987897978836546,7.75823991165402,-40.97714
venus,xvs,Venus,2.61,43923275,516,4305967.0,2.68,2.6,-0.04000431385025083,-1.50902,-3.4199029210242253,-0.18101355485668924,16821688.042625546,29745107.9212044,146.82,-98.22134,1.65,2026-04-27T09:09:49.091Z,0.08000000000000007,3.0769230769230793,2026-04-27 09:10:13,0,47,Neutral,37.3,14,Medium,Small,Bearish,0,1.2837077723447896,17.597954942547776,15.275512525387889,-0.8450167774283446,-98.22134
diem,diem,Diem,1140.51,43883735,517,1077929.0,1206.77,1127.84,7.14,0.62975,9.508794533837426,42.33197324947831,38530.21316783275,38530.21316783275,1206.77,-5.70493,80.54,2026-04-27T09:09:50.704Z,78.93000000000006,6.998333096893182,2026-04-27 09:10:13,0,47,Neutral,37.3,14,High,Small,Bullish,0,7.040107226334457,17.597054331041427,13.890553093277772,21.480861624739156,-5.70493
apriori,apr,aPriori,0.177169,43714315,518,2368643.0,0.179863,0.17033,0.00683915,4.01524,1.1366162885670708,14.697237947783897,246874998.97396782,1000000000.0,0.73956,-76.04232,0.064576,2026-04-27T09:09:58.034Z,0.009532999999999986,5.596782715904412,2026-04-27 09:10:13,0,47,Neutral,37.3,14,High,Small,Bullish,0,0.16311240335732075,17.59318620367156,14.677828197471223,9.356238973891948,-76.04232
ardor,ardr,Ardor,0.04319159,43573737,521,7297933.0,0.04765176,0.04188568,0.00097476,2.30894,-1.0355377125523133,0.7481975893701918,998466231.0,998466231.0,2.04,-97.88525,0.008745,2026-04-27T09:09:48.025Z,0.00576608,13.76623227795275,2026-04-27 09:10:13,0,47,Neutral,37.3,14,Extreme,Small,Neutral,0,0.04228485042462668,17.589965187390437,15.803101852364055,1.5285687946850959,-97.88525
anvil,anvl,Anvil,0.00053564,43536648,520,24841.0,0.00054526,0.00053207,-3.125823274468e-06,-0.58018,-2.7587138499748183,3.5975058226395857,81259438322.55038,100000000000.0,0.00929021,-94.23671,2.512e-05,2026-04-27T09:09:44.092Z,1.3189999999999947e-05,2.4789971244385036,2026-04-27 09:10:13,0,47,Neutral,37.3,14,Medium,Small,Neutral,0,0.000535496596101491,17.58911364709729,10.12029104810414,1.508662911319793,-94.23671
playsout,play,PlaysOut,0.115777,43228854,522,2040317.0,0.119687,0.11286,-0.0021283453641186,-1.80513,-0.8991908368706053,218.51231907983285,373500000.0,5000000000.0,0.227911,-49.28768,0.01630447,2026-04-27T09:09:45.477Z,0.006827,6.049087364876838,2026-04-27 09:10:13,0,47,Neutral,37.3,14,High,Small,Bullish,0,0.10955102320375507,17.58201877005664,14.528616236024948,108.35359453991643,-49.28768
skale,skl,SKALE,0.00708529,43181097,523,4865709.0,0.0073732,0.00701361,-0.000144496742025801,-1.99863,2.986354082888326,22.720108670958624,6094019337.0,6161405269.560575,1.22,-99.41967,0.00563803,2026-04-27T09:09:58.696Z,0.0003595899999999999,5.12703158573117,2026-04-27 09:10:13,0,47,Neutral,37.3,14,High,Small,Bullish,0,0.0070603072699855635,17.58091341116673,15.397723203344524,10.360739335479312,-99.41967
zerobase,zbt,ZEROBASE,0.175205,43044259,519,334900696.0,0.2682,0.163239,-0.028571368411905662,-14.02093,47.41860212905139,155.72230465280782,244992188.30119348,1000000000.0,1.025,-82.67179,0.058269,2026-04-27T09:09:45.961Z,0.104961,64.29897267197178,2026-04-27 09:10:13,0,47,Neutral,37.3,14,Extreme,Small,Bullish,0,0.16144260046344228,17.577739446615002,19.629344618980543,70.85068732640391,-82.67179
coredaoorg,core,Core,0.03971571,42833709,525,14574787.0,0.04396468,0.03926656,-0.002453762037418275,-5.81881,27.326885850392568,-39.34146505630707,1079254675.994678,2100000000.0,6.14,-99.35409,0.02340497,2026-04-27T09:09:42.917Z,0.00469812,11.96468445415132,2026-04-27 09:10:13,0,47,Neutral,37.3,14,Extreme,Small,Strong Bear,0,0.03894732001555216,17.572835967367094,16.4948037446405,-22.580137528153536,-99.35409
ssv-network,ssv,SSV Network,2.91,42813129,530,12116501.0,3.12,2.87,-0.11182766757272367,-3.69823,18.82536550316306,30.753194888495,14699173.1,14699173.1,65.82,-95.61013,2.09,2026-04-27T09:09:53.546Z,0.25,8.710801393728222,2026-04-27 09:10:13,0,47,Neutral,37.3,14,High,Small,Bullish,0,1.3635373739972745,17.572355389206916,16.310078883087062,13.5274824442475,-95.61013
velvet,velvet,Velvet,0.116934,42812683,527,8363047.0,0.119278,0.098693,0.0157398,15.55405,56.05310237204784,45.717434742230466,367052635.1116692,1000000000.0,0.31083,-62.49518,0.04131603,2026-04-27T09:09:50.548Z,0.020584999999999992,20.857608948962937,2026-04-27 09:10:13,0,47,Neutral,37.3,14,Extreme,Small,Bullish,0,0.11058743150161825,17.5723449717877,15.939333511914333,30.635742371115235,-62.49518
chia,xch,Chia,2.34,42771911,526,1496704.0,2.39,2.3,-0.03608932577654489,-1.52204,-3.2887228284471712,-12.642539064488723,18317259.0,34691605.0,1645.12,-99.85806,2.16,2026-04-27T09:09:45.854Z,0.0900000000000003,3.913043478260883,2026-04-27 09:10:13,0,47,Neutral,37.3,14,Medium,Small,Bearish,0,1.205970806988609,17.571392183435826,14.218776583194494,-7.082289532244362,-99.85806
bora,bora,BORA,0.03701728,42684134,528,1139706.0,0.03788626,0.03642598,-1.6692433928399e-05,-0.04507,2.0467316589728077,5.338116224895038,1152750000.0,1205750000.0,1.61,-97.69901,0.00482732,2026-04-27T09:09:46.251Z,0.0014602800000000013,4.0088969466298545,2026-04-27 09:10:13,0,47,Neutral,37.3,14,Medium,Small,Neutral,0,0.03634859256082265,17.569337863491214,13.946281769792149,2.646523112447519,-97.69901
pirate-chain,arrr,Pirate Chain,0.217396,42656125,529,409505.0,0.223648,0.20602,0.01137593,5.52175,19.335309936683103,12.018730075539366,196213797.97055,200000000.0,16.76,-98.70471,0.00797788,2026-04-27T09:09:45.644Z,0.017628000000000005,8.556450830016505,2026-04-27 09:10:13,0,47,Neutral,37.3,14,High,Small,Bullish,0,0.1967141513814726,17.568681455819675,12.922706834182573,8.770240037769684,-98.70471
perle,prl,Perle,0.239709,42532065,524,35884417.0,0.355666,0.210845,0.02542904,11.86722,21.494711902037793,49.03264310536712,175000000.0,1000000000.0,0.431223,-42.94872,0.113738,2026-04-27T09:09:45.727Z,0.14482099999999998,68.68600156513077,2026-04-27 09:10:13,0,47,Neutral,37.3,14,Extreme,Small,Bullish,0,0.21487667465653618,17.565768843524694,17.3958137202391,30.44993155268356,-42.94872
rocket-pool,rpl,Rocket Pool,1.9,42430074,531,5235278.0,2.01,1.87,0.00023406,0.01235,2.0813896072738722,19.5322546964632,22367035.42676356,22367035.42676356,61.9,-96.94461,0.00884718,2026-04-27T09:09:42.717Z,0.13999999999999968,7.486631016042764,2026-04-27 09:10:13,0,47,Neutral,37.3,14,High,Small,Bullish,0,1.0647107369924282,17.563367984794198,15.470930695995579,9.7723023482316,-96.94461
dogelon-mars,elon,Dogelon Mars,4.2286e-08,42285907,532,4927544.0,4.3489e-08,4.2112e-08,5.4284e-11,0.12854,5.471405665410216,16.059831710231744,1000000000000000.0,1000000000000000.0,2.59e-06,-98.36963,1.7563e-08,2026-04-27T09:09:42.000Z,1.3769999999999997e-09,3.2698518237082057,2026-04-27 09:10:13,0,47,Neutral,37.3,14,Medium,Small,Bullish,0,4.228599910594713e-08,17.55996444430361,15.410351450387404,8.094185855115873,-98.36963
project-galaxy,gal,GAL (migrated to Gravity - G),0.330719,42211985,533,21.11,0.336716,0.32929,-0.003431091428204414,-1.02681,4.375139636501433,-1.6385926148147607,127749331.18734433,200000000.0,18.32,-98.19631,0.074171,2026-04-27T09:09:42.730Z,0.007425999999999988,2.2551550305202066,2026-04-27 09:10:13,0,47,Neutral,37.3,14,Medium,Small,Bearish,0,0.2857193976650711,17.558214767113817,3.096029994869355,-1.3327013074073804,-98.19631
uma,uma,UMA,0.463267,42160705,534,9225277.0,0.492429,0.459082,-0.011989867061922677,-2.52282,4.475732863584287,16.875756680323292,90939414.540505,128441912.3683693,41.56,-98.88914,0.303625,2026-04-27T09:09:48.270Z,0.033347000000000016,7.263843932020862,2026-04-27 09:10:13,0,47,Neutral,37.3,14,High,Small,Bullish,0,0.3806716070953938,17.556999207787722,16.037457882938156,7.176468340161646,-98.88914
changenow,now,ChangeNOW,0.502058,41969633,535,5388.39,0.515545,0.500893,-0.001917388167075873,-0.38045,-3.68215232228842,-7.1302746115593525,83592578.66538163,97592578.66538163,0.722212,-30.4981,0.00019912,2026-04-27T09:09:54.890Z,0.014651999999999998,2.9251756363135435,2026-04-27 09:10:13,0,47,Neutral,37.3,14,Medium,Small,Bearish,0,0.40683616777615644,17.552456914757098,8.592187484956803,-3.755362305779676,-30.4981
zignaly,zig,ZIGChain,0.02975773,41945916,537,867227.0,0.02972971,0.02842745,0.00110671,3.86271,2.8070967464555987,-2.6449053122263395,1408940795.2396517,1953940795.2396517,0.224179,-86.75759,0.00428716,2026-04-27T09:09:41.973Z,0.0013022599999999995,4.5809947779347056,2026-04-27 09:10:13,0,47,Neutral,37.3,14,Medium,Small,Bearish,0,0.029323560982255876,17.551891655985656,13.673057196969156,0.6089023438868302,-86.75759
venom,venom,Venom,0.01945385,41925139,536,111131.0,0.01971455,0.0192282,-0.000125257492935384,-0.63975,-0.32969638746170266,-34.99104573941373,2155109894.398774,7359393168.13,0.782403,-97.52126,0.01913156,2026-04-27T09:09:42.665Z,0.00048635,2.529357922218408,2026-04-27 09:10:13,0,47,Neutral,37.3,14,Medium,Small,Strong Bear,0,0.019267042719892002,17.551396204964334,11.61847396295827,-17.815397869706864,-97.52126
waves,waves,Waves,0.414954,41558488,538,6973792.0,0.42354,0.410982,-0.002400751100883391,-0.57523,-0.608244453108134,-2.1629213155344216,100000000.0,100000000.0,61.3,-99.3257,0.130878,2026-04-27T09:09:44.491Z,0.012558000000000014,3.0556082748149587,2026-04-27 09:10:13,0,47,Neutral,37.3,14,Medium,Small,Bearish,0,0.34709702173285506,17.542612366460258,15.757669824102432,-1.3690756577672107,-99.3257
huma-finance,huma,Huma Finance,0.02382185,41323785,542,14847179.0,0.02494365,0.02340213,-0.000228987233568356,-0.9521,19.048356678649846,61.67991883312715,1733333333.0,10000000000.0,0.115647,-79.55944,0.01107715,2026-04-27T09:09:42.951Z,0.001541520000000001,6.5870927133555846,2026-04-27 09:10:13,0,47,Neutral,37.3,14,High,Small,Bullish,0,0.023542536872603218,17.536948824349352,16.513320506189988,30.363909416563573,-79.55944
icon,icx,ICON,0.03777485,41294365,539,1420956.0,0.0401217,0.03730332,-0.001642134972468956,-4.16606,0.3242552352887276,10.464204949460408,1096180902.639278,1108792274.218095,13.16,-99.71401,0.03255054,2026-04-27T09:09:41.539Z,0.0028183800000000023,7.555306069272125,2026-04-27 09:10:13,0,47,Neutral,37.3,14,High,Small,Bullish,0,0.037078853701408815,17.536236632160797,14.166841146241369,3.149072474730204,-99.71401
gemini-dollar,gusd,Gemini Dollar,0.999532,41220141,541,301280.0,0.999856,0.999498,-0.000216561715086439,-0.02166,-0.057088610933820325,-0.08384840602213449,41239642.41,41239642.41,3.3,-69.74622,0.78261,2026-04-27T09:09:46.937Z,0.00035799999999996945,0.03581798062627133,2026-04-27 09:10:13,0,47,Neutral,37.3,14,Low,Small,Bearish,1,0.6929131531776737,17.5344375783503,12.615798663057006,-0.052754203011067244,-69.74622
gekko,gekko,GEKKO,6.85602e-07,41172769,540,86056.0,7.09218e-07,5.82518e-07,-1.4604590453e-08,-2.08575,6.1062042238378185,12.613029286034047,60000000000000.0,200000000000000.0,1.37e-05,-94.98943,5.82518e-07,2026-04-27T09:09:43.204Z,1.267e-07,21.75040084598244,2026-04-27 09:10:13,0,47,Neutral,37.3,14,Extreme,Small,Bullish,0,6.856017649750561e-07,17.533287673484214,11.36276514638457,5.263639643017024,-94.98943
quack-ai,q,Quack AI,0.01080037,40968149,543,3794070.0,0.01084607,0.01007813,0.00054118,5.27508,19.023932441485076,20.38052731073924,3790388878.0,10000000000.0,0.052458,-79.33084,0.00552713,2026-04-27T09:09:55.321Z,0.0007679399999999999,7.619865987043231,2026-04-27 09:10:13,0,47,Neutral,37.3,14,High,Small,Bullish,0,0.0107424625785308,17.52830549351208,15.148950143060562,12.82780365536962,-79.33084
prometeus,prom,Prom,2.23,40819418,544,11829301.0,2.49,2.03,0.189997,9.29469,-3.0646824355527174,122.51407212634832,18250000.0,19250000.0,105.94,-97.88861,0.088747,2026-04-27T09:09:46.421Z,0.4600000000000004,22.66009852216751,2026-04-27 09:10:13,0,47,Neutral,37.3,14,Extreme,Small,Bullish,0,1.172482137234565,17.52466848202567,16.286090231677925,65.90438106317416,-97.88861
meet48,idol,MEET48,0.02288081,40802666,545,1659929.0,0.02350509,0.02273499,4.695e-05,0.20562,1.4364499214915278,-8.349551721597617,1782229434.502125,4767829434.502125,0.04177777,-45.23426,0.01034196,2026-04-27T09:09:53.125Z,0.0007700999999999993,3.387289811871478,2026-04-27 09:10:13,0,47,Neutral,37.3,14,Medium,Small,Bearish,0,0.02262296991771177,17.524258004885077,14.322285990768904,-4.071965860798809,-45.23426
useless-3,useless,Useless Coin,0.04063927,40640558,549,5591455.0,0.04306082,0.04007321,-0.000122547240367622,-0.30064,-2.207076370663894,33.692658957878095,999940362.02,999940362.02,0.434591,-90.70103,0.00519952,2026-04-27T09:09:45.076Z,0.0029876100000000017,7.455379791137276,2026-04-27 09:10:13,0,47,Neutral,37.3,14,High,Small,Bullish,0,0.039835207005563374,17.520277116061163,15.53675027633241,16.696009478939047,-90.70103
paxos-standard,usdp,Pax Dollar,0.999431,40546283,547,9925995.0,0.999981,0.999271,-0.000350099390077796,-0.03502,-0.03669012855274605,-0.0005420722833229067,40569459.93027243,40569459.93027243,1.18,-15.61805,0.863529,2026-04-27T09:09:45.184Z,0.0007099999999999884,0.07105179675983675,2026-04-27 09:10:13,0,47,Neutral,37.3,14,Low,Small,Bearish,1,0.6928626400821428,17.51795469437582,16.110667732147373,-0.017781036141661453,-15.61805
bitget-wrapped-btc,bgbtc,Bitget Wrapped BTC,77812.0,40388012,548,53666.0,79329.0,77573.0,-170.99575038698094,-0.21927,,,519.0,519.0,79329.0,-1.93944,77247.0,2026-04-27T09:09:41.424Z,1756.0,2.263674216544416,2026-04-27 09:10:13,0,47,Neutral,37.3,14,Medium,Small,Unknown,0,11.26206379132333,17.514043590984084,10.890553566459324,-0.109635,-1.93944
notcoin,not,Notcoin,0.00040534,40378709,546,48778676.0,0.00056726,0.00040436,-1.8826263768397e-05,-4.43847,5.7824351973315276,16.001445872062643,99429447866.9074,102452755868.5205,0.02836145,-98.56071,0.00032676,2026-04-27T09:09:43.535Z,0.0001629,40.285883865862104,2026-04-27 09:10:13,0,47,Neutral,37.3,14,Extreme,Small,Bullish,0,0.00040525787193464386,17.513813223830493,17.70280382861303,5.781487936031322,-98.56071
hyperlane,hyper,Hyperlane,0.118998,40261200,550,45487967.0,0.139341,0.116993,-0.008868832721577638,-6.93599,25.30632855988192,44.01075360485966,338174017.0,807333335.0000001,0.664052,-82.02795,0.07819,2026-04-27T09:09:45.293Z,0.022347999999999993,19.10199755540929,2026-04-27 09:10:13,0,47,Neutral,37.3,14,Extreme,Small,Bullish,0,0.11243364201809264,17.510898808828845,17.632958409390433,18.537381802429827,-82.02795
illuvium,ilv,Illuvium,4.86,40234168,551,5966942.0,5.25,4.83,-0.37494553142946163,-7.16607,8.222474622642824,42.67417835219519,8285535.985293776,9597083.003321655,1911.26,-99.74652,3.3,2026-04-27T09:09:42.125Z,0.41999999999999993,8.695652173913041,2026-04-27 09:10:13,0,47,Neutral,37.3,14,High,Small,Bullish,0,1.7681496035889213,17.510227167689333,15.60174529391963,17.754054176097597,-99.74652
burnedfi,burn,BurnedFi,3.24,40167671,556,61743.0,3.3,3.2,-0.000639978649770612,-0.01974,-9.55078173823022,-35.25106628331758,12346054.135045629,12346054.135045629,10.25,-68.64142,0.542183,2026-04-27T09:09:43.252Z,0.09999999999999964,3.124999999999989,2026-04-27 09:10:13,0,47,Neutral,37.3,14,Medium,Small,Strong Bear,0,1.4445632692438664,17.508573050959296,11.0307520837774,-17.635403141658788,-68.64142
moonbirds,birb,Moonbirds,0.140527,40082553,553,6968659.0,0.149481,0.139292,-0.007223377871375197,-4.8889,7.08870900104673,-2.1778179584709454,285000000.0,1000000000.0,0.476945,-70.52429,0.123268,2026-04-27T09:09:45.916Z,0.010189000000000004,7.314849381156136,2026-04-27 09:10:13,0,47,Neutral,37.3,14,High,Small,Bearish,0,0.13149043628935378,17.50645173526558,15.756933511743064,-3.5333589792354725,-70.52429
apex-token-2,apex,APEX,0.28884,40051245,554,1702736.0,0.307672,0.287409,-0.01639606253593201,-5.3716,1.7072359900723724,8.539940631409534,138823649.0,499999990.0,3.83,-92.47505,0.110496,2026-04-27T09:09:42.525Z,0.020262999999999975,7.050231551551961,2026-04-27 09:10:13,0,47,Neutral,37.3,14,High,Small,Neutral,0,0.2537425890222169,17.505670342105812,14.34774751436586,1.584170315704767,-92.47505
proprietary-trading-network,sn8,Proprietary Trading Network,9.0,40044275,558,154659.0,9.28,8.9,0.053064,0.59318,-1.3281207662900658,-16.49161150631367,4441152.433435188,4441152.433435188,25.24,-64.38399,5.69,2026-04-27T09:09:55.328Z,0.379999999999999,4.269662921348303,2026-04-27 09:10:13,0,47,Neutral,37.3,14,Medium,Small,Strong Bear,0,2.302585092994046,17.5054962999161,11.948984438163027,-7.949215753156835,-64.38399
atoshi,atos,Atoshi,0.04421227,39944742,555,39769.0,0.04661746,0.0414349,0.0021403,5.08724,15.55540577001441,4.09501137919713,903160633.17898,99999999999.99998,0.109228,-59.49801,0.02409721,2026-04-27T09:09:54.416Z,0.005182560000000003,12.507716924621523,2026-04-27 09:10:13,0,47,Neutral,37.3,14,Extreme,Small,Neutral,0,0.043262792547763024,17.503007632031043,10.590868138201737,4.591125689598565,-59.49801
binance-usd,busd,BUSD,0.996383,39934867,557,1188.95,0.999657,0.969183,-0.002296996079036218,-0.23,-0.30316544691045866,-0.3899986975510777,40026297.12594552,40026297.12594552,2.58,-61.32627,0.112189,2026-04-27T09:09:46.388Z,0.030474,3.144297826107144,2026-04-27 09:10:13,0,47,Neutral,37.3,14,Medium,Small,Bearish,1,0.6913370432494719,17.502760384956936,7.0816665684161215,-0.30999934877553886,-61.32627
apro,at,Apro,0.173402,39932953,559,4413761.0,0.173578,0.162265,0.008476,5.13928,6.1120722595082295,21.156653610670258,230000000.0,1000000000.0,0.85936,-79.83145,0.079496,2026-04-27T09:10:00.918Z,0.011313000000000017,6.971928635257152,2026-04-27 09:10:13,0,47,Neutral,37.3,14,High,Small,Bullish,0,0.15990722195678075,17.50271245576712,15.300237944997589,13.147966805335129,-79.83145
nockchain,nock,Nockchain,0.01903873,39915253,552,5343512.0,0.03123854,0.01207489,0.00696384,57.67208,202.48177642215438,109.0065073012894,1952169984.0,4294967296.0,0.21022,-90.25594,0.00460075,2026-04-27T09:09:45.545Z,0.019163649999999997,158.70662175804497,2026-04-27 09:10:13,0,47,Neutral,37.3,14,Extreme,Small,Bullish,0,0.01885976136914185,17.502269114564275,15.491393859806486,83.3392936506447,-90.25594
score,sn44,Score,8.86,39872188,561,1957908.0,9.08,8.34,0.4979,5.95121,-1.5850747801230252,-8.165235387067963,4498117.247090577,4498117.247090577,14.86,-40.56616,3.03,2026-04-27T09:09:45.097Z,0.7400000000000002,8.872901678657078,2026-04-27 09:10:13,0,47,Neutral,37.3,14,High,Small,Bearish,0,2.288486168614544,17.501189621286567,14.487387624996636,-1.1070126935339815,-40.56616
yzy,yzy,YZY,0.306177,39702133,560,442170.0,0.30981,0.303255,-0.001591876326066555,-0.51723,1.4226126492184377,-7.200897770801315,129999999.896197,999999465.844923,2.95,-89.60116,0.188434,2026-04-27T09:09:54.795Z,0.0065549999999999775,2.1615472127417443,2026-04-27 09:10:13,0,47,Neutral,37.3,14,Medium,Small,Bearish,0,0.2671045500018858,17.496915497361385,12.999451964069959,-3.859063885400657,-89.60116
unitywallet-token,unt,UnityWallet Token,0.060334,39652451,562,2079.0,0.062484,0.060113,-0.000768502353220485,-1.25772,-0.25793069778594563,7.632660067567568,657214285.0,1000000000.0,0.112474,-46.46322,0.04934818,2026-04-27T09:09:46.238Z,0.002370999999999998,3.944238351105415,2026-04-27 09:10:13,0,47,Neutral,37.3,14,Medium,Small,Neutral,0,0.05858395283180251,17.495663345242757,7.640123172695364,3.187470033783784,-46.46322
status,snt,Status,0.00999367,39555042,563,2827984.0,0.01015333,0.0099054,-0.000132448887608626,-1.30799,0.044983259967621946,4.784357597120106,3960483788.3096976,6804870174.0,0.684918,-98.54267,0.00592935,2026-04-27T09:09:46.342Z,0.00024793000000000037,2.5029781735215173,2026-04-27 09:10:13,0,47,Neutral,37.3,14,Medium,Small,Neutral,0,0.009944063506795634,17.493203753530963,14.855075001882694,1.738183798560053,-98.54267
pumpmeme,pm,PumpMeme,1.23,39499863,564,152604.0,1.25,1.22,-0.006115631206936367,-0.49417,2.9998139466084823,15.934804306374131,32008015.0,100000000.0,1.26,-2.18967,1.006,2026-04-27T09:09:45.505Z,0.030000000000000027,2.4590163934426252,2026-04-27 09:10:13,0,47,Neutral,37.3,14,Medium,Small,Bullish,0,0.8020015854720274,17.491807786827447,11.935608162695457,7.720317153187065,-2.18967
ebtc-2,ebtc,eBTC,77495.0,39486927,565,12357.66,79092.0,77236.0,-267.6124921187584,-0.34414,3.5730383710975406,16.867925028665937,509.5448443807,509.5448443807,79153.0,-2.09546,63341.0,2026-04-27T09:09:41.265Z,1856.0,2.403024496348853,2026-04-27 09:10:13,0,47,Neutral,37.3,14,Medium,Small,Bullish,0,11.257981601106222,17.491480238390853,9.422112310894951,8.261892514332969,-2.09546
ishares-bitcoin-trust-ondo-tokenized,ibiton,iShares Bitcoin Trust (Ondo Tokenized),44.11,39232980,567,83.11,44.99,43.89,-0.7299863010792436,-1.62813,4.1313078511387245,17.652562102865357,889662.4060941276,889662.4060941276,45.01,-2.0318,37.12,2026-04-27T09:09:41.324Z,1.1000000000000014,2.5062656641604044,2026-04-27 09:10:13,0,47,Neutral,37.3,14,Medium,Small,Bullish,0,3.8091039514203047,17.485028303063277,4.432125465974346,8.012216051432679,-2.0318
bas,bas,BNB Attestation Service,0.01570478,39189411,566,5927953.0,0.01684216,0.01362616,-0.000182289198204622,-1.14741,89.48775427732187,97.88964617656248,2500000000.0,10000000000.0,0.166539,-90.55372,0.00259671,2026-04-27T09:09:45.435Z,0.0032159999999999984,23.601660335707187,2026-04-27 09:10:13,0,47,Neutral,37.3,14,Extreme,Small,Bullish,0,0.01558273606625474,17.48391716623575,15.595189686143877,48.37111808828124,-90.55372
spdr-s-p-500-etf-ondo-tokenized-etf,spyon,SPDR S&P 500 ETF (Ondo Tokenized ETF),717.52,39000442,570,2082754.0,720.86,714.21,1.083,0.15117,1.1830245498916954,12.832629432522467,54286.9127304553,54286.9127304553,720.86,-0.55714,632.87,2026-04-27T09:09:55.943Z,6.649999999999977,0.9310986964618218,2026-04-27 09:10:13,0,47,Neutral,37.3,14,Low,Small,Bullish,0,6.577193540900635,17.479083563003766,14.549202094506462,6.4918997162612335,-0.55714
pundi-x-2,pundix,Pundi X,0.151245,38982011,568,1378110.0,0.154559,0.149097,-0.002719855159557416,-1.76655,2.392988354525605,6.597570320626788,258386541.0999244,258386541.0999244,10.07,-98.50331,0.134918,2026-04-27T09:09:42.664Z,0.005461999999999995,3.6633869226074265,2026-04-27 09:10:13,0,47,Neutral,37.3,14,Medium,Small,Neutral,0,0.14084396547262792,17.47861086692506,14.13622427883559,2.415510160313394,-98.50331
constitutiondao,people,ConstitutionDAO,0.0076881,38951353,569,7290987.0,0.00801898,0.00760897,-0.000168279465009307,-2.14195,5.390968984625616,20.690554445666155,5066444892.014003,5066444892.014003,0.185022,-95.84626,0.0009194,2026-04-27T09:09:42.333Z,0.0004100100000000006,5.388508562919824,2026-04-27 09:10:13,0,47,Neutral,37.3,14,High,Small,Bullish,0,0.007658697164332313,17.477824092192876,15.802149622922448,9.274302222833077,-95.84626
coti,coti,COTI,0.01391315,38884753,571,4126272.0,0.01448384,0.01382471,-0.000300161164920315,-2.11183,-1.5813031999148783,13.260563329619806,2790350045.406551,2790377419.740392,0.668634,-97.92587,0.00556342,2026-04-27T09:09:57.095Z,0.0006591299999999991,4.767767280470976,2026-04-27 09:10:13,0,47,Neutral,37.3,14,Medium,Small,Bullish,0,0.013817250613170726,17.47611280374425,15.23288513620247,5.5743666648099035,-97.92587
band-protocol,band,Band,0.222151,38732152,573,4304148.0,0.233567,0.22204,-0.004884182035413853,-2.15129,3.0807771900585905,7.9025267929812095,174178596.251852,175434552.337187,22.83,-99.02583,0.194187,2026-04-27T09:09:46.585Z,0.01152700000000001,5.19140695370204,2026-04-27 09:10:13,0,47,Neutral,37.3,14,High,Small,Neutral,0,0.2006124210369571,17.472180639927796,15.275089999183644,2.875618396490605,-99.02583
frankencoin,zchf,Frankencoin,1.27,38712406,572,84117.0,1.27,1.27,0.00275777,0.21705,-0.35336627571923124,1.5566986575015718,30407905.72169233,30407905.72169233,1.33,-4.15588,0.981646,2026-04-27T09:09:43.855Z,0.0,0.0,2026-04-27 09:10:13,0,47,Neutral,37.3,14,Low,Small,Neutral,0,0.8197798314933114,17.471670700935878,11.339975853975268,0.8868743287507859,-4.15588
holoworld,holo,Holoworld,0.060199,38585026,574,6805974.0,0.064678,0.060083,-0.004285959829786287,-6.64646,5.557984066309054,13.635069757266946,640697508.3643444,2048000000.0,0.775714,-92.25502,0.050023,2026-04-27T09:09:45.813Z,0.004595000000000002,7.647753940382475,2026-04-27 09:10:13,0,47,Neutral,37.3,14,High,Small,Bullish,0,0.058456626352863125,17.468374857627385,15.733311460806739,3.4943048786334727,-92.25502
io,io,io.net,0.120777,38358316,576,6214951.0,0.126883,0.120298,-0.003763500956207755,-3.0219,1.572098462176659,13.988367967660267,317483015.5042891,799996942.086222,6.43,-98.12031,0.092979,2026-04-27T09:09:43.819Z,0.006584999999999994,5.473906465610395,2026-04-27 09:10:13,0,47,Neutral,37.3,14,High,Small,Bullish,0,0.11402219477371213,17.462481933190123,15.642468559646924,5.483233983830133,-98.12031
ecomi,omi,ECOMI,0.00014146,38351462,575,1197714.0,0.00014409,0.00013979,-8.52440909866e-07,-0.599,-2.9675153638088814,19.323757810135266,270951644947.0,310882499574.018,0.01343572,-98.94642,3.37e-06,2026-04-27T09:10:01.596Z,4.300000000000023e-06,3.076042635381661,2026-04-27 09:10:13,0,47,Neutral,37.3,14,Medium,Small,Bullish,0,0.000141449995477682,17.462303233680927,13.995926132861515,9.362378905067633,-98.94642
peaq-2,peaq,peaq,0.01832226,37619701,578,10629999.0,0.02150297,0.01624278,0.00177948,10.75687,20.788741134705415,12.617448436222944,2053335262.715079,4400795859.898952,0.750473,-97.56816,0.01219919,2026-04-27T09:09:44.257Z,0.005260190000000001,32.3847888107824,2026-04-27 09:10:13,0,47,Neutral,37.3,14,Extreme,Small,Bullish,0,0.018156429919240095,17.443038460487337,16.17919075031813,11.687159218111471,-97.56816
magma-finance,magma,Magma Finance,0.197147,37511845,577,2760638.0,0.212203,0.190292,-6.5119284438198e-05,-0.03302,18.761637026023493,54.68087208272555,190000000.0,1000000000.0,0.281583,-29.74861,0.069837,2026-04-27T09:09:46.178Z,0.021911000000000014,11.51440943392261,2026-04-27 09:10:13,0,47,Neutral,37.3,14,Extreme,Small,Bullish,0,0.1799412260532155,17.44016733439018,14.830972732635441,27.323926041362775,-29.74861
woo-network,woo,WOO,0.01985038,37500042,579,4391141.0,0.02098242,0.01960171,-0.000829964838308495,-4.0133,9.833533069713855,22.386663897325217,1888782088.294737,1888782088.294737,1.78,-98.88531,0.01469575,2026-04-27T09:09:42.034Z,0.0013807100000000003,7.043824237783338,2026-04-27 09:10:13,0,47,Neutral,37.3,14,High,Small,Bullish,0,0.019655930262186153,17.43985263760665,15.295099887895935,9.186681948662608,-98.88531
secret,scrt,Secret,0.110394,37371899,580,3351903.0,0.122543,0.109866,-0.011152297333317948,-9.17532,2.878291074033005,49.89304770978602,338524912.151022,353584744.921918,10.38,-98.93799,0.070611,2026-04-27T09:09:52.438Z,0.012676999999999994,11.538601569184273,2026-04-27 09:10:13,0,47,Neutral,37.3,14,Extreme,Small,Bullish,0,0.10471490729759102,17.43642964309134,15.025039100555851,20.35886385489301,-98.93799
atomone,atone,AtomOne,0.287134,37255264,581,26144.0,0.321911,0.285974,-0.029521351395506268,-9.32286,-9.356861406852033,-19.44992905963787,129748602.995181,141556514.655181,16.99,-98.31028,0.148095,2026-04-27T09:09:43.140Z,0.035937,12.566527026932517,2026-04-27 09:10:13,0,47,Neutral,37.3,14,Extreme,Small,Strong Bear,0,0.2524180412981941,17.433303835083844,10.171413246622231,-14.386394529818936,-98.31028
bitway,btw,Bitway,0.01670364,36748069,583,16314648.0,0.01687029,0.01620712,0.00039857,2.44448,3.9771674894975995,-37.726843436671956,2200000000.0,10000000000.0,0.03762691,-55.77184,0.00911805,2026-04-27T09:09:46.214Z,0.0006631700000000011,4.091843584794838,2026-04-27 09:10:13,0,47,Neutral,37.3,14,Medium,Small,Strong Bear,0,0.016565668503054253,17.41959626523725,16.607573973833908,-17.64118171833598,-55.77184
botxcoin,botx,BOTXCOIN,0.7058,36684877,582,16957.4,0.706576,0.705238,0.00023378,0.03313,0.1952916377820425,19.146786672415242,1759052523.0,5000000000.0,3.27,-78.41219,0.0007075,2026-04-27T09:09:46.027Z,0.0013379999999999503,0.1897231856479586,2026-04-27 09:10:13,0,47,Neutral,37.3,14,Low,Small,Bullish,0,0.534034208902872,17.41787518451478,9.73851856527299,9.589958336207621,-78.41219
backpack,bp,Backpack,0.146091,36514478,584,1646567.0,0.149,0.145951,-0.001517101373465779,-1.02779,3.923415701782735,-5.1516155595284285,250000000.0,1000000000.0,0.449859,-67.52159,0.120327,2026-04-27T09:09:41.279Z,0.003048999999999996,2.089057286349526,2026-04-27 09:10:13,0,47,Neutral,37.3,14,Medium,Small,Bearish,0,0.13635702177177078,17.41321942482556,14.314203679672438,-3.089702779764214,-67.52159
storx,srx,StorX,0.059953,36377699,585,1965537.0,0.061488,0.059829,-0.001463169195830664,-2.38238,-4.080637630833804,17.91593103791371,606768579.25759,606768579.25759,4.69,-98.72247,0.00852373,2026-04-27T09:09:58.228Z,0.0016590000000000008,2.772902772902774,2026-04-27 09:10:13,0,47,Neutral,37.3,14,Medium,Small,Bullish,0,0.058224567518304134,17.409466507505382,14.491276557160088,7.766775518956856,-98.72247
mass-vehicle-ledger,mvl,MVL,0.00130259,36211622,586,273812.0,0.00132153,0.00128711,-4.959221538144e-06,-0.37928,-2.6165168576538833,1.538533806151084,27802958863.1,30000000000.0,0.06973,-98.12566,0.0001466,2026-04-27T09:09:43.410Z,3.442000000000007e-05,2.674208109640984,2026-04-27 09:10:13,0,47,Neutral,37.3,14,Medium,Small,Neutral,0,0.0013017423656461267,17.404890702609766,12.520200670621694,0.579626903075542,-98.12566
invesco-qqq-etf-ondo-tokenized-etf,qqqon,Invesco QQQ ETF (Ondo Tokenized ETF),663.64,36192567,587,2233914.0,668.18,660.77,0.645286,0.09733,2.6118771409567016,18.219797772809017,54536.64409728132,54536.64409728132,668.18,-0.40969,556.67,2026-04-27T09:09:55.891Z,7.409999999999968,1.1214189506182133,2026-04-27 09:10:13,0,47,Neutral,37.3,14,Low,Small,Bullish,0,6.499245540687747,17.404364351850873,14.619266209543648,9.158563886404508,-0.40969
neiro-3,neiro,Neiro,8.611e-05,36187832,588,22361575.0,9.27e-05,8.529e-05,-4.629466401044e-06,-5.10219,0.25931578505077113,54.96396832208602,420690000000.0,420690000000.0,0.00301761,-97.15259,2.44e-06,2026-04-27T09:09:43.962Z,7.4099999999999985e-06,8.688005627857894,2026-04-27 09:10:13,0,47,Neutral,37.3,14,High,Small,Bullish,0,8.610629274676953e-05,17.40423351532769,16.92285468677273,24.93088916104301,-97.15259
mango-markets,mngo,Mango,0.03234944,36151909,590,412.48,0.03235095,0.03108668,0.00121617,3.90634,0.880158496074228,0.13801961211512798,1117466989.0,5000000000.0,0.498845,-93.56319,0.00147576,2026-04-27T09:09:41.878Z,0.0012642700000000048,4.0669186931509085,2026-04-27 09:10:13,0,47,Neutral,37.3,14,Medium,Small,Neutral,0,0.031837214396916294,17.40324034058133,6.024609145700284,2.022179806057564,-93.56319
hermez-network-token,hez,Hermez Network,3.27,36126272,589,26094.0,3.31,3.26,-0.017566291479736318,-0.53504,0.29090913756683257,3.090794737618886,11065762.52483268,11065762.52483268,10.3,-68.30859,0.883591,2026-04-27T09:09:41.707Z,0.050000000000000266,1.5337423312883518,2026-04-27 09:10:13,0,47,Neutral,37.3,14,Low,Small,Neutral,0,1.451613827240533,17.402530942530326,10.169499004077514,1.277877368809443,-68.30859
superfortune,gua,Superfortune,0.802509,36077499,591,1812928.0,0.824102,0.756491,0.0088569,1.11597,-1.2690452584205947,155.84542714093044,45000000.0,1000000000.0,0.938372,-14.74998,0.07378,2026-04-27T09:09:46.126Z,0.06761099999999998,8.937449354982409,2026-04-27 09:10:13,0,47,Neutral,37.3,14,High,Small,Bullish,0,0.589179583229689,17.40117996029237,14.410454327359561,78.48069857046522,-14.74998
aegis-yusd,yusd,Aegis YUSD,0.995783,35946222,592,1096.18,0.999046,0.988756,0.00315875,0.31822,-0.24399542090472545,-0.2514218451431334,36098462.57615232,36098462.57615232,1.17,-14.97529,0.87025,2026-04-27T09:09:54.597Z,0.010290000000000021,1.0407016493452401,2026-04-27 09:10:13,0,47,Neutral,37.3,14,Low,Small,Bearish,0,0.6910364545442339,17.39753457402494,7.000498530680032,0.03339907742843329,-14.97529
swftcoin,swftc,SWFTCOIN,0.00358363,35886702,593,1625638.0,0.00372588,0.00331424,0.00026722,8.0574,4.535314616574876,-1.5780614354294928,10000000000.0,10000000000.0,0.04665833,-92.29016,0.00046438,2026-04-27T09:09:43.741Z,0.00041164,12.42034372887902,2026-04-27 09:10:13,0,47,Neutral,37.3,14,Extreme,Small,Bearish,0,0.003577224097705625,17.395877394875054,14.30141152722025,3.239669282285253,-92.29016
omni-network,omni,Omni Network [Old],0.667,35872722,594,1137.58,0.674,0.660583,-0.005000000000000004,-0.74405,1.5220700152207014,-7.044401029257269,53782192.0,100000000.0,53.81,-98.76056,0.621781,2026-04-27T09:09:43.642Z,0.013417000000000012,2.0310846630930577,2026-04-27 09:10:13,0,47,Neutral,37.3,14,Medium,Small,Bearish,0,0.511025603768657,17.395487759646453,7.037537150931476,-3.8942255146286344,-98.76056
espresso,esp,Espresso,0.068774,35796979,595,2268523.0,0.072941,0.068694,-0.003230822929163241,-4.48693,0.03149407362264557,-14.943694441346603,520550000.0,3590000000.0,0.217368,-68.34541,0.05223,2026-04-27T09:09:45.354Z,0.004247000000000001,6.1824904649605505,2026-04-27 09:10:13,0,47,Neutral,37.3,14,High,Small,Bearish,0,0.06651219715704845,17.393374090270733,14.634639957708393,-9.715312220673301,-68.34541
snek,snek,Snek,0.00047837,35787510,597,10165624.0,0.00050737,0.00047734,-2.4316721785098e-05,-4.83733,-0.8474174465496137,8.326471082892024,74721655311.0,75246967516.0,0.00895508,-94.65743,0.00013847,2026-04-27T09:09:42.936Z,3.0030000000000063e-05,6.291113252608217,2026-04-27 09:10:13,0,47,Neutral,37.3,14,High,Small,Neutral,0,0.0004782556175481852,17.393109535758352,16.134522488643853,1.744570541446012,-94.65743
stepn,gmt,GMT,0.01149988,35780737,598,6475645.0,0.01205918,0.01144656,-0.000558294481422857,-4.63001,2.4964373542358356,15.923247800928058,3111400155.0,5073850155.102167,4.11,-99.7205,0.00938775,2026-04-27T09:09:42.810Z,0.0006126199999999995,5.352000950503903,2026-04-27 09:10:13,0,47,Neutral,37.3,14,High,Small,Bullish,0,0.011434258989966497,17.392920261880203,15.683558928913113,5.646618900464029,-99.7205
based-one,based,Based,0.152211,35780184,599,64991284.0,0.153411,0.127162,0.02260906,17.44495,46.4500718610146,,235000000.0,1000000000.0,0.308046,-50.88599,0.050252,2026-04-27T09:09:46.256Z,0.026248999999999995,20.64217297620358,2026-04-27 09:10:13,0,47,Neutral,37.3,14,Extreme,Small,Unknown,0,0.1416827052242277,17.392904806517784,17.98976374194772,8.722475,-50.88599
openeden-open-dollar,usdo,OpenEden OpenDollar,0.997773,35765089,596,182.72,0.998295,0.997356,-0.00052239737065618,-0.05233,-0.011572528740917406,-0.07666853547741907,35844916.90046557,35844916.90046557,2.97,-66.40078,0.969341,2026-04-27T09:09:44.404Z,0.0009390000000000231,0.09414892977031503,2026-04-27 09:10:13,0,47,Neutral,37.3,14,Low,Small,Bearish,0,0.6920330601582327,17.39248283594813,5.213412859457593,-0.06449926773870954,-66.40078
unit-plasma,uxpl,Unit Plasma,0.099323,35763768,601,288971.0,0.105866,0.098449,-0.001886272681466628,-1.86373,-6.024749227899047,10.521516610832727,360063795.81,10000000000.0,1.57,-93.72228,0.072892,2026-04-27T09:09:45.903Z,0.007417000000000007,7.533850013712691,2026-04-27 09:10:13,0,47,Neutral,37.3,14,High,Small,Bullish,0,0.09469453578897749,17.392445899807427,12.574085076587687,4.328893305416363,-93.72228
iostoken,iost,IOST,0.00108602,35621192,600,4292332.0,0.00111907,0.00107728,-2.2579999295606e-05,-2.0368,0.21369325920168558,2.929377555948102,32830498608.0,32830498608.0,0.129829,-99.16425,0.00100592,2026-04-27T09:09:42.573Z,4.17900000000001e-05,3.8792143175404816,2026-04-27 09:10:13,0,47,Neutral,37.3,14,Medium,Small,Neutral,0,0.001085430706897273,17.38845132768492,15.272340965929969,0.446288777974051,-99.16425
auction,auction,Bounce,4.79,35396342,602,5873895.0,5.0,4.78,-0.20893324164901284,-4.18173,1.2622648406758075,7.792109610592296,7390402.318293814,7641028.818627574,70.44,-93.20742,3.16,2026-04-27T09:09:41.799Z,0.21999999999999975,4.6025104602510405,2026-04-27 09:10:13,0,47,Neutral,37.3,14,Medium,Small,Neutral,0,1.7561322915849038,17.38211906768292,15.586028685442663,1.805189805296148,-93.20742
resupply-usd,reusd,Resupply USD,0.9948,35352943,603,774.65,1.007,0.984743,-0.006048834947698478,-0.60437,-0.48509895899831723,0.07385045192813171,35537747.51729735,35537747.51729735,1.18,-16.07177,0.959487,2026-04-27T09:09:46.640Z,0.02225699999999986,2.260183621513416,2026-04-27 09:10:13,0,47,Neutral,37.3,14,Medium,Small,Neutral,0,0.6905437946898304,17.380892228310152,6.65370138751034,-0.26525977403593415,-16.07177
memecoin-2,meme,Memecoin,0.00056374,35254554,604,6619839.0,0.0005884,0.00055942,-2.1144608542544e-05,-3.61515,-0.6440157771888264,9.565011062831553,62538692416.66666,69000000000.0,0.056324,-99.00058,0.00048566,2026-04-27T09:09:52.539Z,2.8979999999999956e-05,5.180365378427649,2026-04-27 09:10:13,0,47,Neutral,37.3,14,High,Small,Neutral,0,0.0005635811583003428,17.378105298732542,15.705581758436821,2.974930531415777,-99.00058
whiteheart,white,Whiteheart,3956.29,35163497,605,7912.58,,,,,1.054556502412263,12.342376744019289,8888.0,8888.0,8457.1,-53.21934,57.1,2026-04-24T23:47:08.074Z,,,2026-04-27 09:10:13,0,47,Neutral,37.3,14,Unknown,Small,Bullish,0,8.283314726544328,17.37551911388725,8.97633555002912,6.171188372009644,-53.21934
small-thing,st,Small Thing,0.00193392,35099309,606,25198.0,0.00204139,0.00191895,-2.7510220597743e-05,-1.40256,-16.619664873881206,-15.505158639929078,398644565.6231859,1000000000.0,0.105386,-98.16305,0.00166404,2026-04-27T09:09:46.040Z,0.00012244000000000014,6.380572709033593,2026-04-27 09:10:13,0,47,Neutral,37.3,14,High,Small,Strong Bear,0,0.001932052384208833,17.373692030123213,10.13455959017246,-8.45385931996454,-98.16305
cross-2,cross,CROSS,0.105444,35065022,607,8127020.0,0.134296,0.10113,-0.02885155075032793,-21.48358,16.071810181206402,57.75417483801218,335222890.0,985222890.0,0.438189,-76.13605,0.04660973,2026-04-27T09:09:53.616Z,0.033166,32.795411846138634,2026-04-27 09:10:13,0,47,Neutral,37.3,14,Extreme,Small,Bullish,0,0.10024706422046513,17.372714695877644,15.910704993711331,18.135297419006093,-76.13605
goplus-security,gps,GoPlus Security,0.00795185,35026605,608,18195036.0,0.00844842,0.00668168,-0.000351575987450564,-4.23411,-10.340373250770034,3.075578210720118,4409100001.78,10000000000.0,0.2198,-96.42641,0.00441135,2026-04-27T09:09:44.607Z,0.0017667400000000002,26.441553621244964,2026-04-27 09:10:13,0,47,Neutral,37.3,14,Extreme,Small,Neutral,0,0.007920400651113595,17.3716185020983,16.716659422552024,-0.5792658946399412,-96.42641
snowbank,sb,Snowbank,217.63,34743153,611,33.59,221.63,216.53,-1.931623079184817,-0.87975,-2.1179924365903156,-0.8184094988100447,159640.027327531,159640.027327531,8356.8,-97.4064,138.86,2026-04-27T09:09:42.268Z,5.099999999999994,2.355331824689417,2026-04-27 09:10:13,0,47,Neutral,37.3,14,Medium,Small,Bearish,0,5.387380803288797,17.363493103372363,3.5435646229490776,-0.8490797494050224,-97.4064
helder,hldr,Helder,0.180193,34703121,609,5926.83,0.182336,0.179244,0.00069063,0.38475,-3.1943375645796497,21.531858432132815,197555047.9980258,3477441.998025848,0.470951,-61.73856,7.28e-06,2026-04-27T09:09:44.918Z,0.0030920000000000114,1.7250228738479458,2026-04-27 09:10:13,0,47,Neutral,37.3,14,Low,Small,Bullish,0,0.16567798442523968,17.36234021205148,8.687413489101829,10.958304216066407,-61.73856
book-of-meme,bome,BOOK OF MEME,0.00050398,34684887,610,12539312.0,0.0005364,0.00049871,-2.4883098938311e-05,-4.705,-16.163266396686403,32.524199968876516,68999659569.0,68999659569.0,0.02688878,-98.13607,5.848e-05,2026-04-27T09:09:43.490Z,3.7690000000000054e-05,7.557498345732,2026-04-27 09:10:13,0,47,Neutral,37.3,14,High,Small,Bullish,0,0.0005038530447332859,17.36181464573477,16.344379306979317,13.909599984438259,-98.13607
power-ledger,powr,Powerledger,0.065171,34527039,614,3744843.0,0.068341,0.064288,-0.00253630231770946,-3.74601,2.9142961424768785,6.96450708020941,529761884.726046,999506122.99937,1.89,-96.57334,0.03262537,2026-04-27T09:09:42.087Z,0.004053000000000001,6.304442508710803,2026-04-27 09:10:13,0,47,Neutral,37.3,14,High,Small,Neutral,0,0.06313534965275022,17.357253343131692,15.13589051852512,1.609248540104705,-96.57334
ong,ong,Ontology Gas,0.073673,34436939,612,1736066.0,0.076737,0.073133,-0.002226158472893328,-2.93304,-9.482504602020597,21.115066884298937,467870809.0,800000000.0,4.39,-98.32043,0.04242318,2026-04-27T09:09:45.231Z,0.003603999999999996,4.928007876061416,2026-04-27 09:10:13,0,47,Neutral,37.3,14,Medium,Small,Bullish,0,0.07108548045275019,17.354640383402177,14.367132767927732,9.091013442149467,-98.32043
kinetiq,kntq,Kinetiq,0.127524,34426669,613,128177.0,0.128714,0.124914,3.036e-05,0.02382,22.449078307446737,19.304553070416965,270000000.0,1000000000.0,0.301997,-57.78393,0.03578417,2026-04-27T09:09:57.366Z,0.003799999999999998,3.0420929599564484,2026-04-27 09:10:13,0,47,Neutral,37.3,14,Medium,Small,Bullish,0,0.12002407819919415,17.354342112658713,11.76117520187829,9.664186535208483,-57.78393
tokamak-network,ton,Tokamak Network,0.606292,34288006,626,26454499.0,0.649042,0.495476,0.105134,20.9782,24.749867431884585,28.508674172997324,56553896.57528079,103133251.1569786,30.51,-98.08603,0.437918,2026-04-27T09:09:41.571Z,0.15356599999999998,30.99363036756573,2026-04-27 09:10:13,0,47,Neutral,37.3,14,Extreme,Small,Bullish,0,0.47392841717946577,17.350306200848532,17.09093683412286,24.743437086498663,-98.08603
fx-usd-saving,fxsave,f(x) USD Saving,1.1,34247116,615,2.08,,,,,0.2624963844768515,1.0301195854508067,31127813.98776594,31127813.98776594,4.68,-76.49165,0.972207,2026-04-25T14:12:10.549Z,,,2026-04-27 09:10:13,0,47,Neutral,37.3,14,Unknown,Small,Neutral,0,0.7419373447293773,17.349112943947098,1.1249295969854831,0.5150597927254034,-76.49165
liquity-bold-2,bold,BOLD,0.999787,34173152,617,468167.0,1.0,0.999153,0.00033913,0.03393,-0.24662677374198155,-0.5131920160015618,34180950.99294438,34180950.99294438,1.017,-1.65724,0.982941,2026-04-27T09:09:45.115Z,0.0008470000000000422,0.08477180171605772,2026-04-27 09:10:13,0,47,Neutral,37.3,14,Low,Small,Bearish,0,0.6930406748884176,17.346950893758994,13.056582484842878,-0.2396310080007809,-1.65724
bancor,bnt,Bancor Network,0.31619,34170812,618,85265.0,0.327951,0.314778,-0.002245544975731595,-0.70518,0.46260846344960943,13.903125717756417,108071186.5517387,108071186.5517387,10.72,-97.0604,0.120935,2026-04-27T09:09:47.798Z,0.01317299999999999,4.184854087642717,2026-04-27 09:10:13,0,47,Neutral,37.3,14,Medium,Small,Bullish,0,0.27474119938148,17.346882416609134,11.353531060819916,6.598972858878208,-97.0604
nirvana-ana-2,ana,Nirvana ANA,4.18,34159293,616,403.82,4.18,4.18,-0.008178681836419344,-0.19549,3.8477502250814895,-2.6011294419122324,8180814.949068,8180814.949068,5.25,-20.48015,3.87,2026-04-27T09:09:52.333Z,0.0,0.0,2026-04-27 09:10:13,0,47,Neutral,37.3,14,Low,Small,Bearish,0,1.6448050562713916,17.346545259223763,6.003442523867389,-1.3983097209561162,-20.48015
f-x-protocol-fxusd,fxusd,f(x) Protocol fxUSD,0.999166,34102722,619,1264726.0,1.009,0.987547,7.214e-05,0.00722,0.3557458626094052,-0.3585299625938951,34129651.78592268,34129651.78592268,1.042,-4.15379,0.953062,2026-04-27T09:09:57.191Z,0.021452999999999944,2.1723523032321443,2026-04-27 09:10:13,0,47,Neutral,37.3,14,Medium,Small,Bearish,0,0.6927300935912671,17.34488779243807,14.05036684657669,-0.17565498129694754,-4.15379
quai-network,quai,Quai Network,0.03464653,34053055,620,190065.0,0.03638113,0.03440693,-0.000836065342396101,-2.35627,-3.6351641445774128,-0.6045659525871535,982804697.0,982804697.0,0.3634,-90.46746,0.01825978,2026-04-27T09:09:42.616Z,0.0019741999999999954,5.737797589032196,2026-04-27 09:10:13,0,47,Neutral,37.3,14,High,Small,Bearish,0,0.03405985147893967,17.34343033689958,12.155126659245234,-1.4804179762935767,-90.46746
carv,carv,CARV,0.05749,33982645,621,5706414.0,0.06165,0.057392,-0.003482639972146609,-5.71182,4.693367729819488,6.448347260086407,591164856.0,1000000000.0,1.36,-95.78535,0.051064,2026-04-27T09:09:59.668Z,0.004258000000000005,7.4191524951212795,2026-04-27 09:10:13,0,47,Neutral,37.3,14,High,Small,Neutral,0,0.05589817562880981,17.341360540511303,15.557101538570016,0.36826363004320317,-95.78535
cyberconnect,cyber,CYBER,0.540213,33845174,622,8587902.0,0.563654,0.538765,-0.006029913307717627,-1.10389,3.2869515578636626,9.842962628165226,62653733.76,100000000.0,15.79,-96.5806,0.441088,2026-04-27T09:09:53.022Z,0.02488899999999994,4.619639360389026,2026-04-27 09:10:13,0,47,Neutral,37.3,14,Medium,Small,Neutral,0,0.43192071854966985,17.337307006542293,15.965865143087026,4.369536314082613,-96.5806
ark,ark,ARK,0.172157,33764561,625,692342.0,0.177835,0.169492,-0.00478473470568283,-2.70412,2.088203417831436,4.921003617699926,196138784.0,196138784.0,10.22,-98.31266,0.0339403,2026-04-27T09:09:54.762Z,0.00834299999999999,4.9223562174025846,2026-04-27 09:10:13,0,47,Neutral,37.3,14,Medium,Small,Neutral,0,0.1588456412274779,17.3349223488945,13.447836776538502,1.1084418088499628,-98.31266
subsquid,sqd,SQD,0.03156699,33741369,623,2019129.0,0.03253968,0.03115493,0.00013688,0.43552,-1.6720149430606037,1.2293798882936429,1070843294.700585,1337000000.0,0.284777,-88.94408,0.0228513,2026-04-27T09:09:43.657Z,0.0013847500000000006,4.444721910785871,2026-04-27 09:10:13,0,47,Neutral,37.3,14,Medium,Small,Neutral,0,0.031078995676320532,17.334235238881345,14.51817728353318,0.8324499441468214,-88.94408
aintivirus,ainti,AIntivirus,0.0337323,33724287,624,0.0,0.0337323,0.0337323,0.0,0.0,0.0,0.0,999762452.590282,999762452.590282,0.03412971,-1.1644,1.163e-05,2026-04-27T04:56:07.314Z,0.0,0.0,2026-04-27 09:10:13,0,47,Neutral,37.3,14,Low,Small,Bearish,0,0.03317584508100458,17.333728847900467,0.0,0.0,-1.1644
euler,eul,Euler,1.38,33476361,627,4482588.0,1.49,1.39,-0.057730537885133604,-4.00276,17.56759972219129,77.0725403396263,24130150.8184706,27182818.28459,15.81,-91.19299,0.723337,2026-04-27T09:09:42.681Z,0.10000000000000009,7.1942446043165535,2026-04-27 09:10:13,0,47,Neutral,37.3,14,High,Small,Bullish,0,0.8671004876833833,17.326350135793724,15.315711339255952,36.53489016981315,-91.19299
kgen,kgen,KGeN,0.168588,33457872,628,1437844.0,0.178002,0.167759,-0.007500694765492893,-4.25962,12.541629237851257,-12.56760290353861,198677778.0,1000000000.0,0.649874,-74.06598,0.133931,2026-04-27T09:09:45.840Z,0.010243000000000002,6.105782700183003,2026-04-27 09:10:13,0,47,Neutral,37.3,14,High,Small,Bearish,0,0.1557961823878893,17.325797683062465,14.17865602285825,-8.413611451769306,-74.06598
alchemy-pay,ach,Alchemy Pay,0.00675082,33350516,629,12587503.0,0.00675373,0.00632116,0.00034048,5.31148,8.058972405420075,6.234091108221343,4943691067.145604,15346246087.99998,0.198666,-96.60043,0.00135537,2026-04-27T09:09:41.748Z,0.0004325700000000002,6.843205993836577,2026-04-27 09:10:13,0,47,Neutral,37.3,14,High,Small,Neutral,0,0.006728135251205541,17.322583832454622,16.348215133784475,5.772785554110672,-96.60043
giggle-fund,giggle,Giggle Fund,33.32,33321276,630,16831236.0,35.26,32.78,-0.5598190482743348,-1.65254,1.536110252896689,38.63370798440442,1000000.0,1000000.0,274.54,-87.892,8.64,2026-04-27T09:09:45.857Z,2.479999999999997,7.565588773642455,2026-04-27 09:10:13,0,47,Neutral,37.3,14,High,Small,Bullish,0,3.5357282746197614,17.32170669985865,16.63874706316893,18.490583992202207,-87.892
ryze,ryze,Ryze,0.153338,33088738,631,6877.86,0.156023,0.151846,-0.000971355321105705,-0.62948,-0.46098381102972613,17.56629468908436,216084382.1361369,384717823.0,0.161394,-5.05572,0.01535536,2026-04-27T09:09:58.905Z,0.004176999999999986,2.7508133240256485,2026-04-27 09:10:13,0,47,Neutral,37.3,14,Medium,Small,Bullish,0,0.14266034663611174,17.314703570981873,8.836208219523595,8.468407344542179,-5.05572
harmony,one,Harmony,0.00222298,33056699,632,2031782.0,0.00231397,0.00220801,-5.20093513692e-05,-2.28613,1.666838463935431,4.730155838948278,14870211425.762915,14870212769.762915,0.37902,-99.41395,0.00127355,2026-04-27T09:09:44.108Z,0.00010596,4.79889130936907,2026-04-27 09:10:13,0,47,Neutral,37.3,14,Medium,Small,Neutral,0,0.00222051283558804,17.313734826863158,14.524424290639326,1.222012919474139,-99.41395
edu-coin,edu,Open Campus,0.04482811,33002830,633,11364704.0,0.0478604,0.0445451,-0.00113610614760519,-2.47172,0.29214108298688424,-27.818048974093223,736208333.0,1000000000.0,1.67,-97.32471,0.04149096,2026-04-27T09:09:54.072Z,0.0033153,7.442569440858817,2026-04-27 09:10:13,0,47,Neutral,37.3,14,High,Small,Strong Bear,0,0.043852383848855786,17.31210390362997,16.24602305804672,-15.144884487046612,-97.32471
hive,hive,Hive,0.061008,32894407,635,1563480.0,0.063394,0.060228,-0.001972151716628914,-3.13139,-0.3111062340059388,3.9242289034237707,539490147.509,,3.41,-98.21311,0.055374,2026-04-27T09:09:42.103Z,0.003166000000000009,5.256691239954853,2026-04-27 09:10:13,0,47,Neutral,37.3,14,High,Small,Neutral,0,0.059219399659970424,17.308813231684265,14.262425303583617,0.3964194517118853,-98.21311
tokenlon,lon,Tokenlon,0.266447,32887808,634,7904.61,0.271867,0.266165,-0.000693391652094144,-0.25956,-4.1976273477881145,0.10129330956789329,123440927.2401396,140451028.838767,9.81,-97.2837,0.066889,2026-04-27T09:09:42.510Z,0.00570200000000004,2.142280164559593,2026-04-27 09:10:13,0,47,Neutral,37.3,14,Medium,Small,Neutral,0,0.2362153419724293,17.308612599953594,8.975327913016814,-0.07913334521605336,-97.2837
xtusd,xtusd,XT Stablecoin XTUSD,0.999832,32794988,636,2513630.0,1.001,0.999619,-0.00012457794476961,-0.01246,0.006151489081638117,0.03595795278434841,32800030.0,32800030.0,42.29,-97.63579,0.933136,2026-04-27T09:09:42.599Z,0.0013809999999998546,0.13815263615436027,2026-04-27 09:10:13,0,47,Neutral,37.3,14,Low,Small,Neutral,0,0.6930631770317478,17.305786287292932,14.737238879316418,0.011748976392174204,-97.63579
america-party-5,america,America Party,7.7859e-08,32754579,638,367.02,8.0582e-08,7.776e-08,-5.40058078e-10,-0.68886,0.5919688532697874,18.070507045126515,420690000000000.0,420690000000000.0,1.53e-06,-94.90349,3.3091e-08,2026-04-27T07:10:27.128Z,2.821999999999997e-09,3.629115226337445,2026-04-27 09:10:13,0,47,Neutral,37.3,14,Medium,Small,Bullish,0,7.78589969689882e-08,17.304553357596053,5.9081372845182285,8.690823522563257,-94.90349
metamask-usd,musd,MetaMask USD,0.999771,32754514,637,10197087.0,0.999975,0.999627,2.637e-05,0.00264,-0.024610711232418318,-0.007252488268331446,32761853.505169,32761853.505169,1.066,-6.23808,0.979806,2026-04-27T09:09:53.487Z,0.00034799999999990394,0.034812985243486215,2026-04-27 09:10:13,0,47,Neutral,37.3,14,Low,Small,Bearish,0,0.6930326740043199,17.304551373138782,16.137612747298338,-0.002306244134165723,-6.23808
ethereum-pow-iou,ethw,EthereumPoW,0.302674,32617197,639,10102132.0,0.332803,0.300185,0.00143301,0.4757,7.965980819135239,17.32920541394933,107818717.0,107818717.0,58.54,-99.48547,0.239828,2026-04-27T09:09:42.723Z,0.032618000000000036,10.865965987640967,2026-04-27 09:10:13,0,47,Neutral,37.3,14,Extreme,Small,Bullish,0,0.264419074974575,17.30035025324573,16.128257147633228,8.902452706974666,-99.48547
sai,sai,Sai,12.23,32543816,640,11.12,,,,,1.4703306897040416,16.74400191997324,2661529.231369567,2661529.231369567,25.84,-52.6807,0.92687,2026-04-26T08:17:04.157Z,,,2026-04-27 09:10:13,0,47,Neutral,37.3,14,Unknown,Small,Bullish,0,2.5824869781268642,17.29809795465827,2.4948569806411682,8.37200095998662,-52.6807
janction,jct,Janction,0.00282138,32398501,641,4820479.0,0.00295206,0.00269694,0.00011158,4.11771,-6.099228157585902,7.472284885640665,11493687500.0,50000000000.0,0.01057934,-73.43802,0.00105948,2026-04-27T09:09:45.999Z,0.00025511999999999974,9.459609779972848,2026-04-27 09:10:13,0,47,Neutral,37.3,14,High,Small,Neutral,0,0.002817407377878018,17.293622745125806,15.38838406613076,5.794997442820332,-73.43802
iexec-rlc,rlc,iExec RLC,0.447518,32346638,642,2958893.0,0.464253,0.444616,-0.012004951620367577,-2.61248,-2.7985009637920557,10.60041195470819,72382548.06525737,86999784.9868455,15.51,-97.12653,0.153815,2026-04-27T09:09:45.130Z,0.019637000000000016,4.416620184608744,2026-04-27 09:10:13,0,47,Neutral,37.3,14,Medium,Small,Bullish,0,0.369850365620857,17.292020678614197,14.900326107827544,3.9939659773540948,-97.12653
spell-token,spell,Spell,0.00018619,32292517,655,26147006.0,0.00019831,0.00016475,1.981e-05,11.90636,13.01631393752663,14.101264491658384,171510541047.0,196008739620.0,0.03506357,-99.47723,0.00015355,2026-04-27T09:09:42.170Z,3.356e-05,20.370257966616084,2026-04-27 09:10:13,0,47,Neutral,37.3,14,Extreme,Small,Bullish,0,0.00018617266879318155,17.290346120493123,17.0792452868578,13.003812245829192,-99.47723
ai-companions,aic,AI Companions,0.03234104,32274765,643,2838208.0,0.03313574,0.02992012,0.00202628,6.68412,-7.28914914552888,-23.69560922974705,1000000000.0,1000000000.0,0.580508,-94.43707,0.0242673,2026-04-27T09:09:44.034Z,0.0032156199999999954,10.747349943783632,2026-04-27 09:10:13,0,47,Neutral,37.3,14,Extreme,Small,Strong Bear,0,0.03182907758408027,17.28979624447705,14.858683777401435,-8.505744614873525,-94.43707
renzo,rez,Renzo,0.0039211,32249705,644,5806081.0,0.00408702,0.00389858,-9.3982404771283e-05,-2.34073,3.1415374272148764,18.12312457711874,8218744724.213171,9814629224.12962,0.278213,-98.59005,0.00265163,2026-04-27T09:09:43.810Z,0.00018844000000000022,4.833554781484546,2026-04-27 09:10:13,0,47,Neutral,37.3,14,Medium,Small,Bullish,0,0.00391343252415238,17.289019484885433,15.574416546787681,7.89119728855937,-98.59005
ridges-ai,sn62,Ridges AI,7.11,32170646,647,681944.0,7.41,6.97,0.120205,1.72014,6.498916662303558,-27.182318812283352,4516793.960982988,4516793.960982988,39.3,-81.9327,1.42,2026-04-27T09:09:56.093Z,0.4400000000000004,6.312769010043047,2026-04-27 09:10:13,0,47,Neutral,37.3,14,High,Small,Strong Bear,0,2.0930978681273213,17.28656501091847,13.432704288412314,-12.731089406141676,-81.9327
ustbl-tokenized-u-s-treasury-bill,ustbl,USTBL,1.051,32169709,645,2066.54,1.052,1.051,-0.000744686045258458,-0.0708,0.055696849119678225,0.3001351769672733,30606127.5,30606127.5,1.054,-0.29887,0.04220509,2026-04-27T09:09:45.920Z,0.001000000000000112,0.09514747859182797,2026-04-27 09:10:13,0,47,Neutral,37.3,14,Low,Small,Neutral,0,0.7183274790902435,17.286535884564692,7.63411477374818,0.11466758848363666,-0.29887
sign-global,sign,Sign,0.01664026,32143565,646,9100611.0,0.01770321,0.01663097,-0.000823220822284722,-4.71396,-7.888951289868475,-47.93058704158902,1930000000.0,10000000000.0,0.13111,-87.29662,0.01663097,2026-04-27T09:09:45.037Z,0.001072240000000002,6.447248717302732,2026-04-27 09:10:13,0,47,Neutral,37.3,14,High,Small,Strong Bear,0,0.016503327843394543,17.285722864203542,16.023852221972966,-26.32227352079451,-87.29662
memetern,mxt,Memetern,0.03199654,31996540,648,403.62,0.03265144,0.03170219,5.995e-05,0.18773,27.030497865858788,86.78937492379286,1000000000.0,1000000000.0,0.03572423,-10.43462,0.00430847,2026-04-27T01:23:05.498Z,0.0009492499999999987,2.9942726354236058,2026-04-27 09:10:13,0,47,Neutral,37.3,14,Medium,Small,Bullish,0,0.03149531434057234,17.28113836117145,6.002948355049268,43.48855246189643,-10.43462
liquity,lqty,Liquity,0.322441,31833478,649,9813930.0,0.334514,0.304698,0.01739574,5.70268,14.368111955090274,19.673232833137646,98677866.61861613,100000000.0,146.94,-99.78185,0.26056,2026-04-27T09:09:42.234Z,0.029815999999999954,9.78542688169924,2026-04-27 09:10:13,0,47,Neutral,37.3,14,High,Small,Bullish,0,0.27947927127878075,17.27602909268861,16.099313464834903,12.687956416568824,-99.78185
bankercoin-2,bnkr,BankrCoin,0.0003175,31738509,650,3162993.0,0.00032775,0.0003165,-8.298997145648e-06,-2.54728,-4.496088516593417,-12.468896295232641,99999999999.99998,99999999999.99998,0.00120094,-73.56648,7.81e-06,2026-04-27T09:09:44.533Z,1.125000000000003e-05,3.5545023696682563,2026-04-27 09:10:13,0,47,Neutral,37.3,14,Medium,Small,Bearish,0,0.00031744960754112166,17.27304132804129,14.967029605352696,-7.508088147616321,-73.56648
dovu-2,dovu,DOVU,0.00317061,31706010,651,187576.0,0.00330773,0.00297305,8.627e-05,2.79705,27.769447841898,-2.5220625207564162,10000000000.0,10000000000.0,0.0092969,-65.89586,0.00020891,2026-04-27T09:09:45.152Z,0.00033467999999999996,11.257126519903801,2026-04-27 09:10:13,0,47,Neutral,37.3,14,Extreme,Small,Bearish,0,0.0031655942153820046,17.27201684232274,12.141944706758792,0.1374937396217919,-65.89586
arcblock,abt,Arcblock,0.32119,31636521,652,275947.0,0.347385,0.316622,-0.008737599106160676,-2.64834,8.101765966618055,59.39790683552479,98580000.0,186000000.0,4.69,-93.17851,0.04949826,2026-04-27T09:09:54.248Z,0.030762999999999985,9.716002046604464,2026-04-27 09:10:13,0,47,Neutral,37.3,14,High,Small,Bullish,0,0.2785328456290747,17.269822770674974,12.527967721151583,28.374783417762398,-93.17851
hive_dollar,hbd,Hive Dollar,0.950152,31590862,653,13.3,0.972389,0.94196,-0.00218682802878456,-0.22963,-0.5675823946000916,-1.161389295256388,33247429.334,33247429.334,3.97,-76.10663,0.424305,2026-04-27T09:09:41.758Z,0.03042899999999993,3.2303919487026973,2026-04-27 09:10:13,0,47,Neutral,37.3,14,Medium,Small,Bearish,0,0.6679073182557607,17.26837849117688,2.6602595372658615,-0.695509647628194,-76.10663
blockv,vee,BLOCKv,0.01334905,31515878,654,2696.47,0.01366637,0.01322235,-0.00020214994443208,-1.49175,-9.78122085882171,71.96408018718235,2360944738.758895,2360944738.758895,0.356889,-96.25876,1.06e-05,2026-04-27T09:09:41.707Z,0.00044401999999999983,3.358102001535278,2026-04-27 09:10:13,0,47,Neutral,37.3,14,Medium,Small,Bullish,0,0.013260736498164925,17.266002072020633,7.9000695756617345,35.236165093591175,-96.25876
monerium-eur-money-2,eure,Monerium EUR emoney,1.17,31416560,656,37651.0,1.18,1.15,0.00091403,0.07798,-0.22780049280650547,1.8889163621434988,26728131.69319682,26728131.69319682,1.22,-4.08955,1.037,2026-04-27T09:09:44.800Z,0.030000000000000027,2.6086956521739157,2026-04-27 09:10:13,0,47,Neutral,37.3,14,Medium,Small,Neutral,0,0.7747271675523681,17.262845732223404,10.53614135266711,0.9834481810717494,-4.08955
midas-mhyper,mhyper,Midas mHYPER,1.092,31387263,657,4966.65,1.092,1.092,0.0,0.0,0.11423526094982143,0.4490109141711084,28754353.15452853,28754353.15452853,1.092,0.0,1.024,2026-04-27T08:50:05.109Z,0.0,0.0,2026-04-27 09:10:13,0,47,Neutral,37.3,14,Low,Small,Neutral,0,0.7381205462026765,17.261912763502945,8.510702170245866,0.2245054570855542,0.0
steem,steem,Steem,0.057506,31383198,659,3877180.0,0.058775,0.057033,-0.000909835492169477,-1.5575,-0.8970837327808441,-2.3133720014974766,545984715.569,546000470.736,8.19,-99.29969,0.04499196,2026-04-27T09:09:44.254Z,0.0017420000000000005,3.0543720302281145,2026-04-27 09:10:13,0,47,Neutral,37.3,14,Medium,Small,Bearish,0,0.05591330568106552,17.261783243986553,15.170618901144964,-1.9354360007487383,-99.29969
terrausd,ustc,TerraClassicUSD,0.00562768,31366800,658,4989329.0,0.00605705,0.00541629,0.00016731,3.06403,6.98553149979123,26.34283661112167,5578174763.541448,6081054353.33767,1.092,-99.48558,0.00406362,2026-04-27T09:09:53.502Z,0.0006407599999999998,11.830238041168398,2026-04-27 09:10:13,0,47,Neutral,37.3,14,Extreme,Small,Bullish,0,0.005611903770282033,17.26126059855633,15.4228121901758,14.703433305560834,-99.48558
brevis,brev,Brevis,0.124789,31200498,660,11119294.0,0.137514,0.123132,-0.012677060486592576,-9.22195,0.7663228332643078,10.62816193305735,250000000.0,1000000000.0,0.560057,-77.64079,0.104198,2026-04-27T09:09:46.280Z,0.014381999999999992,11.680148133710158,2026-04-27 09:10:13,0,47,Neutral,37.3,14,Extreme,Small,Bullish,0,0.11759546251008515,17.25594464624156,16.224192445496314,0.7031059665286747,-77.64079
nvidia-ondo-tokenized-stock,nvdaon,NVIDIA (Ondo Tokenized Stock),208.57,31132543,661,3554458.0,210.61,207.53,0.708847,0.34101,4.6770558425357205,25.353333407679063,149167.3331097703,149167.3331097703,211.5,-1.20656,163.07,2026-04-27T09:09:55.752Z,3.0800000000000125,1.4841227774297754,2026-04-27 09:10:13,0,47,Neutral,37.3,14,Low,Small,Bullish,0,5.345057812431851,17.253764260890502,15.083713429610793,12.847171703839532,-1.20656
dacxi,dxi,Dacxi,0.00048398,31131861,662,270088.0,0.00049711,0.00044104,4.192e-05,9.48392,9.731536934063294,3.047214505274725,10000000000.0,10000000000.0,0.067245,-99.29811,1.494e-05,2026-04-27T09:09:44.046Z,5.6070000000000024e-05,12.713132595682936,2026-04-27 09:10:13,0,47,Neutral,37.3,14,Extreme,Small,Neutral,0,0.000483862919454705,17.253742354313573,12.50650681329423,6.2655672526373625,-99.29811
the-innovation-game,tig,The Innovation Game,1.11,31069143,663,8870776.0,1.48,0.969682,-0.3107474573636797,-21.94298,49.497084387939,262.6760143697144,28066039.78013077,48249891.29472111,4.3,-74.37254,0.116623,2026-04-27T09:09:50.414Z,0.5103179999999999,52.62735618481109,2026-04-27 09:10:13,0,47,Neutral,37.3,14,Extreme,Small,Bullish,0,0.7466879474879752,17.251725730297718,15.99827294909635,120.36651718485719,-74.37254
osaka-protocol,osak,Osaka Protocol,4.0747e-08,31022779,664,63302.0,4.2887e-08,4.0663e-08,-8.4216705e-10,-2.02494,-6.5681641788371685,-0.7479741741518,761459784660251.2,761459784660251.2,4.37636e-07,-90.6782,1.2854e-08,2026-04-27T09:09:43.087Z,2.2240000000000006e-09,5.469345596734134,2026-04-27 09:10:13,0,47,Neutral,37.3,14,High,Small,Bearish,0,4.074699916984102e-08,17.25023233129733,11.055688000374166,-1.3864570870758999,-90.6782
across-protocol,acx,Across Protocol,0.04402778,31019634,666,2448634.0,0.04495204,0.04355132,0.00022292,0.5089,1.2310005134317923,3.655976961238325,704657633.0,1000000000.0,1.69,-97.39892,0.03124001,2026-04-27T09:09:59.587Z,0.0014007200000000011,3.216251539562983,2026-04-27 09:10:13,0,47,Neutral,37.3,14,Medium,Small,Neutral,0,0.04308609830183092,17.250130949041246,14.711041284402015,2.0824384806191625,-97.39892
wax,waxp,WAX,0.00675143,31006067,665,1228988.0,0.00698306,0.00672122,-0.000207442121986515,-2.98097,1.677344470877469,5.409416997220233,4593469811.15315,4593469811.15315,2.77,-99.7565,0.00588044,2026-04-27T09:09:41.879Z,0.00026184000000000016,3.8957213124998162,2026-04-27 09:10:13,0,47,Neutral,37.3,14,Medium,Small,Neutral,0,0.006728741160635243,17.24969348522995,14.021702438141967,1.2142234986101164,-99.7565
blast,blast,Blast,0.00051367,30969317,667,2545638.0,0.00053367,0.00051187,-9.09002745328e-06,-1.73885,1.4745248778338547,13.1478075058477,60290282016.48909,100000000000.0,0.02917956,-98.23851,0.00042508,2026-04-27T09:09:58.350Z,2.1799999999999988e-05,4.2588938597690795,2026-04-27 09:10:13,0,47,Neutral,37.3,14,Medium,Small,Bullish,0,0.0005135381167266047,17.248507530395965,14.749892257001413,5.70447875292385,-98.23851
tradable-latam-bnpl-sstn,pc0000027,Tradable LatAm BNPL SSTN,1.0,30950000,668,0.0,1.0,1.0,0.0,0.0,0.0,0.0,30950000.0,30950000.0,1.0,0.0,1.0,2026-04-27T09:05:09.471Z,0.0,0.0,2026-04-27 09:10:13,0,47,Neutral,37.3,14,Low,Small,Bearish,0,0.6931471805599453,17.247883589405056,0.0,0.0,0.0
yield-guild-games,ygg,Yield Guild Games,0.04158115,30897565,670,8387004.0,0.04368789,0.04132989,-0.001482462466696886,-3.44249,6.462539618108226,18.631436504014285,743049710.2740934,1000000000.0,11.17,-99.62859,0.03347217,2026-04-27T09:09:42.410Z,0.002357999999999999,5.705313999142023,2026-04-27 09:10:13,0,47,Neutral,37.3,14,High,Small,Bullish,0,0.04073989515019407,17.246187968538898,15.942194042127095,7.594473252007143,-99.62859
tornado-cash,torn,Tornado Cash,8.1,30865893,669,1908785.0,8.18,8.04,0.00607304,0.07503,-0.11072094323213769,4.01393308499169,3810550.883649667,9999997.246815,436.16,-98.14152,1.29,2026-04-27T09:09:53.898Z,0.14000000000000057,1.7412935323383159,2026-04-27 09:10:13,0,47,Neutral,37.3,14,Low,Small,Neutral,0,2.2082744135228043,17.245162378237573,14.461977995847928,2.044481542495845,-98.14152
prize-protocol,prize,Prize Protocol,0.00077925,30851945,671,310.32,0.00080266,0.00077573,-4.605256255359e-06,-0.58751,,,39591666666.66666,99999997937.94157,0.00080266,-2.96804,0.0007691,2026-04-27T09:09:52.659Z,2.6929999999999988e-05,3.4715687159191972,2026-04-27 09:10:13,0,47,Neutral,37.3,14,Medium,Small,Unknown,0,0.0007789465423547637,17.24471038574278,5.740821322091187,-0.293755,-2.96804
lagrange,la,Lagrange,0.159782,30846366,672,6327133.0,0.169154,0.159172,-0.009278037473623074,-5.48801,3.057165615044119,-9.209085209328265,193000000.0,1000000000.0,1.72,-90.72189,0.150548,2026-04-27T09:10:00.877Z,0.009981999999999991,6.271203477998637,2026-04-27 09:10:13,0,47,Neutral,37.3,14,High,Small,Bearish,0,0.1482320564225409,17.24452953800987,15.660357926978559,-7.348547604664132,-90.72189
just-a-frog,frog,just a frog,0.03058609,30585012,673,0.0,0.03058609,0.03058609,0.0,0.0,0.0,0.0,999964687.405493,999964687.405493,0.169194,-81.92246,0.03009011,2026-04-27T09:09:46.137Z,0.0,0.0,2026-04-27 09:10:13,0,47,Neutral,37.3,14,Low,Small,Bearish,0,0.030127659828858157,17.236020675703667,0.0,0.0,-81.92246
islamic-coin,islm,Islamic Coin,0.01184466,30535941,674,24051.0,0.01206907,0.01175621,-4.6259511638103e-05,-0.38903,-2.966326161130688,-7.246902194439872,2578034774.437233,20240975547.76166,0.303274,-96.09438,0.0059478,2026-04-27T09:09:43.142Z,0.0003128599999999999,2.6612318085505438,2026-04-27 09:10:13,0,47,Neutral,37.3,14,Medium,Small,Bearish,0,0.01177506105953105,17.234414974007965,10.08797343215946,-3.817966097219936,-96.09438
alphabet-class-a-ondo-tokenized-stock,googlon,Alphabet Class A (Ondo Tokenized Stock),345.42,30433316,676,1189862.0,345.93,342.99,2.25,0.65672,1.9345915708001908,26.174027554747674,88171.25935604898,88171.25935604898,349.7,-1.19438,206.54,2026-04-27T09:09:55.498Z,2.9399999999999977,0.857167847459109,2026-04-27 09:10:13,0,47,Neutral,37.3,14,Low,Small,Bullish,0,5.847651911742134,17.23104852020472,13.989348732409779,13.415373777373837,-1.19438
uchain-2,ucn,UCHAIN,304.27,30426771,677,2485317.0,309.63,303.95,-2.334269461484382,-0.76133,-8.149213628024382,-24.69282452483495,100000.0,100000.0,1806.54,-83.15819,23.78,2026-04-27T09:09:45.611Z,5.680000000000007,1.868728409277844,2026-04-27 09:10:13,0,47,Neutral,37.3,14,Low,Small,Strong Bear,0,5.721196630909988,17.23083343671954,14.725911177132526,-12.727077262417476,-83.15819
chex-token,chex,Chintai,0.02427376,30358908,675,403340.0,0.02538457,0.02152037,0.00257627,11.87358,54.6625624274146,51.58955908511674,1248921836.802132,1248921836.802132,0.804342,-96.96548,0.0005008,2026-04-27T09:09:41.437Z,0.003864199999999998,17.95601097936512,2026-04-27 09:10:13,0,47,Neutral,37.3,14,Extreme,Small,Bullish,0,0.023983834637343687,17.22860057440464,12.907537636988621,31.73156954255837,-96.96548
singularry,singularry,Singularry,0.03031463,30219804,678,23542.0,0.03067548,0.02987977,-0.000151109213572847,-0.496,-9.519110905405254,-20.44025985604488,1000000000.0,1000000000.0,0.050998,-40.75377,0.00055719,2026-04-27T09:09:56.852Z,0.0007957100000000016,2.6630392402618948,2026-04-27 09:10:13,0,47,Neutral,37.3,14,Medium,Small,Strong Bear,0,0.02986422161571615,17.224008062107703,10.06658381534495,-10.468129928022439,-40.75377
apex-4,ap3x,APEX,0.01936273,30186743,679,4581.11,0.01979481,0.01929061,-0.0001262054140884,-0.64757,-0.10504181555834709,18.79745991511156,1559532686.0,3000000000.0,0.251385,-92.2999,0.01514933,2026-04-27T09:09:44.733Z,0.0005041999999999998,2.613706876039689,2026-04-27 09:10:13,0,47,Neutral,37.3,14,Medium,Small,Bullish,0,0.019177657533451475,17.222913445585213,8.429914869709128,9.074944957555779,-92.2999
tokenised-gbp,tgbp,Tokenised GBP,1.35,30116294,680,25137.0,1.35,1.35,0.00051069,0.03789,0.6658418222248195,1.7208901233890437,22333246.07,22333246.07,1.38,-2.46573,1.3,2026-04-27T09:09:46.026Z,0.0,0.0,2026-04-27 09:10:13,0,47,Neutral,37.3,14,Low,Small,Neutral,0,0.8544153281560676,17.22057694536174,10.132135924484782,0.8793900616945218,-2.46573
lcx,lcx,LCX,0.03193165,30113492,682,183769.0,0.03483268,0.03094906,0.00077553,2.48918,-3.691948757708868,-20.37151832147228,940989527.0,933070304.0783802,0.563966,-94.34005,7.085e-05,2026-04-27T09:09:53.265Z,0.0038836199999999974,12.54842634962095,2026-04-27 09:10:13,0,47,Neutral,37.3,14,Extreme,Small,Strong Bear,0,0.03143243424587158,17.220483901700288,12.12144025468947,-8.94116916073614,-94.34005
deapcoin,dep,DEAPCOIN,0.00109239,30066541,681,138453.0,0.00111296,0.0010831,-1.958885099265e-05,-1.76161,-1.622886742655124,-4.482351167375993,27526332268.328953,29892900001.328953,0.07894,-98.61644,0.00068582,2026-04-27T09:09:55.359Z,2.9860000000000043e-05,2.7569014864740136,2026-04-27 09:10:13,0,47,Neutral,37.3,14,Medium,Small,Bearish,0,0.0010917937762103833,17.218923550014683,11.838293419478259,-3.1219805836879964,-98.61644
victoria-vr,vr,Victoria VR,0.00178711,30023364,683,1004625.0,0.00178896,0.00177197,8.5e-06,0.47765,8.852086305903072,10.094867184138078,16800000000.0,16800000000.0,0.615957,-99.70984,0.00136785,2026-04-27T09:09:42.345Z,1.698999999999993e-05,0.9588198445797576,2026-04-27 09:10:13,0,47,Neutral,37.3,14,Low,Small,Bullish,0,0.001785515018912321,17.217486469826465,13.820125890910816,5.286258592069039,-99.70984
microstrategy-xstock,mstrx,MicroStrategy xStock,172.64,29938443,684,1209752.0,177.12,171.15,0.461397,0.26798,7.968032529153134,36.25183725337089,173416.258606872,916168.89514584,462.34,-62.71204,100.65,2026-04-27T09:09:45.011Z,5.969999999999999,3.488168273444346,2026-04-27 09:10:13,0,47,Neutral,37.3,14,Medium,Small,Bullish,0,5.156984190431393,17.214653964997357,14.005926764503698,18.259908626685444,-62.71204
constellation-labs,dag,Constellation,0.00774495,29827997,685,613547.0,0.00781321,0.00773799,-6.4261527722671e-05,-0.82289,-5.893356083700413,-19.29130383660647,3851987057.421182,3851987057.421182,0.451761,-98.28679,0.00110189,2026-04-27T09:10:00.106Z,7.521999999999911e-05,0.9720870665379395,2026-04-27 09:10:13,0,47,Neutral,37.3,14,Low,Small,Strong Bear,0,0.007715111839099185,17.210958040594726,13.327013779681346,-10.057096918303236,-98.28679
sats-ordinals,sats,SATS (Ordinals),1.4189e-08,29813962,686,2692175.0,1.4921e-08,1.3973e-08,-4.47112948e-10,-3.0549,-1.4039625489823353,36.242053507086865,2100000000000000.0,2100000000000000.0,9.22983e-07,-98.46275,3.189e-09,2026-04-27T09:09:43.174Z,9.47999999999998e-10,6.784512989336563,2026-04-27 09:10:13,0,47,Neutral,37.3,14,High,Small,Bullish,0,1.4188999899336142e-08,17.21048739878404,14.805860346510094,16.59357675354343,-98.46275
cartesi,ctsi,Cartesi,0.03267593,29797295,687,7953962.0,0.03503426,0.03264936,-0.001269956980445339,-3.74112,-3.114706953930088,44.55052238028823,911571431.7900137,1000000000.0,1.74,-98.12683,0.02134334,2026-04-27T09:09:41.542Z,0.0023848999999999954,7.304584224621847,2026-04-27 09:10:13,0,47,Neutral,37.3,14,High,Small,Bullish,0,0.03215342358975583,17.209928209103634,15.889180852991405,20.404701190144113,-98.12683
pumpcade,pumpcade,PUMPCADE,0.02980641,29739612,688,1289033.0,0.03077977,0.02503991,0.00369793,14.16372,55.18028514175612,271.34524114164117,998991030.577181,998991030.577181,0.04729849,-37.02729,0.00158788,2026-04-27T09:09:46.036Z,0.005739860000000003,22.922845968695587,2026-04-27 09:10:13,0,47,Neutral,37.3,14,Extreme,Small,Bullish,0,0.02937083312014527,17.20799048613421,14.069403658609918,142.7544805708206,-37.02729
lisk,lsk,Lisk,0.127358,29723458,691,1535718.0,0.130451,0.125662,-0.002698647778043683,-2.07498,-0.9629428746770518,4.0287499718756425,233074313.953373,400000000.0,34.92,-99.63809,0.101672,2026-04-27T09:09:43.893Z,0.0047890000000000155,3.8110168547373235,2026-04-27 09:10:13,0,47,Neutral,37.3,14,Medium,Small,Neutral,0,0.11987684211296003,17.207447157313347,14.244509233245363,0.9768849859378212,-99.63809
manta-network,manta,Manta Network,0.063683,29679780,689,4028071.0,0.065611,0.063292,-0.001705228949246324,-2.60784,0.33213972239915884,3.1025391722246978,465934303.670733,1000000000.0,4.05,-98.4319,0.057861,2026-04-27T09:09:43.523Z,0.0023190000000000016,3.6639701700056904,2026-04-27 09:10:13,0,47,Neutral,37.3,14,Medium,Small,Neutral,0,0.06173741419797154,17.205976597530032,15.208798407536705,0.24734958611234892,-98.4319
ozapay,oza,Ozapay,0.03905073,29657790,690,3769.63,0.0421566,0.0386802,-0.000680463042605106,-1.71267,0.9100477430152685,6.761472686700983,759590013.81,996888289.11,0.04832055,-19.21837,0.0153966,2026-04-27T09:09:48.810Z,0.0034764000000000045,8.987544014767257,2026-04-27 09:10:13,0,47,Neutral,37.3,14,High,Small,Neutral,0,0.03830753671918278,17.205235414489827,8.23499737523426,2.5244013433504913,-19.21837
monerium-eur-money,eure,Monerium EUR emoney [OLD],1.17,29435687,692,590763.0,1.17,1.17,0.00111511,0.09518,-0.31646580383204814,1.7786437426796518,25100366.19569466,25100366.19569466,1.21,-3.14776,0.951958,2026-04-27T09:09:42.449Z,0.0,0.0,2026-04-27 09:10:13,0,47,Neutral,37.3,14,Low,Small,Neutral,0,0.7747271675523681,17.19771837370625,13.289171893456453,0.9369118713398259,-3.14776
onfa,oft,ONFA,0.274287,29427580,693,55445.0,0.297928,0.263539,-0.016845745946703516,-5.78628,-5.580049371796682,-7.058107227270392,107287555.7451893,275545245.7451893,2.48,-88.95204,0.069944,2026-04-27T09:09:43.685Z,0.034389,13.048922550362565,2026-04-27 09:10:13,0,47,Neutral,37.3,14,Extreme,Small,Bearish,0,0.24238680650470557,17.197442921792383,10.923164853116095,-6.422193613635196,-88.95204
tcy,tcy,THORChain Yield,0.140236,29407417,694,669.91,0.145446,0.136782,0.00209189,1.51428,28.691909842539236,6.476092745932828,210000000.0,210000000.0,0.342106,-59.06671,0.061442,2026-04-27T09:09:44.866Z,0.008664000000000005,6.334166776330223,2026-04-27 09:10:13,0,47,Neutral,37.3,14,High,Small,Neutral,0,0.13123525852508888,17.196757513408528,6.50863499980878,3.995186372966414,-59.06671
stronghold-token,shx,Stronghold,0.005072,29385849,695,547392.0,0.00515181,0.00505434,-4.4496806246837e-05,-0.86967,-5.8443290692014385,14.85914662244362,5793905044.0,99756866344.0,0.055673,-90.9002,1.30103e-07,2026-04-27T09:09:48.123Z,9.746999999999967e-05,1.9284416956516515,2026-04-27 09:10:13,0,47,Neutral,37.3,14,Low,Small,Bullish,0,0.0050591807359332995,17.196023823933483,13.212922287783167,6.99473831122181,-90.9002
ishares-silver-trust-ondo-tokenized-stock,slvon,iShares Silver Trust (Ondo Tokenized Stock),68.47,29289530,696,2346379.0,69.16,67.97,-0.05010432347918936,-0.07312,-4.633692291238713,8.462411405426101,427749.0847747706,427749.0847747706,109.63,-37.50631,36.16,2026-04-27T09:09:55.335Z,1.1899999999999977,1.7507723995880502,2026-04-27 09:10:13,0,47,Neutral,37.3,14,Low,Small,Neutral,0,4.2408950047047895,17.192740706384832,14.668384272913176,4.194645702713051,-37.50631
dkargo,dka,dKargo,0.00585475,29256265,697,1815271.0,0.00602072,0.0057931,1.649e-05,0.28245,-4.999666282087104,14.311819049840846,5000000000.0,5000000000.0,0.703797,-99.17638,0.00423803,2026-04-27T09:09:46.005Z,0.00022762000000000043,3.929157100688758,2026-04-27 09:10:13,0,47,Neutral,37.3,14,Medium,Small,Bullish,0,0.005837677555404831,17.191604330922058,14.411745876711814,7.297134524920423,-99.17638
nkyc-token,nkyc,NKYC Token,7.31,29234595,698,178503.0,7.46,7.31,-0.0780291501085113,-1.05635,-4.482494856602678,-2.5130058437374654,4000000.0,4000000.0,35.51,-79.42279,4.28,2026-04-27T09:09:42.820Z,0.15000000000000036,2.0519835841313316,2026-04-27 09:10:13,0,47,Neutral,37.3,14,Medium,Small,Bearish,0,2.1174596088673567,17.190863360443917,12.09236628891434,-1.7846779218687328,-79.42279
lista,lista,Lista DAO,0.084024,29195780,699,3980245.0,0.088238,0.083553,-0.002246837598591858,-2.6044,-5.104417609697782,-0.053013269065327925,346806122.2567744,795588564.255041,0.842842,-90.01524,0.07211,2026-04-27T09:09:44.656Z,0.004684999999999995,5.607219369741355,2026-04-27 09:10:13,0,47,Neutral,37.3,14,High,Small,Bearish,0,0.0806800429937656,17.18953477049799,15.196854184395747,-1.328706634532664,-90.01524
amiko,amiko,Amiko,0.03642831,29056697,702,395551.0,0.03894744,0.03628431,-0.001058333159061675,-2.82323,0.1937216507988097,-22.17011047668852,795544756.672838,999999150.006168,0.076694,-52.41745,0.00095301,2026-04-27T09:09:44.916Z,0.0026631299999999997,7.3396186946920015,2026-04-27 09:10:13,0,47,Neutral,37.3,14,High,Small,Strong Bear,0,0.03578048504097145,17.184759582671713,12.88803753668755,-12.49667023834426,-52.41745
pippin,pippin,pippin,0.02904243,29039609,701,12156503.0,0.03114214,0.02742728,0.00154972,5.63684,22.95508548057226,-46.09613296963745,999936085.263279,999936085.263279,0.897199,-96.76388,0.0055459,2026-04-27T09:10:00.110Z,0.0037148600000000004,13.544398132078722,2026-04-27 09:10:13,0,47,Neutral,37.3,14,Extreme,Small,Strong Bear,0,0.028628690209774876,17.184171318078622,16.313374893166248,-20.229646484818726,-96.76388
stratis,strax,Xertra,0.01339734,28890399,703,677393.0,0.01360358,0.01310054,-9.758139698085e-05,-0.7231,1.4092355598025856,2.2823032510798895,2158799774.702052,2158799774.702052,22.77,-99.9415,0.0114071,2026-04-27T09:09:44.505Z,0.0005030399999999997,3.839841716448327,2026-04-27 09:10:13,0,47,Neutral,37.3,14,Medium,Small,Neutral,0,0.01330838922891348,17.179019917967892,13.426008361930656,0.7796016255399447,-99.9415
milk-alliance,mlk,MiL.k,0.05268,28816389,706,3230295.0,0.055654,0.051931,0.00065058,1.25039,2.003357337271067,4.616210675990883,546135159.0,986245419.0,3.59,-98.53409,0.04897849,2026-04-27T09:09:41.632Z,0.003723000000000004,7.169128266353439,2026-04-27 09:10:13,0,47,Neutral,37.3,14,High,Small,Neutral,0,0.05133929332958297,17.176454880453985,14.988084331866945,2.9333003379954414,-98.53409
audius,audio,Audius,0.02031903,28762225,705,4850149.0,0.02092972,0.02018738,-0.000610696942945146,-2.91785,-10.517217758851885,15.73967338898655,1415879549.0,1415879549.158947,4.95,-99.59085,0.01633786,2026-04-27T09:09:49.724Z,0.0007423399999999976,3.677247864755097,2026-04-27 09:10:13,0,47,Neutral,37.3,14,Medium,Small,Bullish,0,0.020115352902233607,17.174573486987466,15.394520190270462,6.410911694493275,-99.59085
liquity-usd,lusd,Liquity USD,1.002,28757250,704,170556.0,1.004,1.001,0.00012704,0.01268,-0.08186357678309318,-2.479726030742021,28705635.94888023,28705635.94888023,1.16,-13.50589,0.896722,2026-04-27T09:09:41.841Z,0.0030000000000001137,0.2997002997003111,2026-04-27 09:10:13,0,47,Neutral,37.3,14,Low,Small,Bearish,1,0.6941466808930289,17.17440050210402,12.046824830686727,-1.2335230153710104,-13.50589
zelcash,flux,Flux,0.070151,28603234,707,2635598.0,0.073089,0.069023,-0.002864427977763429,-3.92306,14.202663973374117,47.49933627427841,407803338.4991484,407993010.4991484,3.33,-97.89975,0.01640374,2026-04-27T09:09:44.385Z,0.004066,5.890790026512901,2026-04-27 09:10:13,0,47,Neutral,37.3,14,High,Small,Bullish,0,0.06779976001244041,17.169030381281527,14.784621038601484,21.788138137139207,-97.89975
bedrock-token,br,Bedrock,0.113266,28569140,700,1567668.0,0.117456,0.105482,0.00027304,0.24164,16.008703799907703,-5.69327580442253,251250000.0,1000000000.0,0.257114,-54.96196,0.03920767,2026-04-27T09:09:51.349Z,0.011973999999999999,11.351699816082363,2026-04-27 09:10:13,0,47,Neutral,37.3,14,Extreme,Small,Bearish,0,0.1072980374496522,17.167837707251625,14.265100360669619,-2.725817902211265,-54.96196
babyboomtoken,bbt,BabyBoomToken,0.167198,28541642,708,167135.0,0.179302,0.164485,-0.009441344401735996,-5.34499,-16.890542866984966,-41.970207369119045,170880974.0,1000000000.0,0.939659,-82.21387,0.04564213,2026-04-27T09:09:44.064Z,0.014816999999999997,9.008116241602576,2026-04-27 09:10:13,0,47,Neutral,37.3,14,High,Small,Strong Bear,0,0.1546060047225719,17.16687473668113,12.026563131236026,-23.657598684559524,-82.21387
sp500-xstock,spyx,SP500 xStock,715.72,28499643,709,977151.0,719.19,714.01,1.69,0.23722,1.1091573261613896,12.532700646131294,39823.69914101798,200587.5012752038,719.19,-0.47228,614.77,2026-04-27T09:09:52.168Z,5.180000000000064,0.7254800352936323,2026-04-27 09:10:13,0,47,Neutral,37.3,14,Low,Small,Bullish,0,6.574685248289323,17.165402153932792,13.792397497224792,6.3849603230656475,-0.47228
infinifi-locked-iusd-1week,liusd,infiniFi Locked iUSD (1week),1.16,28431699,710,1378.74,,,,,0.0,0.17630413166871342,24416356.238538843,24416356.238538843,1.22,-4.2266,1.067,2026-04-19T03:44:48.568Z,,,2026-04-27 09:10:13,0,47,Neutral,37.3,14,Unknown,Small,Neutral,0,0.7701082216960736,17.163015277829626,7.229650354603547,0.08815206583435671,-4.2266
pha,pha,PHALA,0.03400805,28398760,712,7687796.0,0.03503672,0.03335097,-0.000469597625848327,-1.36203,14.847126237866998,-0.927857959567212,835818616.0278056,1000000000.0,1.39,-97.57091,0.02120268,2026-04-27T09:09:51.115Z,0.0016857499999999997,5.054575624037321,2026-04-27 09:10:13,0,47,Neutral,37.3,14,High,Small,Bearish,0,0.03344256135573868,17.161856075419195,15.855144824496973,-1.144943979783606,-97.57091
uquid-coin,uqc,Uquid Coin,2.83,28306925,711,8584.49,2.84,2.83,-0.00282624337649251,-0.09974,0.09768543064503042,1.6042617450711913,10000000.0,40000000.0,41.38,-93.15917,0.02606502,2026-04-27T09:09:41.716Z,0.009999999999999787,0.3533568904593564,2026-04-27 09:10:13,0,47,Neutral,37.3,14,Low,Small,Neutral,0,1.3428648031925547,17.15861706765308,9.057828847998652,0.7522608725355957,-93.15917
certik,ctk,Shentu,0.178894,28212640,713,702883.0,0.186767,0.177684,-0.007872400558218084,-4.2151,1.5997576977236156,13.446668971087275,157764712.0,158498783.0,3.94,-95.46134,0.152302,2026-04-27T09:09:41.715Z,0.00908299999999998,5.111884018819916,2026-04-27 09:10:13,0,47,Neutral,37.3,14,High,Small,Bullish,0,0.1645767108127905,17.15528069788011,13.462947150065254,4.615784485543638,-95.46134
a-hunters-dream,caw,A Hunters Dream,4.4189e-08,28116767,715,490271.0,4.4859e-08,4.0625e-08,3.284e-09,8.02861,33.93051285587134,54.18030963585604,636666666666666.0,666666666666666.0,1.6415e-07,-73.09674,1.876e-08,2026-04-27T09:09:57.690Z,4.233999999999997e-09,10.422153846153838,2026-04-27 09:10:13,0,47,Neutral,37.3,14,Extreme,Small,Bullish,0,4.418899902366617e-08,17.151876682312473,13.10271561811548,31.10445981792802,-73.09674
everipedia,iq,IQ,0.00109299,28026426,714,1179513.0,0.00112571,0.00108836,-2.3113609735271e-05,-2.07093,0.27378725654515423,5.005707407757235,25604026163.92899,25604026163.92899,0.072382,-98.4868,0.00063047,2026-04-27T09:09:44.195Z,3.7350000000000013e-05,3.431768899996326,2026-04-27 09:10:13,0,47,Neutral,37.3,14,Medium,Small,Neutral,0,0.0010923931213119842,17.148658444448657,13.980613047195627,1.4673887038786175,-98.4868
sophon,soph,Sophon,0.00885698,27897293,716,3499505.0,0.00933869,0.00881604,-0.00039503508511313,-4.26972,3.90733010457185,9.667900997116726,3146327684.0,10000000000.0,0.110782,-91.99825,0.00796068,2026-04-27T09:09:55.299Z,0.0005226499999999995,5.928398691475985,2026-04-27 09:10:13,0,47,Neutral,37.3,14,High,Small,Neutral,0,0.008817987023510642,17.144040252840522,15.068132373640909,2.699090498558363,-91.99825
cetus-protocol,cetus,Cetus Protocol,0.02968285,27715041,717,7538456.0,0.03179297,0.02782229,0.00147743,5.23809,36.86282554374659,11.79719191635022,935144927.0,1000000000.0,0.487663,-93.9547,0.0142984,2026-04-27T09:09:43.165Z,0.003970679999999997,14.27157865150567,2026-04-27 09:10:13,0,47,Neutral,37.3,14,Extreme,Small,Bullish,0,0.02925084220536065,17.137485856259755,15.835528077132311,8.517640958175111,-93.9547
somnia,somi,Somnia,0.172075,27563410,719,16839957.0,0.192062,0.1714,-0.018124552344995576,-9.52924,3.4872819679206266,12.624556419466323,160200000.0,1000000000.0,1.84,-90.6957,0.14818,2026-04-27T09:09:45.686Z,0.020662000000000014,12.054842473745632,2026-04-27 09:10:13,0,47,Neutral,37.3,14,Extreme,Small,Bullish,0,0.1587756822814065,17.131999762779323,16.639265072713588,1.5476582097331617,-90.6957
autonomi,ant,Autonomi,0.084023,27534996,718,365210.0,0.084945,0.083807,-0.000672835959264442,-0.79442,-11.790097583993193,5.851460297635957,327752977.47753036,1200000000.0,0.330726,-74.60022,0.00289017,2026-04-27T09:09:44.575Z,0.0011380000000000001,1.3578817998496546,2026-04-27 09:10:13,0,47,Neutral,37.3,14,Low,Small,Neutral,0,0.08067912050453913,17.13096837172647,12.808230547731265,2.5285201488179787,-74.60022
aixbt,aixbt,aixbt,0.0275254,27386127,721,8962610.0,0.02945992,0.02730118,-0.000665769452425594,-2.36162,5.785590280032149,16.079374041123803,994658423.1010208,1000000000.0,0.942578,-97.08807,0.01797721,2026-04-27T09:09:59.701Z,0.0021587399999999993,7.907130754055316,2026-04-27 09:10:13,0,47,Neutral,37.3,14,High,Small,Bullish,0,0.027153387277360844,17.125547165784376,16.00857214875056,6.858877020561901,-97.08807
metronome-synth-usd,msusd,Metronome Synth USD,0.996346,27372761,720,2587397.0,0.997362,0.995585,0.00029855,0.02997,0.009970954060862706,-0.036117357573524925,27472456.95426391,27472456.95426391,3.43,-70.97638,0.427862,2026-04-27T09:09:45.420Z,0.0017769999999999175,0.17848802462872757,2026-04-27 09:10:13,0,47,Neutral,37.3,14,Low,Small,Bearish,0,0.691318509559857,17.12505898933429,14.766163295488907,-0.0030736787867624623,-70.97638
metal,mtl,Metal DAO,0.299034,27058940,722,1461079.0,0.305988,0.296498,-0.002952883540580709,-0.97782,2.1098740599792323,11.679729976305788,90635915.0,90635915.0,17.03,-98.24985,0.117252,2026-04-27T09:09:46.385Z,0.009489999999999998,3.2006961261121485,2026-04-27 09:10:13,0,47,Neutral,37.3,14,Medium,Small,Bullish,0,0.2616209113259145,17.113528044686124,14.194686446249468,5.350954988152894,-98.24985
collector-crypt,cards,Collector Crypt,0.104176,27041233,737,4432887.0,0.110764,0.068593,0.0352639,51.17243,103.70009187188829,184.4067930440319,257552230.609334,1999706189.383401,0.381443,-73.10095,0.02121763,2026-04-27T09:09:45.765Z,0.042171,61.48003440584316,2026-04-27 09:10:13,0,47,Neutral,37.3,14,Extreme,Small,Bullish,0,0.09909935543869462,17.112873444192417,15.3045618483505,117.78961152201595,-73.10095
mango-network,mgo,Mango Network,0.01707032,27036542,723,351202.0,0.01719854,0.01681075,8.746e-05,0.515,-0.6621135096642152,-15.474846748506653,1590000000.0,10000000000.0,0.03417281,-50.1833,0.01052776,2026-04-27T09:09:53.460Z,0.00038778999999999897,2.306797733593082,2026-04-27 09:10:13,0,47,Neutral,37.3,14,Medium,Small,Strong Bear,0,0.01692625921882205,17.112699953332697,12.769119682847846,-7.479923374253326,-50.1833
tac,tac,TAC,0.0091382,26952251,724,1484453.0,0.00914565,0.008451,0.00065208,7.68405,66.99056363261143,136.98379357688484,2954452782.0,10030078763.0,0.02485071,-63.42392,0.00134381,2026-04-27T09:09:45.426Z,0.0006946499999999998,8.219737309194175,2026-04-27 09:10:13,0,47,Neutral,37.3,14,High,Small,Bullish,0,0.009096699286659304,17.109577413980293,14.210557585841585,72.33392178844242,-63.42392
momentum-3,mmt,Momentum,0.132188,26946571,725,5790799.0,0.140426,0.131018,-0.00823731043731446,-5.86596,3.5030069621524365,23.615649413804867,204095424.0,1000000000.0,4.03,-96.73269,0.103482,2026-04-27T09:09:48.497Z,0.009408,7.18069272924331,2026-04-27 09:10:13,0,47,Neutral,37.3,14,High,Small,Bullish,0,0.1241520437301262,17.10936664871309,15.571781009262025,8.874844706902433,-96.73269
g-token,g,Gravity (by Galxe),0.0037088,26815140,727,2719591.0,0.00381156,0.00369846,-6.40018595497e-05,-1.6964,0.7669792176949751,5.8475411337594005,7232700000.0,12000000000.0,0.091691,-95.95678,0.0031709,2026-04-27T09:09:43.954Z,0.00011309999999999966,3.058029558248559,2026-04-27 09:10:13,0,47,Neutral,37.3,14,Medium,Small,Neutral,0,0.003701939359210637,17.104477248636318,14.815992427021055,2.0755705668797004,-95.95678
xphere,xp,Xphere,0.00999224,26779198,729,1023837.0,0.01074463,0.00982653,-0.000379213000723006,-3.65632,-20.381246935554067,71.06920982782005,2679997310.740453,2679997310.740453,0.069028,-85.52126,0.00298093,2026-04-27T09:09:44.722Z,0.0009180999999999998,9.343074310056549,2026-04-27 09:10:13,0,47,Neutral,37.3,14,High,Small,Bullish,0,0.009942647655335562,17.103135987399096,13.839068868941157,33.706444913910026,-85.52126
delysium,agi,Delysium,0.01068672,26743780,728,840155.0,0.01091041,0.01063704,-0.000184038827062976,-1.69297,-0.7648589670150093,-5.043993266744816,2512097715.213609,3000000000.0,0.672035,-98.41291,0.01011815,2026-04-27T09:09:42.769Z,0.0002733700000000002,2.569981874656861,2026-04-27 09:10:13,0,47,Neutral,37.3,14,Medium,Small,Bearish,0,0.010630020603826186,17.101812518295926,13.641342867862447,-3.368481633372408,-98.41291
katana-network-token,kat,Katana,0.01147308,26732397,726,64058895.0,0.01314097,0.01132676,-0.001300684896614789,-10.18247,22.615647373487235,-0.8230491130876847,2342000000.0,10000000000.0,0.02885398,-60.37639,0.00776111,2026-04-27T09:09:51.297Z,0.0018142100000000001,16.017025168715506,2026-04-27 09:10:13,0,47,Neutral,37.3,14,Extreme,Small,Bearish,0,0.011407763331812404,17.101386796025384,17.97531346815351,-5.502759556543842,-60.37639
neet,neet,"Not in Employment, Education, or Training",0.02673583,26725779,732,2635097.0,0.02909749,0.02477265,0.00046336,1.76369,-6.681012952350546,67.04884910568236,999772682.671695,999772682.671695,0.04583681,-41.9231,0.00229961,2026-04-27T09:09:44.892Z,0.00432484,17.458124181304786,2026-04-27 09:10:13,0,47,Neutral,37.3,14,Extreme,Small,Bullish,0,0.026384672931443726,17.10113920060476,14.784430930916862,34.40626955284118,-41.9231
ocean-protocol,ocean,Ocean Protocol,0.133204,26640627,730,30556.0,0.136034,0.132809,0.0001856,0.13953,-7.125872091289064,10.542779135989031,200081034.9720072,267776448.70326984,1.93,-93.08669,0.01284832,2026-04-27T09:09:43.646Z,0.003224999999999978,2.428299286945898,2026-04-27 09:10:13,0,47,Neutral,37.3,14,Medium,Small,Bullish,0,0.12504901879503305,17.097947976932183,10.327349070922441,5.341154567994516,-93.08669
gamebuild,game,GameBuild,0.00139368,26590191,738,458844.0,0.00139971,0.00135582,1.989e-05,1.44775,2.0006042566422657,4.634869663865175,18990537622.0,21419639000.0,0.00919175,-84.90281,0.00126812,2026-04-27T09:09:43.782Z,4.388999999999999e-05,3.237155374607248,2026-04-27 09:10:13,0,47,Neutral,37.3,14,Medium,Small,Neutral,0,0.0013927097294219773,17.096052983952816,13.036467741380553,3.0413098319325877,-84.90281
strategic-oil-supply-2,sos,Strategic Oil Supply,0.00026595,26579969,731,18413.94,0.00029905,0.00025913,-2.0559515225553e-05,-7.17586,-6.935597726481657,-56.68608551982409,100000000000.0,100000000000.0,0.00976314,-97.27363,0.00024021,2026-04-27T09:09:41.349Z,3.9919999999999984e-05,15.405394975494918,2026-04-27 09:10:13,0,47,Neutral,37.3,14,Extreme,Small,Strong Bear,0,0.00026591464156766115,17.095668482580564,9.820917570660445,-31.930972759912045,-97.27363
zentry,zent,Zentry,0.00340222,26496270,736,1397241.0,0.00345693,0.0033661,-3.1511469451582e-05,-0.9177,-1.4025659060185218,4.134131978838987,7787945384.942714,9706992814.355925,0.04531743,-92.50727,0.00305769,2026-04-27T09:09:44.794Z,9.083000000000008e-05,2.698374974005528,2026-04-27 09:10:13,0,47,Neutral,37.3,14,Medium,Small,Neutral,0,0.003396445543144263,17.092514564073756,14.150010851583257,1.6082159894194934,-92.50727
goldfish-gold,ggbr,Goldfish Gold,4.7,26492840,733,166266.0,4.72,4.68,-0.011195330081791077,-0.23763,-1.7063388749135167,4.470918965450599,5636945.765459477,25000000.0,5.39,-12.82234,4.18,2026-04-27T09:09:55.097Z,0.040000000000000036,0.8547008547008554,2026-04-27 09:10:13,0,47,Neutral,37.3,14,Low,Small,Neutral,0,1.7404661748405046,17.092385103515713,12.021350208929446,2.1166444827252993,-12.82234
the-grays-currency,ptgc,The Grays Currency,9.152e-05,26474816,739,22805.0,9.704e-05,9.039e-05,-3.687512531618e-06,-3.87322,-11.792073324151273,-25.878686497733337,289286581639.0918,289286581639.0918,0.00132623,-93.10506,2.17e-06,2026-04-27T09:09:43.263Z,6.6500000000000126e-06,7.357008518641457,2026-04-27 09:10:13,0,47,Neutral,37.3,14,High,Small,Strong Bear,0,9.151581230030357e-05,17.091704537246553,10.034778938217304,-14.875953248866669,-93.10506
aergo,aergo,Aergo,0.055999,26452967,735,1202634.0,0.056811,0.055014,-0.000811896554846384,-1.42913,2.5396166852587445,5.918226118888342,472499995.7689212,500000000.0,0.658178,-91.51533,0.01354723,2026-04-27T09:10:00.361Z,0.001797,3.2664412694950378,2026-04-27 09:10:13,0,47,Neutral,37.3,14,Medium,Small,Neutral,0,0.05448723831392438,17.090878921693545,14.00002554077295,2.244548059444171,-91.51533
anime,anime,Animecoin,0.00477719,26443934,734,8999804.0,0.00500053,0.00474302,-0.000200820450227145,-4.03415,4.114884229547931,2.648246183222396,5538604656.0,10000000000.0,0.186122,-97.44324,0.0043827,2026-04-27T09:09:44.663Z,0.0002575100000000007,5.42924128508842,2026-04-27 09:10:13,0,47,Neutral,37.3,14,High,Small,Neutral,0,0.004765815439092935,17.09053738940808,16.012713468399102,-0.6929519083888023,-97.44324
predictions,prdt,Predictions,1.094,26246959,740,28690.0,1.094,1.088,-0.000165431649326697,-0.01512,-0.04167485558176915,0.8154495189683136,24000000.0,60000000.0,1.26,-13.09615,0.997561,2026-04-27T09:09:45.920Z,0.006000000000000005,0.5514705882352946,2026-04-27 09:10:13,0,47,Neutral,37.3,14,Low,Small,Neutral,0,0.7390761124483451,17.083060730771656,10.264338763718273,0.4001647594841568,-13.09615
nest-basis-vault,nbasis,Nest Basis Vault,1.058,26234353,741,14.32,1.058,1.058,0.0,0.0,0.1271238582043726,0.29420967298448625,24801026.797353,24801026.797353,1.058,0.0,1.0,2026-04-27T09:09:59.167Z,0.0,0.0,2026-04-27 09:10:13,0,47,Neutral,37.3,14,Low,Small,Neutral,0,0.7217346374118578,17.08258033120535,2.729159164312445,0.14710483649224312,0.0
energy-web-token,ewt,Energy Web Token,0.432955,26212209,742,260834.0,0.43973,0.431842,-0.00647931624586251,-1.47447,-3.2017120557438243,5.098031974443881,60544174.08365829,80477640.14509179,22.67,-98.09057,0.406711,2026-04-27T09:09:41.528Z,0.007888000000000006,1.8265939857633129,2026-04-27 09:10:13,0,47,Neutral,37.3,14,Low,Small,Neutral,0,0.3597387457011817,17.081735890707172,12.47164330248428,1.8117809872219404,-98.09057
saakuru-labs,skr,Saakuru,6.329e-05,26121178,744,1.64,,,,,0.0,-7.784429538394496,702342123.678902,998676898.754,0.076016,-99.91674,2.567e-05,2026-04-13T03:05:07.087Z,,,2026-04-27 09:10:13,0,47,Neutral,37.3,14,Unknown,Small,Bearish,0,6.328799727245131e-05,17.078256999179246,0.9707789171582248,-3.892214769197248,-99.91674
tx,tx,tx,0.00832769,26104747,743,90903.0,0.00863978,0.00833614,-0.000248281546440965,-2.89508,-8.836293375811552,-21.814105774478772,3134688076.033584,101926986534.0,0.03777559,-77.93346,0.00833997,2026-04-27T09:09:41.291Z,0.0003036399999999991,3.642453221754902,2026-04-27 09:10:13,0,47,Neutral,37.3,14,Medium,Small,Strong Bear,0,0.008293206104818667,17.077627771457077,11.417559283597845,-12.354592887239386,-77.93346
bucket-protocol-buck-stablecoin,buck,Bucket Protocol BUCK Stablecoin,0.998882,26098656,745,3022096.0,1.002,0.995013,0.00098138,0.09834,-0.03746937597240366,-0.12231844067779105,26126014.57674942,26126014.57674942,1.23,-18.55059,0.000978,2026-04-27T09:09:43.291Z,0.0069869999999999655,0.7022018807794436,2026-04-27 09:10:13,0,47,Neutral,37.3,14,Low,Small,Bearish,0,0.6925880242611953,17.077394415030323,14.921461519248073,-0.011989220338895525,-18.55059
templar,sn3,τemplar,5.93,26026162,747,110871.0,6.12,5.87,0.04684594,0.7957,1.2446686783971863,-76.193060140199,4374837.376633864,4374837.376633864,44.47,-86.66586,4.83,2026-04-27T09:09:55.555Z,0.25,4.258943781942079,2026-04-27 09:10:13,0,47,Neutral,37.3,14,Medium,Small,Strong Bear,0,1.9358598132018119,17.074612859267027,11.61613166174864,-37.6986800700995,-86.66586
nyc-token,nyc,NYC,0.086297,25889008,748,81120.0,0.086517,0.086196,8.628e-05,0.10008,-0.012800288548084281,0.06843420580361166,299999897.8465394,999999897.8465394,0.142001,-39.15695,0.085701,2026-04-27T09:09:46.145Z,0.00032100000000000184,0.3724070722539351,2026-04-27 09:10:13,0,47,Neutral,37.3,14,Low,Small,Neutral,0,0.08277466478570723,17.069329073667973,11.303697146165202,0.08425710290180582,-39.15695
wojak-5,wojak,wojak,8.4611e-08,25839249,746,6837374.0,9.2878e-08,6.9157e-08,1.5454e-08,22.34637,24.036879134589597,448.02609819885816,305927040116370.94,305927040116370.94,1.29758e-07,-34.50992,1.3227e-08,2026-04-27T09:09:41.881Z,2.3721000000000004e-08,34.30021545179809,2026-04-27 09:10:13,0,47,Neutral,37.3,14,Extreme,Small,Bullish,0,8.461099642048955e-08,17.067405211689646,15.737914444009615,235.18623409942907,-34.50992
doodles,dood,Doodles,0.00332276,25832202,755,11314234.0,0.00343533,0.00321288,5.607e-05,1.71633,9.087941072636168,15.674062523989452,7800000000.0,10000000000.0,0.01753469,-81.26554,0.00204546,2026-04-27T09:09:44.804Z,0.0002224499999999999,6.923694629117798,2026-04-27 09:10:13,0,47,Neutral,37.3,14,High,Small,Bullish,0,0.00331725183116732,17.067132449859486,16.241572225396062,8.695196261994726,-81.26554
xtcom-token,xt,XT.com,4.25,25703017,752,6753613.0,4.36,4.24,-0.027327556751520987,-0.63867,1.3485825443652737,11.570786467320977,6045803.0,1000000000.0,20.21,-78.97597,0.00900591,2026-04-27T09:09:46.422Z,0.1200000000000001,2.8301886792452855,2026-04-27 09:10:13,0,47,Neutral,37.3,14,Medium,Small,Bullish,0,1.6582280766035324,17.062118974877475,15.725588326976714,5.466058233660489,-78.97597
metis-token,metis,Metis,3.5,25660836,751,4312166.0,3.67,3.48,-0.07426261200569595,-2.07858,0.46502764457321405,23.957575801501378,7332434.342,10000000.0,323.54,-98.92163,2.73,2026-04-27T09:10:04.648Z,0.18999999999999995,5.459770114942527,2026-04-27 09:10:13,0,47,Neutral,37.3,14,High,Small,Bullish,0,1.5040773967762742,17.060476535481822,15.276951119949032,10.93949790075069,-98.92163
opinion,opn,Opinion,0.180434,25647860,752,12289416.0,0.202828,0.180164,-0.01942963635450115,-9.72142,8.384995300293879,-10.150406121042783,142034080.26,1000000000.0,0.464578,-61.01231,0.149324,2026-04-27T09:10:03.807Z,0.022664000000000017,12.579649652538807,2026-04-27 09:10:13,0,47,Neutral,37.3,14,Extreme,Small,Bearish,0,0.16588216746714957,17.059970734290896,16.32424904347645,-9.935913060521392,-61.01231
smooth-love-potion,slp,Smooth Love Potion,0.00070489,25633523,753,3531994.0,0.00073097,0.00069645,-1.4148381344778e-05,-1.96768,11.38857009684667,21.082454727532653,36355610714.0,36355610714.0,0.399727,-99.82368,0.00050272,2026-04-27T09:10:04.180Z,3.451999999999991e-05,4.956565439012119,2026-04-27 09:10:13,0,47,Neutral,37.3,14,Medium,Small,Bullish,0,0.0007046416817284756,17.059411584011567,15.077373425076447,9.557387363766326,-99.82368
ergo,erg,Ergo,0.308297,25623968,754,7133.82,0.314799,0.308286,-0.005389706605833045,-1.71818,-3.786891897222841,8.977852782916399,83117535.0,97739924.0,18.72,-98.34608,0.094191,2026-04-27T09:10:05.008Z,0.006512999999999991,2.112648644440549,2026-04-27 09:10:13,0,47,Neutral,37.3,14,Medium,Small,Neutral,0,0.26872629148001204,17.05903876046709,8.872742301842186,3.6298363914581993,-98.34608
moonriver,movr,Moonriver,2.24,25577016,755,9250543.0,2.35,2.21,-0.09449415043949161,-4.04656,19.40547277382606,117.9662294984684,11412879.0,12461969.0,494.26,-99.54427,0.989365,2026-04-27T09:10:04.699Z,0.14000000000000012,6.334841628959281,2026-04-27 09:10:13,0,47,Neutral,37.3,14,High,Small,Bullish,0,1.1755733298042381,17.057204732772355,16.04019291857013,56.9598347492342,-99.54427
big-time,bigtime,Big Time,0.01340176,25561803,756,5636723.0,0.01403726,0.01331592,-0.000635502939795671,-4.52726,3.7258672752342576,11.24444923376567,1908245059.7925065,5000000000.0,0.977359,-98.63209,0.01163065,2026-04-27T09:10:05.929Z,0.0007213399999999991,5.417124764943009,2026-04-27 09:10:13,0,47,Neutral,37.3,14,High,Small,Bullish,0,0.01331275078601108,17.05660976401276,15.54481360365108,3.3585946168828347,-98.63209
cobak-token,cbk,Cobak,0.257998,25515988,757,7314295.0,0.268191,0.24921,0.00568592,2.25353,4.32743469247706,6.825392325431216,99187817.0,100000000.0,15.74,-98.36937,0.229129,2026-04-27T09:10:04.601Z,0.018981000000000026,7.616468039003261,2026-04-27 09:10:13,0,47,Neutral,37.3,14,High,Small,Neutral,0,0.22952156845186578,17.054815833241836,15.805341347203434,4.539461162715608,-98.36937
civic,cvc,Civic,0.03173075,25443036,758,6202396.0,0.03317908,0.03130022,-0.000655632219396497,-2.02441,3.939775446555508,4.125095173074525,802000010.0,1000000000.0,1.35,-97.65647,0.01102541,2026-04-27T09:10:09.585Z,0.001878860000000003,6.002705412294237,2026-04-27 09:10:13,0,47,Neutral,37.3,14,High,Small,Neutral,0,0.031237731855950968,17.051952668241917,15.640446388203035,1.0503425865372626,-97.65647
gxchain,gxc,GXChain,0.339021,25440886,759,100.91,0.348284,0.337677,-0.00817065319996002,-2.35335,0.2833314597601338,2.5645017807438166,75000000.0,100000000.0,10.61,-96.80409,0.189778,2026-04-27T09:10:03.946Z,0.010606999999999978,3.14116744699816,2026-04-27 09:10:13,0,47,Neutral,37.3,14,Medium,Small,Neutral,0,0.2919387499318335,17.05186816218058,4.6240900708406025,0.1055758903719084,-96.80409
orizon,ori,Orizon,55.58,25409637,760,391460.0,55.87,54.36,0.92783,1.69756,-2.577338903475269,-0.23983226017591344,456529.206183405,456529.206183405,60.55,-8.1611,52.78,2026-04-27T09:10:08.069Z,1.509999999999998,2.777777777777774,2026-04-27 09:10:13,0,47,Neutral,37.3,14,Medium,Small,Bearish,0,4.035655565873421,17.050639108835167,12.877641172592668,0.7288638699120432,-8.1611
nosana,nos,Nosana,0.253315,25331470,761,401556.0,0.266351,0.243778,0.00953725,3.91227,10.700712825373655,-9.427255759847828,99999727.344851,99999727.344851,7.83,-96.76632,0.01046656,2026-04-27T09:10:06.675Z,0.02257300000000001,9.259654275611421,2026-04-27 09:10:13,0,47,Neutral,37.3,14,High,Small,Bearish,0,0.22579204096713376,17.047558093722376,12.903104769913924,-2.7574928799239142,-96.76632
clearpool,cpool,Clearpool,0.025205,25204996,762,1937051.0,0.02730527,0.0250559,-0.001985368871372344,-7.30174,-7.169050539453377,7.018943926855253,1000000000.0,1000000000.0,2.55,-99.00759,0.01599962,2026-04-27T09:10:06.630Z,0.0022493700000000005,8.977406519023466,2026-04-27 09:10:13,0,47,Neutral,37.3,14,High,Small,Neutral,0,0.024892592593037766,17.042552826474857,14.476677787666379,-0.14139803657237326,-99.00759
unitas,up,Unitas,0.199529,25140585,763,4014321.0,0.203537,0.196926,-0.000329075763485565,-0.16466,9.062396379331782,14.238039938458838,125999861.4691083,999999861.4691083,0.307295,-35.20062,0.052858,2026-04-27T09:10:09.443Z,0.006611000000000006,3.3570986055675767,2026-04-27 09:10:13,0,47,Neutral,37.3,14,Medium,Small,Bullish,0,0.181928979745668,17.0399940703217,15.205379024353716,7.036689969229419,-35.20062
degen-base,degen,Degen,0.00068066,25139186,764,1578090.0,0.00069551,0.00066154,1.506e-05,2.26256,-3.5960798414431525,-0.4727822762387427,36965730333.0,36965730333.0,0.064543,-98.9488,2.255e-05,2026-04-27T09:10:06.083Z,3.397000000000003e-05,5.134988058167311,2026-04-27 09:10:13,0,47,Neutral,37.3,14,High,Small,Bearish,0,0.000680428456044715,17.039938421701315,14.271726446659319,0.8948888618806288,-98.9488
token-pocket,tpt,TokenPocket Token,0.00770423,25054757,765,5430.69,0.00776495,0.00751051,0.0001516,2.00726,13.859137010075756,27.86404661115906,3254217950.7778,3254217950.7778,0.14558,-94.71435,0.00012901,2026-04-27T09:10:09.516Z,0.0002544399999999999,3.3877859160030397,2026-04-27 09:10:13,0,47,Neutral,37.3,14,Medium,Small,Bullish,0,0.0076747039732897974,17.03657430757857,8.600005598390581,14.93565330557953,-94.71435
auki-labs,auki,Auki,0.00617804,25050297,766,83111.0,0.00669908,0.00569605,0.00044909,7.83889,-6.376748944175261,-21.582071769677174,4065095220.399412,9990838136.387348,0.060588,-89.85467,0.00416096,2026-04-27T09:10:06.735Z,0.0010030299999999994,17.60922042468025,2026-04-27 09:10:13,0,47,Neutral,37.3,14,Extreme,Small,Strong Bear,0,0.006159034149978204,17.036396281631973,11.327944374750368,-6.871590884838588,-89.85467
usual,usual,Usual,0.01434317,24999390,767,3576861.0,0.01499774,0.01422917,-0.000346832296197992,-2.36101,2.8043346388997077,17.65183376040917,1739662702.6584287,1766105138.323266,1.61,-99.11046,0.01049216,2026-04-27T09:10:07.196Z,0.0007685700000000014,5.401369159269314,2026-04-27 09:10:13,0,47,Neutral,37.3,14,High,Small,Bullish,0,0.014241279866478475,17.034362022535767,15.089996437681446,7.645411880204584,-99.11046
definitive,edge,Definitive,0.108399,24925246,768,3767589.0,0.112979,0.108126,-0.002844289963133517,-2.55682,-2.9624038281194762,-9.11065337280917,229939894.66755626,1000000000.0,0.863815,-87.42389,0.02743045,2026-04-27T09:10:07.579Z,0.004852999999999996,4.488282189297667,2026-04-27 09:10:13,0,47,Neutral,37.3,14,Medium,Small,Bearish,0,0.10291663180490795,17.031391783492264,15.1419460977177,-5.833736686404585,-87.42389
allora,allo,Allora,0.110203,24832560,769,5744572.0,0.116873,0.110195,-0.006103590103460482,-5.24785,2.913583508105555,3.4048927631334602,225190737.5738341,786752481.452214,1.6,-93.10262,0.04768726,2026-04-27T09:10:09.313Z,0.006678000000000003,6.0601660692408945,2026-04-27 09:10:13,0,47,Neutral,37.3,14,High,Small,Neutral,0,0.10454288148608984,17.027666293526902,15.563766141002281,-0.9214786184332697,-93.10262
freysa-ai,fai,Freysa AI,0.0030308,24820221,770,392001.0,0.00303069,0.00294811,2.518e-05,0.83785,2.4566368071194207,-32.73773040871229,8189700000.0,8189700000.0,0.080047,-96.21772,0.00130633,2026-04-27T09:10:07.114Z,8.258000000000007e-05,2.801116647614915,2026-04-27 09:10:13,0,47,Neutral,37.3,14,Medium,Small,Strong Bear,0,0.0030262163846921826,17.027169282100413,12.879022220800401,-15.949940204356144,-96.21772
ore,ore,ORE,54.83,24765796,771,602850.0,55.81,53.36,1.22,2.26891,2.40998241675554,21.111841047171822,453154.4354419782,453154.4354419782,1451.62,-96.24859,6.27,2026-04-27T09:10:06.212Z,2.450000000000003,4.591454272863574,2026-04-27 09:10:13,0,47,Neutral,37.3,14,Medium,Small,Bullish,0,4.022311359322269,17.024974106002276,13.309425347331507,11.69037552358591,-96.24859
caldera,era,Caldera,0.14137,24705237,772,4107400.0,0.144685,0.139241,-0.001986728422874479,-1.38586,4.996955109096289,14.085607448996726,174750000.0,1000000000.0,1.88,-92.46678,0.119927,2026-04-27T09:10:07.694Z,0.005444000000000004,3.909767956277249,2026-04-27 09:10:13,0,47,Neutral,37.3,14,Medium,Small,Bullish,0,0.132229295263576,17.02252584389298,15.228301026351119,6.349873724498362,-92.46678
noon-usn,usn,Noon USN,0.999984,24648589,773,2274.23,1.0,0.999903,2.362e-05,0.00236,0.034353250515918504,0.1101394791494433,24649156.28725123,24649156.28725123,1.12,-10.69343,0.988079,2026-04-27T09:10:07.229Z,9.700000000001374e-05,0.009700940991277527,2026-04-27 09:10:13,0,47,Neutral,37.3,14,Low,Small,Neutral,0,0.6931391805279451,17.020230256005586,7.729836425176,0.05624973957472165,-10.69343
hippius,sn75,Hippius,6.08,24641027,774,572537.0,6.28,5.95,-0.02560197487356941,-0.41922,-2.9796524053090825,-31.31820714199689,4044221.25847131,4044221.25847131,11.9,-48.96673,2.27,2026-04-27T09:10:07.922Z,0.33000000000000007,5.546218487394959,2026-04-27 09:10:13,0,47,Neutral,37.3,14,High,Small,Strong Bear,0,1.9572739077056285,17.019923416538525,13.257834387753624,-15.868713570998445,-48.96673
iota-2,sn9,iota,5.88,24611716,775,25204.0,6.06,5.79,0.060696,1.04338,1.4628090214714657,-38.164125778922234,4178853.748829521,4178853.748829521,20.55,-71.43212,3.67,2026-04-27T09:10:07.700Z,0.2699999999999996,4.663212435233153,2026-04-27 09:10:13,0,47,Neutral,37.3,14,Medium,Small,Strong Bear,0,1.9286186519452522,17.018733188320372,10.13479766651673,-18.560372889461117,-71.43212
nvidia-xstock,nvdax,NVIDIA xStock,208.91,24539607,776,3741561.0,210.26,208.09,0.791516,0.38031,5.032049011464902,25.154980305396553,117430.1248263072,796498.0873798559,211.16,-0.90414,150.3,2026-04-27T09:10:07.891Z,2.1699999999999875,1.0428180114373529,2026-04-27 09:10:13,0,47,Neutral,37.3,14,Low,Small,Bullish,0,5.346678867425915,17.015799023199325,15.135013729259281,12.767645152698277,-0.90414
bsquared-network,b2,BSquared Network,0.590459,24531133,780,14354166.0,0.658103,0.470904,-0.06764381801761021,-10.27861,-8.262986207164051,-21.167700719211737,41545875.0,210000000.0,2.11,-72.60825,0.317731,2026-04-27T09:10:07.578Z,0.187199,39.753113161068924,2026-04-27 09:10:13,0,47,Neutral,37.3,14,Extreme,Small,Strong Bear,0,0.46402265381758717,17.015453644273354,16.479550841292102,-15.723155359605869,-72.60825
pocket-network,pokt,Pocket Network,0.01217867,24499588,777,967229.0,0.01262404,0.01202993,-0.000331877053040599,-2.65278,-0.5297002949560647,-7.872169047932884,2011680128.050819,2351355446.249961,3.11,-99.61058,0.00883573,2026-04-27T09:10:04.982Z,0.0005941100000000001,4.938598977716413,2026-04-27 09:10:13,0,47,Neutral,37.3,14,Medium,Small,Bearish,0,0.012105106665311671,17.01416689986404,13.782191595171419,-5.262474523966442,-99.61058
unit-00-rei,rei,Rei,0.02413586,24499497,778,498875.0,0.02647356,0.02313943,0.00058211,2.4714,16.743207216370358,35.74412126489015,1000000000.0,1000000000.0,0.218973,-88.70888,0.00605432,2026-04-27T09:10:07.293Z,0.003334130000000001,14.408868325624274,2026-04-27 09:10:13,0,47,Neutral,37.3,14,Extreme,Small,Bullish,0,0.023849193597912988,17.01416318550912,13.120112846859174,19.107760632445075,-88.70888
kyber-network-crystal,knc,Kyber Network Crystal,0.14364,24460440,779,4018924.0,0.14821,0.143,-0.001318197845546071,-0.90937,5.338550930228566,-5.323253100554786,170152851.23024455,240948743.5771418,5.7,-97.47544,0.123044,2026-04-27T09:10:04.467Z,0.00521000000000002,3.643356643356658,2026-04-27 09:10:13,0,47,Neutral,37.3,14,Medium,Small,Bearish,0,0.1342161581191073,17.012567717496587,15.206525011898666,-3.116311550277393,-97.47544
gunz,gun,Gunz,0.01409138,24366370,781,8128125.0,0.0153289,0.01403833,-0.001017453735802972,-6.73417,-29.190838244072804,-15.358158389132942,1730000000.0,10000000000.0,0.115004,-87.77557,0.01064409,2026-04-27T09:10:07.538Z,0.0012905699999999996,9.193187508770627,2026-04-27 09:10:13,0,47,Neutral,37.3,14,High,Small,Strong Bear,0,0.013993019451772741,17.008714501915353,15.91084095064875,-11.04616419456647,-87.77557
tokenbot-2,clanker,tokenbot,24.65,24321247,782,1466106.0,25.5,24.58,-0.345454450338039,-1.38199,1.5997786159743375,-0.040473614037338346,986277.2565981399,986277.2565981399,142.84,-82.74401,0.65425,2026-04-27T09:10:07.122Z,0.9200000000000017,3.742880390561439,2026-04-27 09:10:13,0,47,Neutral,37.3,14,Medium,Small,Bearish,0,3.2445435716167785,17.006860929535105,14.198121146486951,-0.7112318070186692,-82.74401
nym,nym,Nym,0.0292259,24302987,783,1459805.0,0.02960794,0.02889683,-0.000266832727207063,-0.90474,-13.572496376013632,-9.902383203550574,831424979.280943,1000000000.0,5.76,-99.49423,0.02219411,2026-04-27T09:10:05.030Z,0.0007111100000000009,2.460858163334874,2026-04-27 09:10:13,0,47,Neutral,37.3,14,Medium,Small,Bearish,0,0.028806966285650677,17.006109863714414,14.193814108143298,-5.403561601775287,-99.49423
stargate-finance,stg,Stargate Finance,0.208472,24299566,784,5408723.0,0.215144,0.201395,0.00063408,0.30508,4.345915103577719,-14.341870137651922,116559855.73434445,116559855.73434445,4.14,-94.98398,0.104476,2026-04-27T09:10:05.117Z,0.013749000000000011,6.82688249460017,2026-04-27 09:10:13,0,47,Neutral,37.3,14,High,Small,Bearish,0,0.18935675167495128,17.005969089221978,15.503523763484026,-7.018395068825961,-94.98398
honey-3,honey,Honey,0.989804,24190572,785,324537.0,1.025,0.989804,-0.008503835418421368,-0.85183,-0.8377595906721547,-0.9090235383556725,24439761.23090056,24453266.54885994,2.0,-50.00733,0.916153,2026-04-27T09:10:07.468Z,0.035195999999999894,3.555855502705575,2026-04-27 09:10:13,0,47,Neutral,37.3,14,Medium,Small,Bearish,0,0.6880361414233884,17.00147356977983,12.690157911505981,-0.8804267691778362,-50.00733
mira-3,mira,Mira,0.085462,24159578,786,12146876.0,0.092811,0.08523,-0.006508399228354431,-7.07666,3.342987186980827,12.59364353085666,282540524.0,1000000000.0,2.68,-96.80561,0.072397,2026-04-27T09:10:08.540Z,0.007581000000000004,8.894755367828235,2026-04-27 09:10:13,0,47,Neutral,37.3,14,High,Small,Bullish,0,0.08200570281419493,17.000191505382375,16.312582657674113,2.75849176542833,-96.80561
ai-powered-finance,aipf,AI Powered Finance,2.17,24155260,787,196138.0,2.19,2.14,-0.004915807625857305,-0.22574,1.3860690365330208,10.452777048286308,11116402.81573786,11116402.81573786,2.21,-1.86298,1.69,2026-04-27T09:10:03.809Z,0.04999999999999982,2.3364485981308327,2026-04-27 09:10:13,0,47,Neutral,37.3,14,Medium,Small,Bullish,0,1.1537315878891892,17.00001276112858,12.186578870534213,5.113518524143154,-1.86298
gold-park,gpt,Gold Park,0.00685933,24139586,788,176877.0,0.00686683,0.00650315,5.915e-05,0.86985,0.5668651013580094,37.12848043115271,3519235566.77911,9000000000.0,0.03055641,-77.80037,0.00229391,2026-04-27T09:10:08.074Z,0.0003636799999999999,5.592366776100811,2026-04-27 09:10:13,0,47,Neutral,37.3,14,High,Small,Bullish,0,0.006835911823651838,16.99936366495375,12.083215508366543,18.999165215576355,-77.80037
osmosis,osmo,Osmosis,0.03122002,24083309,789,2374843.0,0.03308565,0.03121306,-0.001814340126461443,-5.49228,-1.3277397283164634,3.919602617404478,771405860.740923,980840517.008947,11.25,-99.72232,0.02916342,2026-04-27T09:10:04.788Z,0.0018725900000000004,5.999379746811111,2026-04-27 09:10:13,0,47,Neutral,37.3,14,High,Small,Neutral,0,0.030742586729017488,16.997029627430106,14.68044230908305,-0.786338691297761,-99.72232
cargox,cxo,CargoX,0.143191,24040214,790,21932.0,0.146789,0.142781,-0.002051332177114701,-1.41235,1.0027208886602812,6.699098215583133,167160147.72525844,215119016.0,0.523279,-72.52227,3.988e-05,2026-04-27T09:10:05.112Z,0.0040080000000000116,2.8070961822651554,2026-04-27 09:10:13,0,47,Neutral,37.3,14,Medium,Small,Neutral,0,0.13382347496432268,16.99523861101891,9.995747630961425,2.6433741077915665,-72.52227
bityuan,bty,Bityuan,0.0323946,23827596,791,218022.0,0.03328096,0.03246429,-0.000569064394794573,-1.72634,-1.993353493621441,1.3692294822158417,725327769.213019,725327769.213019,0.765083,-95.66865,0.01348346,2026-04-27T09:10:09.557Z,0.0008166699999999985,2.515594827424221,2026-04-27 09:10:13,0,47,Neutral,37.3,14,Medium,Small,Neutral,0,0.03188095831784046,16.98635500471208,12.292355840793164,-0.17855525889207913,-95.66865
bifrost,bfc,Bifrost,0.01706009,23658389,792,1284867.0,0.01755428,0.01697126,-0.000113478686612826,-0.66078,0.19335844234049254,7.239180213598692,1391269925.662982,2368584074.0,0.778815,-97.81782,0.01408381,2026-04-27T09:10:06.714Z,0.0005830200000000001,3.4353371523387195,2026-04-27 09:10:13,0,47,Neutral,37.3,14,Medium,Small,Neutral,0,0.01691620086666351,16.97922836686191,14.066166547299604,3.289200106799346,-97.81782
gradients,sn56,Gradients,5.39,23590069,793,49340.0,5.56,5.31,0.05032,0.94183,1.5731521614232888,-24.687927705338232,4365431.097301338,4365431.097301338,39.41,-86.3234,3.63,2026-04-27T09:10:07.726Z,0.25,4.708097928436912,2026-04-27 09:10:13,0,47,Neutral,37.3,14,Medium,Small,Strong Bear,0,1.8547342683894434,16.976336418738505,10.806510657409378,-11.873048852669116,-86.3234
acurast,acu,Acurast,0.093538,23540909,794,3622036.0,0.097612,0.090285,-0.000118806435809943,-0.12685,6.148521623253581,5.577435576953159,251599773.76,1012541292.2,0.315928,-70.50591,0.069268,2026-04-27T09:10:06.058Z,0.007327,8.1154123054771,2026-04-27 09:10:13,0,47,Neutral,37.3,14,High,Small,Neutral,0,0.0894183113310733,16.974250316653297,15.102547132723954,2.7252927884765796,-70.50591
ishares-core-s-p-500-etf-ondo-tokenized-etf,ivvon,iShares Core S&P 500 ETF (Ondo Tokenized ETF),715.94,23526846,795,56309.0,719.74,713.1,-2.0776680011622375,-0.28936,-0.05897952377287372,11.306722520105371,32861.33685861758,32861.33685861758,719.74,-0.56109,638.02,2026-04-27T09:10:09.727Z,6.639999999999986,0.931145701865094,2026-04-27 09:10:13,0,47,Neutral,37.3,14,Low,Small,Bullish,0,6.574992155089718,16.973652752574836,10.938627418248664,5.508681260052685,-0.56109
medibloc,med,Medibloc,0.00220631,23426623,796,625301.0,0.00226769,0.00216539,1.218e-05,0.55494,0.33414793909924406,3.1495947847322037,10644041819.0,11434259731.0,0.351852,-99.37761,0.00161437,2026-04-27T09:10:04.255Z,0.00010230000000000005,4.724322177529223,2026-04-27 09:10:13,0,47,Neutral,37.3,14,Medium,Small,Neutral,0,0.0022038796721399207,16.96938371132712,13.345990012015012,1.8522673923661017,-99.37761
micron-technology-ondo-tokenized-stock,muon,Micron Technology (Ondo Tokenized Stock),506.42,23402058,797,1467578.0,509.42,493.71,11.96,2.41949,12.732298387323407,42.784468536536956,46213.44202072343,46213.44202072343,509.42,-0.62444,115.92,2026-04-27T09:10:08.236Z,15.710000000000036,3.1820299366024667,2026-04-27 09:10:13,0,47,Neutral,37.3,14,Medium,Small,Bullish,0,6.229339063022186,16.9683345679099,14.199124662284845,22.60197926826848,-0.62444
aevo-exchange,aevo,Aevo,0.02558464,23380550,798,5729707.0,0.02690533,0.02535304,-0.001320692894336051,-4.90867,2.4694070195177207,10.184724723286807,916326735.3108214,1000000000.0,3.76,-99.32161,0.02078552,2026-04-27T09:10:06.291Z,0.0015522900000000013,6.122697711990362,2026-04-27 09:10:13,0,47,Neutral,37.3,14,High,Small,Bullish,0,0.0252628304730542,16.967415080881906,15.56117512753204,2.638027361643404,-99.32161
nusd,susd,Synthetix sUSD,0.702745,23377882,799,178877.0,0.77534,0.701485,-0.05307779143058333,-7.02251,2.2691156881415804,-7.907468524906955,32937862.98763985,32937862.98763985,2.45,-71.03059,0.429697,2026-04-27T09:10:07.281Z,0.073855,10.528379081519919,2026-04-27 09:10:13,0,47,Neutral,37.3,14,Extreme,Small,Bearish,0,0.5322416547086103,16.967300962432052,12.094459288206583,-7.464989262453477,-71.03059
adshares,ads,Adshares,0.601962,23321287,800,313847.0,0.612866,0.60091,-0.002476992330451067,-0.4098,1.1643283131731934,8.518652753246734,38750903.796205,38758203.0,5.72,-89.47734,0.0102872,2026-04-27T09:10:09.625Z,0.011955999999999967,1.9896490323010045,2026-04-27 09:10:13,0,47,Neutral,37.3,14,Low,Small,Neutral,0,0.4712291280152725,16.964877149482252,12.656664071254449,4.054426376623367,-89.47734
sapien-2,sapien,Sapien,0.093104,23266889,801,5324302.0,0.097479,0.092735,-0.00287668631835955,-2.99715,7.673192598280066,38.60481155411957,250000000.0,1000000000.0,0.536429,-82.66558,0.062712,2026-04-27T09:10:08.695Z,0.004743999999999998,5.115652127028628,2026-04-27 09:10:13,0,47,Neutral,37.3,14,High,Small,Bullish,0,0.08902135562849472,16.96254187787229,15.487792368973876,17.803830777059787,-82.66558
black-phoenix,bpx,Black Phoenix,0.00403183,23252272,802,2267.51,0.004044,0.00380612,4.05e-06,0.10067,3931.431621184865,7298.781477823278,5767176261.655056,7928137776.450243,3.37,-99.88029,1.33e-06,2026-04-27T09:10:04.823Z,0.00023787999999999978,6.249934316311618,2026-04-27 09:10:13,0,47,Neutral,37.3,14,High,Small,Bullish,0,0.00402372395425303,16.961913448659967,7.726878507293553,3649.441073911639,-99.88029
folks,folks,FOLKS,1.4,23241328,803,2715580.0,1.51,1.37,-0.015072380653706086,-1.06714,16.637263002640914,12.485013937779483,16639765.259266,50000000.0,48.86,-97.14406,0.840593,2026-04-27T09:10:09.236Z,0.1399999999999999,10.218978102189773,2026-04-27 09:10:13,0,47,Neutral,37.3,14,Extreme,Small,Bullish,0,0.8754687373538999,16.961442674199336,14.814516484772986,5.708936968889741,-97.14406
electronic-usd,eusd,Electronic USD,1.008,23178661,804,743345.0,1.009,0.995776,0.00672882,0.67223,0.40885744627463183,0.8704471566372359,23000832.86832653,23000832.86832653,1.13,-10.88714,0.867067,2026-04-27T09:10:05.329Z,0.013223999999999902,1.3280095121794362,2026-04-27 09:10:13,0,47,Neutral,37.3,14,Low,Small,Neutral,0,0.6971392018294827,16.9587426720356,13.518916894981752,0.771338578318618,-10.88714
advertise-coin,adco,Advertise Coin,0.510489,22971773,805,7152.26,0.527766,0.508672,-0.002458622688396694,-0.47931,1.2065042789732412,15.674285928495967,45000000.0,50000000.0,1.09,-53.17285,0.02220041,2026-04-27T09:10:04.324Z,0.019093999999999944,3.753695898339194,2026-04-27 09:10:13,0,47,Neutral,37.3,14,Medium,Small,Bullish,0,0.4124334394612376,16.9497768028542,8.87532347583309,7.597487964247984,-53.17285
qanplatform,qanx,QANplatform,0.0134784,22908229,806,254142.0,0.01373176,0.01316361,0.00031479,2.39139,10.562708422745503,-5.658427477987878,1700000000.0,2099550000.0,0.203412,-93.37928,0.00011724,2026-04-27T09:10:04.544Z,0.0005681500000000016,4.316065273887647,2026-04-27 09:10:13,0,47,Neutral,37.3,14,Medium,Small,Bearish,0,0.01338837439864393,16.947006792606125,12.445652379706047,-1.6335187389939392,-93.37928
compounding-open-dollar,cusdo,Compounding OpenDollar,1.046,22872285,807,155127.0,1.046,1.046,-0.000265643805370086,-0.02539,0.08188900345620144,0.2206243322696351,21865545.84502359,21865545.84502359,1.086,-3.63811,0.89555,2026-04-27T09:10:07.134Z,0.0,0.0,2026-04-27 09:10:13,0,47,Neutral,37.3,14,Low,Small,Neutral,0,0.7158866675294348,16.945436517278264,11.952005861562453,0.09761716613481755,-3.63811
chaingpt,cgpt,ChainGPT,0.02476635,22784709,808,3899412.0,0.0265449,0.02400364,-0.00172004053124868,-6.49405,17.319549293617882,28.660936314741136,920227527.0,997766421.0,0.555799,-95.58365,0.01776651,2026-04-27T09:10:05.407Z,0.00254126,10.586977641724339,2026-04-27 09:10:13,0,47,Neutral,37.3,14,Extreme,Small,Bullish,0,0.024464635386031143,16.94160025492741,15.176336586951171,11.083443157370567,-95.58365
trillions,trillions,Trillions,0.02269205,22692045,809,3283475.0,0.02269214,0.02269198,-9.2848120043e-08,-0.00041,-0.0005582808201557632,-0.0001296995955922187,1000000000.0,1000000000.0,0.04492667,-49.49092,0.00021898,2026-04-27T09:10:08.437Z,1.599999999990498e-07,0.0007050949278073125,2026-04-27 09:10:13,0,47,Neutral,37.3,14,Low,Small,Bearish,0,0.022438415258988174,16.937525024572672,15.004413175312811,-0.00026984979779610935,-49.49092
my-paqman-coin,mpc,My Paqman Coin,2.26e-06,22619303,810,75138.0,2.29e-06,2.25e-06,-1.343906569e-09,-0.05938,3.180065288521683,16.20094660700083,10000000000000.0,10000000000000.0,9.204e-05,-97.54354,1.6e-06,2026-04-27T09:10:07.657Z,4.000000000000004e-08,1.7777777777777795,2026-04-27 09:10:13,0,47,Neutral,37.3,14,Low,Small,Bullish,0,2.2599974462038476e-06,16.934314258948095,11.227095010548584,8.070783303500415,-97.54354
adventure-gold,agld,Adventure Gold,0.258114,22566417,811,4322792.0,0.274442,0.256697,-0.01608170764828659,-5.86505,-2.4169556088734563,10.902899412073445,87430001.0,92830001.0,7.7,-96.6595,0.178306,2026-04-27T09:10:04.840Z,0.01774500000000001,6.912819394071613,2026-04-27 09:10:13,0,47,Neutral,37.3,14,High,Small,Bullish,0,0.22961377420429827,16.93197342995132,15.279412279089026,2.5189247060367226,-96.6595
dia-data,dia,DIA,0.188349,22539125,812,1376538.0,0.200491,0.18804,-0.010388422241317752,-5.2272,-1.9880767947992688,13.834145648219343,119676104.0,168817248.0,5.73,-96.71662,0.16128,2026-04-27T09:10:03.979Z,0.01245099999999999,6.6214635184003345,2026-04-27 09:10:13,0,47,Neutral,37.3,14,High,Small,Bullish,0,0.17256494884196025,16.930763290313912,14.135082935891369,4.303472824109671,-96.71662
fulcrom,ful,Fulcrom,0.00135086,22511076,813,24607.0,0.00140421,0.00048209,-4.6709763298256e-05,-3.34221,-18.341466010785958,-38.62691848441512,16666128415.89111,20000000000.0,0.04004179,-96.63083,0.00048209,2026-04-27T09:10:05.294Z,0.0009221199999999999,191.2754879794229,2026-04-27 09:10:13,0,47,Neutral,37.3,14,Extreme,Small,Strong Bear,0,0.0013499484094919526,16.929518057140402,10.11082687230537,-20.98456424220756,-96.63083
quark-chain,qkc,QuarkChain,0.00310751,22481829,814,533428.0,0.00319275,0.00309346,-3.6725168469183e-05,-1.16802,-1.3148415208102768,5.083842907405703,7230339100.0,10000000000.0,0.338765,-99.08461,0.00137714,2026-04-27T09:10:06.294Z,9.928999999999971e-05,3.209674603841643,2026-04-27 09:10:13,0,47,Neutral,37.3,14,Medium,Small,Neutral,0,0.0031026916702246005,16.928217985370452,13.187081257456128,1.9579114537028515,-99.08461
anoma,xan,Anoma,0.00899503,22472982,815,8474564.0,0.00929687,0.00817281,0.00071049,8.57608,21.13526758281964,5.1255811689889565,2500000000.0,10000000000.0,0.272752,-96.69026,0.00597404,2026-04-27T09:10:08.628Z,0.0011240599999999996,13.753653884037432,2026-04-27 09:10:13,0,47,Neutral,37.3,14,Extreme,Small,Neutral,0,0.00895481569036157,16.927824390134532,15.952579882479862,6.850830584494478,-96.69026
unity-2,uty,Unity,0.999417,22464834,816,248.62,0.999519,0.999117,0.00020001,0.02002,0.019391310353812585,-0.060809019118316765,22477946.64566745,22477946.64566745,1.014,-1.39295,0.990811,2026-04-27T09:10:07.704Z,0.00040200000000001346,0.04023552797119991,2026-04-27 09:10:13,0,47,Neutral,37.3,14,Low,Small,Bearish,0,0.692855638065562,16.92746175570091,5.519939761490308,-0.020394509559158384,-1.39295
pinksale,pinksale,PinkSale,224.52,22452383,817,213.65,,,,,0.03924641426192968,-5.403166958533653,100000.0,100000.0,505.62,-55.59404,47.52,2026-04-24T06:06:21.524Z,,,2026-04-27 09:10:13,0,47,Neutral,37.3,14,Unknown,Small,Bearish,0,5.418408846805857,16.926907358051363,5.369008794670569,-2.7015834792668265,-55.59404
eclipse-3,es,Eclipse,0.149575,22440774,818,6225964.0,0.154283,0.147512,-0.002608890532859842,-1.7143,3.263790509142099,15.092780113250917,150000000.0,1000000000.0,0.497721,-69.91047,0.075969,2026-04-27T09:10:07.599Z,0.006770999999999999,4.590135039861163,2026-04-27 09:10:13,0,47,Neutral,37.3,14,Medium,Small,Bullish,0,0.13939230885171291,16.926390174564286,15.644239008380996,6.689240056625459,-69.91047
echelon-prime,prime,Echelon Prime,0.361115,22374490,819,4433348.0,0.399193,0.358319,-0.02075340011847132,-5.43469,6.6331865362378135,18.921071101157537,61977950.0,111111111.0,28.0,-98.7202,0.288788,2026-04-27T09:10:05.641Z,0.04087400000000002,11.407153960577034,2026-04-27 09:10:13,0,47,Neutral,37.3,14,Extreme,Small,Bullish,0,0.3083042167932921,16.923432073263086,15.304665838352214,6.743190550578769,-98.7202
singularitynet,agix,SingularityNET,0.091149,22333486,820,2714.69,0.093587,0.09081,-9.989160674162e-05,-0.10947,-0.6942663503736958,-8.880412846865667,245034537.809887,441632784.7912801,1.46,-93.76078,0.00747159,2026-04-27T09:10:04.862Z,0.0027770000000000017,3.0580332562493138,2026-04-27 09:10:13,0,47,Neutral,37.3,14,Medium,Small,Bearish,0,0.08723126947817102,16.921597769260472,7.9068013437254185,-4.4949414234328335,-93.76078
biconomy,bico,Biconomy,0.03108129,22316833,821,21149575.0,0.0308501,0.02670014,0.00427274,15.93796,30.535837420171564,50.56832568536767,718049656.9789356,1000000000.0,21.45,-99.85679,0.01846859,2026-04-27T09:10:04.901Z,0.004149959999999998,15.542839850277929,2026-04-27 09:10:13,0,47,Neutral,37.3,14,Extreme,Small,Bullish,0,0.03060804770745302,16.92085183953817,16.867130415974287,33.253142842683836,-99.85679
flock-2,flock,FLOCK,0.061589,22252480,822,2387141.0,0.068342,0.06137,-0.006749947318320147,-9.8772,5.669416921279476,16.575606204197825,361443549.6728611,1000000000.0,0.667394,-90.79669,0.03517098,2026-04-27T09:10:07.290Z,0.006971999999999999,11.360599641518656,2026-04-27 09:10:13,0,47,Neutral,37.3,14,Extreme,Small,Bullish,0,0.05976684226401646,16.91796406597821,14.685607392449771,3.3492031020989126,-90.79669
harrypotterobamasonic10in,bitcoin,HarryPotterObamaSonic10Inu (ETH),0.0222006,22183038,823,4858894.0,0.02353109,0.02174042,0.00023004,1.04705,7.760593421771988,38.26096959956879,999798155.0,999798155.0,0.373421,-94.06029,0.00066337,2026-04-27T09:10:06.499Z,0.0017906700000000011,8.236593405279203,2026-04-27 09:10:13,0,47,Neutral,37.3,14,High,Small,Bullish,0,0.021957754321151813,16.914838545829877,15.396321603769907,19.654009799784394,-94.06029
seda-2,seda,SEDA,0.03349026,22164000,824,587215.0,0.03387219,0.03323184,8.445e-05,0.25281,-1.9239205588532704,68.01150867480878,661804286.7629482,1020487658.106592,0.263586,-87.29296,0.0190419,2026-04-27T09:10:06.090Z,0.0006403500000000048,1.9269170771164186,2026-04-27 09:10:13,0,47,Neutral,37.3,14,Low,Small,Bullish,0,0.03294167580887162,16.913979954087587,13.283148003867627,34.13215933740439,-87.29296
ai-analysis-token,aiat,AI Analysis Token,0.200387,22112272,825,7461.65,0.241082,0.111538,-0.019733071803883173,-8.96467,-15.643521578127146,82.39684109344961,110347623.6743895,500000000.0,0.918633,-78.00464,0.02270319,2026-04-27T09:10:05.777Z,0.129544,116.14337714500887,2026-04-27 09:10:13,0,47,Neutral,37.3,14,Extreme,Small,Bullish,0,0.18264400480200763,16.911643351710655,8.917665858001358,36.716085546724806,-78.00464
moolah,moolah,Moolah,0.02203466,22029191,826,122848.0,0.02363076,0.01939231,0.00263906,13.60646,40.05319460446887,470.5546526811192,1000000000.0,1000000000.0,0.02363076,-6.77567,0.001676,2026-04-27T09:10:07.857Z,0.004238450000000001,21.85634408690868,2026-04-27 09:10:13,0,47,Neutral,37.3,14,Extreme,Small,Bullish,0,0.021795405100774434,16.907879040847615,11.718711237908055,242.0805563405596,-6.77567
magic,magic,Treasure,0.06708,21996277,827,5515185.0,0.070004,0.066387,-0.002923397639822231,-4.17607,6.276063818678551,17.12491214535267,327923507.5893457,347687042.9717532,6.32,-98.94013,0.01999252,2026-04-27T09:10:04.754Z,0.0036169999999999952,5.448355852802499,2026-04-27 09:10:13,0,47,Neutral,37.3,14,High,Small,Bullish,0,0.06492594607883571,16.90638381519155,15.523015936302293,6.474421072676336,-98.94013
tesla-ondo-tokenized-stock,tslaon,Tesla (Ondo Tokenized Stock),375.02,21967065,828,1863183.0,377.71,373.54,0.725951,0.19395,-5.445906066601857,4.394138812857848,58523.70803467194,58523.70803467194,497.31,-24.56047,327.24,2026-04-27T09:10:08.305Z,4.169999999999959,1.1163463082936123,2026-04-27 09:10:13,0,47,Neutral,37.3,14,Low,Small,Neutral,0,5.929642333464639,16.90505488969857,14.43779741013884,2.294044406428924,-24.56047
sompi,sompi,Sompi,0.02315212,21956862,829,169439.0,0.02422416,0.02290937,-0.00036750722691695,-1.56256,21.489834453822457,,948542813.0,1000000000.0,0.03299742,-29.73952,0.01886521,2026-04-27T09:10:03.933Z,0.0013147900000000032,5.739092781687158,2026-04-27 09:10:13,0,47,Neutral,37.3,14,High,Small,Unknown,0,0.022888175817003135,16.904590313763958,12.040254160835234,-0.78128,-29.73952
swarms,swarms,Swarms,0.02192626,21934693,830,3870888.0,0.02270156,0.01830395,0.00319093,17.03161,14.55563637314254,150.37135177028705,999984830.56,999984830.56,0.605474,-96.35258,0.00590519,2026-04-27T09:10:07.224Z,0.00439761,24.025469912232058,2026-04-27 09:10:13,0,47,Neutral,37.3,14,Extreme,Small,Bullish,0,0.021689336536506943,16.903580142177418,15.168994754387613,83.70148088514352,-96.35258
bit2me,b2m,Bit2Me,0.00738447,21800999,831,16751.45,0.00751741,0.00734654,-0.000109978268787551,-1.46746,-2.3842329526529866,-18.17327759894572,2952274750.73,4941007320.67,0.300665,-97.53177,0.0,2026-04-27T09:10:04.795Z,0.00017087000000000005,2.3258567978939753,2026-04-27 09:10:13,0,47,Neutral,37.3,14,Medium,Small,Strong Bear,0,0.007357338288410637,16.897466398266882,9.726299795213713,-9.82036879947286,-97.53177
superwalk,grnd,SuperWalk GRND,0.03073067,21773605,832,2219856.0,0.03796843,0.02906208,0.00142962,4.87907,69.78301381172241,84.15048734549441,707660423.05,987522926.0,0.384843,-92.0042,0.01475654,2026-04-27T09:10:07.616Z,0.008906349999999997,30.645948259725376,2026-04-27 09:10:13,0,47,Neutral,37.3,14,Extreme,Small,Bullish,0,0.03026793909407608,16.896209060283887,14.61295333735935,44.514778672747205,-92.0042
synfutures,f,SynFutures,0.00557794,21734403,833,2411242.0,0.00579062,0.00553842,-0.000105690000943817,-1.85955,2.8857251432850193,9.49297883884214,3893439721.0,10000000000.0,0.192309,-97.09496,0.00478573,2026-04-27T09:10:06.982Z,0.00025220000000000017,4.553645263450591,2026-04-27 09:10:13,0,47,Neutral,37.3,14,Medium,Small,Neutral,0,0.005562440901328692,16.894407000819033,14.695652940139283,3.8167144194210696,-97.09496
hippo-protocol,hp,Hippo Protocol,0.01614924,21732845,834,318428.0,0.01621018,0.01568807,0.00025041,1.57503,5.412935449203923,2.905703838860675,1347103807.966393,1348378205.632288,0.067864,-76.31794,0.01469379,2026-04-27T09:10:07.519Z,0.0005221100000000027,3.328070310752073,2026-04-27 09:10:13,0,47,Neutral,37.3,14,Medium,Small,Neutral,0,0.01602022813282467,16.89433531466448,12.671154809206808,2.2403669194303375,-76.31794
lumia,lumia,Lumia,0.156938,21705412,835,6796534.0,0.15809,0.132747,0.02101713,15.46281,39.85298724314175,104.78209517155663,138496021.73127738,238888888.0,2.49,-93.7116,0.055025,2026-04-27T09:10:06.756Z,0.025343000000000004,19.091203567688915,2026-04-27 09:10:13,0,47,Neutral,37.3,14,Extreme,Small,Bullish,0,0.14577685991313666,16.893072234408564,15.73192348145359,60.12245258577832,-93.7116
safecoin,safe,SAFEbit,0.056699,21508682,836,404019.0,0.059153,0.056109,-0.001592898088388285,-2.73263,24.124465453621845,-11.899620393567817,379350000.0,1000000000.0,0.503782,-88.86065,0.04178524,2026-04-27T09:10:08.075Z,0.003043999999999998,5.425154609777394,2026-04-27 09:10:13,0,47,Neutral,37.3,14,High,Small,Bearish,0,0.05514989812201358,16.88396727203332,12.909219660668452,-7.316125196783909,-88.86065
taiko,taiko,Taiko,0.118455,21441515,837,5348450.0,0.130286,0.118312,-0.005560601521648487,-4.48378,1.5636941505117623,0.681554832377722,180992531.120892,1000000000.0,3.8,-96.88559,0.106296,2026-04-27T09:10:06.797Z,0.011974000000000012,10.120697815944293,2026-04-27 09:10:13,0,47,Neutral,37.3,14,Extreme,Small,Neutral,0,0.11194826868452065,16.880839600622338,15.49231754423922,-1.9011125838111391,-96.88559
boundless,zkc,Boundless,0.073877,21438035,838,8508111.0,0.08072,0.073407,-0.003694487224061085,-4.7627,3.5202891290130904,6.613149803487431,290641046.0,1043290429.340001,1.78,-95.85493,0.065637,2026-04-27T09:10:08.410Z,0.007313,9.962265179070116,2026-04-27 09:10:13,0,47,Neutral,37.3,14,High,Small,Neutral,0,0.07127546438850359,16.880677285493316,15.956530619296483,0.9252249017437157,-95.85493
oho-blockchain,oho,OHO Blockchain,0.00093171,21397365,839,178493.0,0.00095264,0.00092951,-3.658935042435e-06,-0.39117,3.843852862958106,16.980219506069343,22965611624.0,44999999000.0,0.05413,-98.27504,0.00038451,2026-04-27T09:10:05.958Z,2.3130000000000004e-05,2.488407870813655,2026-04-27 09:10:13,0,47,Neutral,37.3,14,Medium,Small,Bullish,0,0.0009312762276503981,16.87877838830446,12.092310266191507,8.294524753034672,-98.27504
usdh-2,usdh,USDH,1.0,21362152,840,3821309.0,1.001,0.99882,0.00032508,0.03251,0.06457861818188582,0.052051905642543646,21359849.0,100103788251.7478,1.11,-10.05896,0.716867,2026-04-27T09:10:08.544Z,0.0021799999999998487,0.21825754390178898,2026-04-27 09:10:13,0,47,Neutral,37.3,14,Low,Small,Neutral,0,0.6931471805599453,16.877131362856854,15.156103853732214,0.042280952821271825,-10.05896
xai-blockchain,xai,Xai,0.01056301,21341938,841,6482849.0,0.01099551,0.01046818,-0.000415388052142297,-3.78369,6.663230665694099,15.295957701866017,2021462885.985458,2172147882.98608,1.59,-99.3363,0.00878089,2026-04-27T09:10:05.952Z,0.0005273299999999995,5.037456367773571,2026-04-27 09:10:13,0,47,Neutral,37.3,14,High,Small,Bullish,0,0.010507611187198113,16.876184661940712,15.684670786453086,5.756133850933009,-99.3363
nasdaq-xstock,qqqx,Nasdaq xStock,664.74,21225754,842,341141.0,667.17,662.78,0.944872,0.14234,3.0751320501012205,18.320293590245125,31925.709368467,220107.0072842276,2014.76,-67.00564,543.74,2026-04-27T09:10:08.018Z,4.389999999999986,0.6623615679410946,2026-04-27 09:10:13,0,47,Neutral,37.3,14,Low,Small,Bullish,0,6.500899203927832,16.87072586078935,12.740054091873345,9.231316795122563,-67.00564
humidifi,wet,HumidiFi,0.092226,21192012,843,6313529.0,0.097749,0.090892,-0.005234277035029461,-5.37065,-5.336463403075687,-12.282177557837134,230000000.0,1000000000.0,0.333169,-72.4821,0.06229,2026-04-27T09:10:09.344Z,0.006857000000000002,7.544118294239318,2026-04-27 09:10:13,0,47,Neutral,37.3,14,High,Small,Bearish,0,0.08821781561646724,16.869134923372886,15.658205507572083,-8.826413778918567,-72.4821
xpin-network,xpin,XPIN Network,0.0013724,21099882,844,3515695.0,0.00137606,0.00122848,0.00013266,10.70036,18.42189459917382,22.937203848204966,15465000000.0,100000000000.0,0.00999923,-86.29307,0.00052098,2026-04-27T09:10:08.260Z,0.00014758000000000002,12.013219588434492,2026-04-27 09:10:13,0,47,Neutral,37.3,14,Extreme,Small,Bullish,0,0.0013714591198642192,16.864778053407225,15.07274807216065,16.81878192410248,-86.29307
loopring,lrc,Loopring,0.01692841,21092318,845,1950977.0,0.01722174,0.01683608,-0.000111236370395881,-0.65281,-1.0241725917757378,-26.185643923671293,1245991468.94246,1373873397.442457,3.75,-99.54921,0.01574246,2026-04-27T09:10:09.769Z,0.0003856599999999995,2.290675739245712,2026-04-27 09:10:13,0,47,Neutral,37.3,14,Medium,Small,Strong Bear,0,0.01678672127502967,16.864419503735842,14.48384134327309,-13.419226961835646,-99.54921
corn-3,corn,Corn,0.03994005,20969856,846,5381709.0,0.04020026,0.03976154,-0.000114719377873967,-0.28641,-2.782803916498036,-14.683889233733002,525000000.0,2100000000.0,0.187137,-78.65884,0.0210968,2026-04-27T09:10:07.468Z,0.00043872000000000355,1.1033777866752736,2026-04-27 09:10:13,0,47,Neutral,37.3,14,Low,Small,Bearish,0,0.03916306726101954,16.858596583589232,15.498516725502478,-7.485149616866501,-78.65884
drift-protocol,drift,Drift Protocol,0.03426756,20966319,847,3603805.0,0.03645866,0.03387577,-0.001245987631857189,-3.50849,-3.3949957657863408,-47.89868355854981,611515824.085346,1000000000.0,2.6,-98.68646,0.02667806,2026-04-27T09:10:06.429Z,0.0025828899999999974,7.624594215865786,2026-04-27 09:10:13,0,47,Neutral,37.3,14,High,Small,Strong Bear,0,0.03369350470207716,16.858427898684628,15.097501067182728,-25.703586779274907,-98.68646
mezo,mezo,MEZO,0.04186045,20954272,848,1851586.0,0.04943731,0.04161688,-0.005964792470314971,-12.47206,-13.143825632647992,,500000000.0,1000000000.0,0.137275,-69.54372,0.02833216,2026-04-27T09:10:09.521Z,0.007820429999999996,18.791485570278205,2026-04-27 09:10:13,0,47,Neutral,37.3,14,Extreme,Small,Unknown,0,0.04100800921844838,16.85785314534888,14.431553667159756,-6.23603,-69.54372
microstrategy-ondo-tokenized-stock,mstron,MicroStrategy (Ondo Tokenized Stock),172.16,20945963,849,3584549.0,177.02,170.72,-0.2890308273418043,-0.1676,6.827352629333787,37.0712964136914,121729.9286041773,121729.9286041773,362.7,-52.49678,101.13,2026-04-27T09:10:08.219Z,6.300000000000011,3.6902530459231557,2026-04-27 09:10:13,0,47,Neutral,37.3,14,Medium,Small,Bullish,0,5.15421602257378,16.85745653660851,15.092143501124633,18.4518482068457,-52.49678
coin98,c98,Coin98,0.02085195,20857587,850,2882719.0,0.02170076,0.0207204,-0.000506008982255887,-2.36918,-3.3368262449920034,-18.445140859309888,999998884.0,1000000000.0,6.42,-99.67643,0.01666911,2026-04-27T09:10:04.934Z,0.0009803599999999996,4.731375842165207,2026-04-27 09:10:13,0,47,Neutral,37.3,14,Medium,Small,Strong Bear,0,0.020637523771142335,16.853228372855302,14.874244850849527,-10.407160429654944,-99.67643
santos-fc-fan-token,santos,Santos FC Fan Token,1.29,20686085,851,1969105.0,1.29,1.26,0.00706324,0.55258,-0.2763825262273928,27.84884221289326,16094854.291549,30000000.0,22.34,-94.24836,0.734,2026-04-27T09:10:04.984Z,0.030000000000000027,2.3809523809523827,2026-04-27 09:10:13,0,47,Neutral,37.3,14,Medium,Small,Bullish,0,0.8285518175661483,16.844971858312384,14.493090190605963,14.20071110644663,-94.24836
hunt-token,hunt,Hunt,0.102226,20682509,852,50082.0,0.10481,0.100287,0.00142004,1.40869,2.5921456742906797,8.175936073958594,198912688.0,198912688.0,1.46,-93.12076,0.00039817,2026-04-27T09:10:09.667Z,0.004522999999999999,4.51005613888141,2026-04-27 09:10:13,0,47,Neutral,37.3,14,Medium,Small,Neutral,0,0.0973317713740433,16.8447989735469,10.821436908133153,4.792313036979297,-93.12076
propy,pro,Propy,0.355309,20610927,853,5591541.0,0.383475,0.344938,0.00828582,2.38768,3.975271633986345,0.40074879648546907,57896591.39105386,100000000.0,5.15,-93.11097,0.0303544,2026-04-27T09:10:09.701Z,0.03853699999999999,11.172152676712912,2026-04-27 09:10:13,0,47,Neutral,37.3,14,Extreme,Small,Neutral,0,0.3040294726139625,16.841331978539046,15.536765656823404,1.3942143982427346,-93.11097
commonwealth-2,cwu,CommonWealth,0.0228191,20560445,854,303111.0,0.0234187,0.02153622,0.00103137,4.73372,4.3299880333680445,,900496850.9352007,999999338.4776913,0.03663069,-37.64151,0.01140859,2026-04-27T09:10:05.369Z,0.0018824800000000023,8.740995402164366,2026-04-27 09:10:13,0,47,Neutral,37.3,14,High,Small,Unknown,0,0.022562638488143764,16.838879690922962,12.62185765315629,2.36686,-37.64151
mezo-usd,musd,Mezo USD,1.004,20480453,855,856566.0,1.005,1.003,0.0005843,0.05824,-0.6639753035490463,0.8375198750509507,20400701.5029263,20400701.5029263,1.1,-8.99169,0.963531,2026-04-27T09:10:07.992Z,0.0020000000000000018,0.19940179461615173,2026-04-27 09:10:13,0,47,Neutral,37.3,14,Low,Small,Neutral,0,0.6951451832226183,16.834981525858627,13.660687819022538,0.44787993752547534,-8.99169
orderly-network,order,Orderly,0.054819,20448441,856,6268925.0,0.05772,0.054423,-0.002404519601850022,-4.20201,4.266186485567819,4.958130216939904,372327735.2136103,1000000000.0,0.491538,-88.89026,0.04693921,2026-04-27T09:10:06.443Z,0.0032970000000000013,6.05810043547765,2026-04-27 09:10:13,0,47,Neutral,37.3,14,High,Small,Neutral,0,0.05336918822820387,16.833417251731728,15.651115606070947,0.3780601084699522,-88.89026
jpycoin,jpyc,JPY Coin,0.00624389,20433698,857,310838.0,0.00625456,0.00621927,-3.052104876959e-06,-0.04886,-0.3703203032492964,0.5929070203458107,3275482436.95474,3275482436.95474,0.00671645,-7.13283,0.00617817,2026-04-27T09:10:09.252Z,3.529000000000032e-05,0.5674299395266699,2026-04-27 09:10:13,0,47,Neutral,37.3,14,Low,Small,Neutral,0,0.006224477682511664,16.83269600767364,12.647030372228826,0.2720235101729053,-7.13283
optio,opt,Optio,0.00131896,20378536,858,16789.22,0.00134407,0.00131498,-2.0189471649086e-05,-1.50763,-0.5795156885343499,2.9574769831292986,15450465300.93289,17410410909.25449,0.03491861,-96.21703,0.00082509,2026-04-27T09:10:07.361Z,2.9089999999999845e-05,2.212200946021981,2026-04-27 09:10:13,0,47,Neutral,37.3,14,Medium,Small,Neutral,0,0.0013180909363487286,16.82999279711734,9.728551853023266,0.7249234915646493,-96.21703
troll-2,troll,TROLL,0.02039775,20374941,859,1677234.0,0.02278741,0.01981888,-0.002270499770313444,-10.01621,-13.803002947642797,74.57419802785672,998881987.314943,998881987.314943,0.282604,-92.81678,0.00387003,2026-04-27T09:10:07.561Z,0.0029685300000000005,14.978293425259148,2026-04-27 09:10:13,0,47,Neutral,37.3,14,Extreme,Small,Bullish,0,0.02019250226544808,16.829816370461383,14.332657162174531,32.27899401392836,-92.81678
global-commercial-business,gcb,Global Commercial Business,0.01693017,20347434,860,891.13,0.0169331,0.01686013,-1.712841474599e-06,-0.01012,0.21453877560092047,-0.6880422468867003,1201844746.3739874,1201844746.3739874,0.342361,-95.05487,0.01,2026-04-27T09:10:06.387Z,7.296999999999859e-05,0.4327961884042329,2026-04-27 09:10:13,0,47,Neutral,37.3,14,Low,Small,Bearish,0,0.016788451975499514,16.828465417682594,6.793611861871295,-0.3490811234433502,-95.05487
wilder-world,wild,Wilder World,0.04237627,20344425,861,468215.0,0.04351,0.03963615,0.00264023,6.64443,17.894337112649588,114.0552389045426,479228433.03120714,499968908.6318912,7.44,-99.43036,0.0008609,2026-04-27T09:10:04.484Z,0.003873849999999998,9.773527449058493,2026-04-27 09:10:13,0,47,Neutral,37.3,14,High,Small,Bullish,0,0.041502981795777535,16.8283175256997,13.056685006885207,60.3498344522713,-99.43036
marlin,pond,Marlin,0.00247448,20281337,862,2213147.0,0.00253753,0.00243907,2.489e-05,1.01624,3.774608549567253,16.678100479839706,8202394162.0,10000000000.0,0.323362,-99.23574,0.00205413,2026-04-27T09:10:09.588Z,9.845999999999987e-05,4.036784512129618,2026-04-27 09:10:13,0,47,Neutral,37.3,14,Medium,Small,Bullish,0,0.002471423515466346,16.825211710842275,14.609926494338781,8.847170239919853,-99.23574
coindepo,coindepo,COINDEPO,0.07411,20276167,863,1306799.0,0.074425,0.074041,-3.3292810587907e-05,-0.0449,-1.004609229494657,5.419700780104256,273664950.52911603,1000000000.0,0.10004,-25.94249,0.064137,2026-04-27T09:10:08.472Z,0.00038400000000000933,0.5186315689955692,2026-04-27 09:10:13,0,47,Neutral,37.3,14,Low,Small,Neutral,0,0.07149241169862591,16.82495676419797,14.083091958709051,2.6874003900521277,-25.94249
chromaway,chr,Chromia,0.02100304,20259774,864,3288564.0,0.0225561,0.02070519,-0.001229326041015468,-5.52944,7.541109600940367,39.163604892486035,965731915.3782,965731915.3782,1.49,-98.6055,0.00874003,2026-04-27T09:10:07.151Z,0.0018509100000000007,8.939352886884887,2026-04-27 09:10:13,0,47,Neutral,37.3,14,High,Small,Bullish,0,0.020785516651161462,16.824147951096293,15.005961857378892,16.817082446243017,-98.6055
infinex-2,inx,Infinex,0.01014968,20232799,865,4046327.0,0.01010916,0.00934042,0.00060223,6.30772,19.861165134761634,-14.198096948691683,1994300001.0,10000000000.0,0.03339159,-69.88937,0.00836452,2026-04-27T09:10:09.363Z,0.0007687400000000004,8.2302508880757,2026-04-27 09:10:13,0,47,Neutral,37.3,14,High,Small,Bearish,0,0.010098517892728346,16.82281560787088,15.213320361145223,-3.9451884743458416,-69.88937
faith-tribe,ftrb,Faith Tribe,0.00612097,20200256,866,189203.0,0.00638759,0.00573954,-7.026814474074e-06,-0.11467,1.746134590034289,2.1760531315599136,3300174381.05,5000000000.0,0.07116,-91.32929,0.00173617,2026-04-27T09:10:05.040Z,0.0006480500000000007,11.290974538029193,2026-04-27 09:10:13,0,47,Neutral,37.3,14,Extreme,Small,Neutral,0,0.006102312957221368,16.821205885062778,12.150581077025482,1.030691565779957,-91.32929
usd-coinvertible,usdcv,USD CoinVertible,0.999277,20160088,867,14998429.0,1.001,0.998121,-0.00027913645180333,-0.02793,0.009684971979536106,-0.014140969365134488,20167176.0,20167176.0,1.13,-11.75366,0.978779,2026-04-27T09:10:08.613Z,0.002878999999999854,0.28844198248507485,2026-04-27 09:10:13,0,47,Neutral,37.3,14,Low,Small,Bearish,0,0.6927856152030688,16.819215415840237,16.52345608692188,-0.021035484682567246,-11.75366
egl1,egl1,EGL1,0.02096722,20149870,868,2377584.0,0.02128624,0.0209016,-0.000267739790170193,-1.26084,-7.352303145132109,-17.810251253265122,961452612.7108334,1000000000.0,0.122851,-82.94137,0.01688602,2026-04-27T09:10:07.893Z,0.00038464000000000206,1.840241895357303,2026-04-27 09:10:13,0,47,Neutral,37.3,14,Low,Small,Strong Bear,0,0.020750432888478578,16.818708444351362,14.681595824602768,-9.535545626632562,-82.94137
elephant-money,elephant,Elephant Money,4.0618e-08,20106752,869,32178.0,4.1327e-08,4.0218e-08,-2.48808033e-10,-0.60883,-0.3765895543280046,-1.5270335333631142,496871405769037.0,1000000000000000.0,6.01277e-07,-93.25105,3.28846e-13,2026-04-27T09:10:04.496Z,1.1089999999999936e-09,2.757471778805494,2026-04-27 09:10:13,0,47,Neutral,37.3,14,Medium,Small,Bearish,0,4.061799917508906e-08,16.816566286753226,10.379069344861541,-1.067931766681557,-93.25105
olaxbt,aio,OlaXBT,0.086966,20015233,870,791086.0,0.10132,0.086576,-0.014354105721315777,-14.16712,16.22500184241255,8.565116670394383,230250000.0,1000000000.0,0.204928,-57.79187,0.04432987,2026-04-27T09:10:08.151Z,0.014743999999999993,17.030123821844384,2026-04-27 09:10:13,0,47,Neutral,37.3,14,Extreme,Small,Neutral,0,0.08339032890103208,16.812004241572044,13.5811632280594,-2.8010016648028087,-57.79187
researchcoin,rsc,ResearchCoin,0.09063,19953691,871,479570.0,0.0947,0.08954,0.00035966,0.39843,27.507404850782752,32.887277201376875,220159506.80700874,999873409.7953751,1.51,-93.98559,0.00308244,2026-04-27T09:10:05.256Z,0.005160000000000012,5.7627875809694125,2026-04-27 09:10:13,0,47,Neutral,37.3,14,High,Small,Bullish,0,0.08675551092536665,16.80892474683481,13.08064723325141,16.642853600688436,-93.98559
wink,win,WINkLink,2.006e-05,19928291,872,2839882.0,2.071e-05,1.998e-05,-3.90871683673e-07,-1.91088,-0.8316854611962167,4.193149741025983,993701854154.286,993701859243.3864,0.00289424,-99.30868,1.864e-05,2026-04-27T09:10:09.705Z,7.300000000000015e-07,3.6536536536536617,2026-04-27 09:10:13,0,47,Neutral,37.3,14,Medium,Small,Neutral,0,2.00597988008907e-05,16.807650988566703,14.859273412105663,1.1411348705129916,-99.30868
tree-capital,tree,Tree,0.19597,19864254,873,10246.11,0.202588,0.195251,-0.003954443667527063,-1.97797,-2.8298475925341133,1.6426987124169987,101361867.09737062,114379782.24811225,0.429346,-54.36911,0.047353,2026-04-27T09:10:05.796Z,0.007336999999999982,3.7577272331511655,2026-04-27 09:10:13,0,47,Neutral,37.3,14,Medium,Small,Neutral,0,0.1789575716018008,16.804432443381337,9.234750993591325,-0.16763564379150064,-54.36911
power-protocol,power,Power Protocol,0.094524,19786723,874,2228376.0,0.100275,0.092459,0.00193567,2.09062,10.937149457189337,13.893577057724334,210000000.0,1000000000.0,2.46,-96.18137,0.072742,2026-04-27T09:10:09.340Z,0.007816000000000004,8.453476676148352,2026-04-27 09:10:13,0,47,Neutral,37.3,14,High,Small,Bullish,0,0.09031956556129221,16.800521765725215,14.616784075768765,7.992098528862167,-96.18137
infinit,in,INFINIT,0.06367,19781734,875,2731804.0,0.068697,0.063384,-0.003440056073343536,-5.12602,2.010987388529301,16.048508959938772,310277778.0,1000000000.0,0.306206,-79.23442,0.04496718,2026-04-27T09:10:08.216Z,0.005312999999999998,8.382241575160922,2026-04-27 09:10:13,0,47,Neutral,37.3,14,High,Small,Bullish,0,0.061725192436937845,16.800269595175614,14.820473120844298,5.461244479969386,-79.23442
orochi-network,on,Orochi Network,0.135586,19754257,876,2104555.0,0.13978,0.123698,0.00854151,6.72323,11.740382717881097,-17.002138940167224,144275000.0,700000000.0,0.388143,-64.80543,0.060622,2026-04-27T09:10:09.364Z,0.016081999999999985,13.00101860984008,2026-04-27 09:10:13,0,47,Neutral,37.3,14,Extreme,Small,Strong Bear,0,0.1271488172560779,16.798879621010865,14.559615076484729,-5.139454470083612,-64.80543
stakestone,sto,StakeStone,0.087442,19703608,877,12115416.0,0.090017,0.086433,-0.001209757928863839,-1.36462,-1.1847927814344992,-20.349593319527862,225333333.0,1000000000.0,1.71,-94.89052,0.050078,2026-04-27T09:10:07.443Z,0.003584000000000004,4.146564390915511,2026-04-27 09:10:13,0,47,Neutral,37.3,14,Medium,Small,Strong Bear,0,0.08382814922509599,16.79631237489906,16.309989331780727,-10.85710665976393,-94.89052
gama-token,gama,Gama Token,0.197875,19696928,878,140970.0,0.199232,0.194982,-6.2976704267081e-05,-0.03182,-12.74659343494916,-27.166561124132745,100028849.0,100028849.0,0.873173,-77.45858,0.194982,2026-04-27T09:10:08.054Z,0.004250000000000004,2.179688381491627,2026-04-27 09:10:13,0,47,Neutral,37.3,14,Medium,Small,Strong Bear,0,0.1805491536817892,16.795973293231494,11.856309474447691,-13.599190562066372,-77.45858
niza-global-2,niza,Niza Global,0.01005707,19692889,879,536633.0,0.01022453,0.00998791,-1.5197652299482e-05,-0.15089,-22.244083636194972,-67.67832670323703,1957964145.506361,2500000000.0,0.200762,-94.99524,5.705e-05,2026-04-27T09:10:08.447Z,0.00023662000000000162,2.3690641986161434,2026-04-27 09:10:13,0,47,Neutral,37.3,14,Medium,Small,Strong Bear,0,0.01000683420731855,16.795768214857606,13.193071576874692,-33.91460835161852,-94.99524
marcopolo,mapo,MAP Protocol,0.00317709,19679817,880,182194.0,0.0032035,0.00316139,-1.4233293618019e-05,-0.446,-9.438787236306569,-1.975821628261296,6197404200.0,9697223991.0,0.272627,-98.83154,0.0031419,2026-04-27T09:10:04.025Z,4.211000000000015e-05,1.3320090213482092,2026-04-27 09:10:13,0,47,Neutral,37.3,14,Low,Small,Bearish,0,0.0031720537139026477,16.795104201578138,12.112832821060426,-1.210910814130648,-98.83154
dodo,dodo,DODO,0.01948378,19480442,881,1896636.0,0.02009866,0.01934107,-0.000451946181538463,-2.26702,13.484558842044104,37.194631661430144,1000000000.0,1000000000.0,8.38,-99.76798,0.0129848,2026-04-27T09:10:04.686Z,0.0007575900000000024,3.917001489576339,2026-04-27 09:10:13,0,47,Neutral,37.3,14,Medium,Small,Bullish,0,0.019296401146125124,16.784921597193186,14.455592875835801,17.46380583071507,-99.76798
octra,oct,Octra,0.01936015,19360148,882,163800.0,0.02136293,0.01550458,-0.001888503464547171,-8.88764,,,1000000000.0,1000000000.0,0.081742,-76.33253,0.01550458,2026-04-27T09:10:09.243Z,0.005858349999999998,37.78464169942042,2026-04-27 09:10:13,0,47,Neutral,37.3,14,Extreme,Small,Unknown,0,0.019175126537183847,16.77872733606408,12.006407555388575,-4.44382,-76.33253
marsmi,marsmi,MarsMi,0.0193864,19304240,883,11185.19,0.01976166,0.01929567,-0.000135965527234119,-0.69646,1.6484624125504725,2.21055697387433,999999277.339893,999999277.339893,0.187525,-89.69109,0.01754483,2026-04-27T09:10:08.115Z,0.00046598999999999946,2.4149977689295032,2026-04-27 09:10:13,0,47,Neutral,37.3,14,Medium,Small,Neutral,0,0.01920087765372303,16.775835370668254,9.322435260754892,0.757048486937165,-89.69109
kernel-2,kernel,KernelDAO,0.067249,19260914,884,4966847.0,0.069588,0.06689,-0.000429655774974974,-0.63485,7.426616433107706,-14.945964794052138,286308020.0,1000000000.0,0.473196,-85.7664,0.0466818,2026-04-27T09:10:07.417Z,0.002697999999999992,4.033487815817001,2026-04-27 09:10:13,0,47,Neutral,37.3,14,Medium,Small,Bearish,0,0.0650843096679105,16.773588470993957,15.418295991648217,-7.790407397026069,-85.7664
okzoo,aiot,OKZOO,0.073138,19253617,898,9249377.0,0.085221,0.053088,0.01621551,28.48695,78.70153068580677,532.0103037118354,263250100.0,1000000000.0,2.0,-96.37576,0.00909028,2026-04-27T09:10:07.844Z,0.032133,60.52780289330922,2026-04-27 09:10:13,0,47,Neutral,37.3,14,Extreme,Small,Bullish,0,0.0705870667488189,16.773209549089994,16.040066863984435,280.2486268559177,-96.37576
ishares-20-year-treasury-bond-etf-ondo-tokenized-etf,tlton,iShares 20+ Year Treasury Bond ETF (Ondo Tokenized ETF),89.07,19249963,885,113243.0,89.35,88.93,-0.05836937154869304,-0.06549,-0.3696563014399239,1.2513555333685695,215615.8215816057,215615.8215816057,95.54,-6.5511,85.82,2026-04-27T09:10:08.255Z,0.4199999999999875,0.4722815697739654,2026-04-27 09:10:13,0,47,Neutral,37.3,14,Low,Small,Neutral,0,4.5005871457956514,16.773019748566448,11.637300061809333,0.5929327666842847,-6.5511
swarm-network,truth,Swarm Network,0.00923622,19205923,886,1077530.0,0.00950116,0.00917673,-0.000122869608415298,-1.31284,-0.3345019375402991,0.14939453497586108,2085305300.0,10000000000.0,0.050079,-81.61474,0.00843804,2026-04-27T09:10:08.537Z,0.00032443000000000055,3.5353551864335175,2026-04-27 09:10:13,0,47,Neutral,37.3,14,Medium,Small,Neutral,0,0.009193826954455506,16.770729331075486,13.890182870847807,-0.5817227325120695,-81.61474
yield-optimizer-usd,yousd,Yield Optimizer USD,1.046,19191436,887,31.6,1.046,1.046,0.000115,0.01099,0.05575042171416769,-2.5661345113756417,18341929.143952,18341929.143952,1.079,-2.98488,1.054e-12,2026-04-27T09:10:07.442Z,0.0,0.0,2026-04-27 09:10:13,0,47,Neutral,37.3,14,Low,Small,Bearish,0,0.7158866675294348,16.76997474793174,3.484312288372662,-1.2775722556878208,-2.98488
catizen,cati,Catizen,0.04648352,19122698,888,2646360.0,0.04800122,0.0462612,-0.000804771483056167,-1.70184,2.2787295083685364,-5.813995268187621,411801457.57,1000000000.0,1.11,-95.79655,0.03651096,2026-04-27T09:10:06.857Z,0.001740019999999995,3.761294562181688,2026-04-27 09:10:13,0,47,Neutral,37.3,14,Medium,Small,Bearish,0,0.045435515049390224,16.766386616713106,14.788696046701709,-3.7579176340938103,-95.79655
alphabet-xstock,googlx,Alphabet xStock,345.4,19104847,889,3800028.0,345.73,343.1,1.064,0.3091,2.0112814776600487,26.046480057467324,55315.55769152921,407121.5076483005,350.38,-1.59157,169.43,2026-04-27T09:10:07.671Z,2.6299999999999955,0.7665403672398704,2026-04-27 09:10:13,0,47,Neutral,37.3,14,Low,Small,Bullish,0,5.84759417668828,16.765452682799037,15.150519256246442,13.177790028733662,-1.59157
moonwell-artemis,well,Moonwell,0.00423558,19093563,890,2575536.0,0.00437469,0.00416908,5.125e-05,1.22483,0.10713356063384027,0.5349015341337202,4529877852.0,5000000000.0,0.298797,-98.58216,0.00298508,2026-04-27T09:10:05.145Z,0.0002056099999999993,4.931783510990417,2026-04-27 09:10:13,0,47,Neutral,37.3,14,Medium,Small,Neutral,0,0.004226635179804494,16.764861872881166,14.761568614027082,0.8798657670668601,-98.58216
aurora-near,aurora,Aurora,0.02725587,19075671,891,240201.0,0.02787115,0.02764725,-0.000518021322998677,-1.86514,-6.513520296918375,-3.2669052269574848,699862094.0,999806099.0,35.4,-99.92154,0.02359788,2026-04-27T09:10:05.059Z,0.0002238999999999991,0.8098454638345554,2026-04-27 09:10:13,0,47,Neutral,37.3,14,Low,Small,Bearish,0,0.026891043050769902,16.763924363872054,12.389235514988027,-2.5660226134787423,-99.92154
jpyc,jpyc,JPY Coin v1,0.0075802,19035426,892,1146.89,0.00774883,0.00749024,-9.2642811651614e-05,-1.20741,5.488220910324728,15.132665215232938,2511204026.472816,2511204026.472816,0.01558731,-51.37337,0.0002071,2026-04-27T09:10:04.923Z,0.0002585900000000004,3.4523593369504906,2026-04-27 09:10:13,0,47,Neutral,37.3,14,Medium,Small,Bullish,0,0.00755161464821959,16.761812379908573,7.045680753473265,6.9626276076164695,-51.37337
saucerswap,sauce,SaucerSwap,0.02119043,19014518,893,74535.0,0.02156356,0.02115538,-0.000308083561999857,-1.43305,1.3800105377777452,4.46643316867787,897318140.852884,1000000000.0,0.233467,-90.92353,0.00997926,2026-04-27T09:10:05.288Z,0.00040817999999999757,1.9294382800025223,2026-04-27 09:10:13,0,47,Neutral,37.3,14,Low,Small,Neutral,0,0.020969035013430955,16.76071340320546,11.219037509130262,1.5166915843389353,-90.92353
max-token,max,MAX,0.288047,18988969,894,25700.0,0.289157,0.287749,0.00029813,0.10361,-0.7497005364561377,1.3770712236662919,65931156.49581612,285000000.0,0.696947,-58.60128,0.05479,2026-04-27T09:10:07.680Z,0.0014080000000000203,0.4893153408004964,2026-04-27 09:10:13,0,47,Neutral,37.3,14,Low,Small,Neutral,0,0.2531271176996229,16.75936884224428,10.154285180632154,0.7403406118331459,-58.60128
metamui,mmui,MetaMUI,0.03973337,18908794,895,540972.0,0.03980093,0.03946852,-8.33871141101e-06,-0.02098,-0.07650809272976572,-2.2584496001483854,475892034.452127,800000000.0,0.935688,-95.75371,0.02861165,2026-04-27T09:10:04.507Z,0.00033240999999999826,0.8422155175821091,2026-04-27 09:10:13,0,47,Neutral,37.3,14,Low,Small,Bearish,0,0.03896430528359288,16.75513771570631,13.201124649004635,-1.1397148000741928,-95.75371
incrypt,inc,Incrypt,0.00292415,18880974,896,98192.0,0.00301459,0.00290578,-3.3381516098576e-05,-1.12869,-4.766776334652987,-0.29670057907264236,6459600000.0,20999998785.70802,0.03726259,-92.19024,0.00165921,2026-04-27T09:10:10.275Z,0.00010880999999999998,3.7446055792248543,2026-04-27 09:10:13,0,47,Neutral,37.3,14,Medium,Small,Bearish,0,0.002919882989617194,16.753665359297383,11.494690208706073,-0.7126952895363212,-92.19024
hydradx,hdx,Hydration,0.0031882,18868349,897,34192.0,0.00330584,0.00316968,-0.000105315006243876,-3.19764,3.0874611796071845,64.88452540322062,5918174822.0,6422921278.131422,0.03993264,-92.0296,0.00180375,2026-04-27T09:10:04.229Z,0.0001361600000000002,4.295701774311608,2026-04-27 09:10:13,0,47,Neutral,37.3,14,Medium,Small,Bullish,0,0.003183128466895522,16.75299647314004,10.439776223738649,30.84344270161031,-92.0296
nxusd,nxusd,NXUSD,0.990956,18792520,899,5.15,1.011,0.990925,-0.000116347017788621,-0.01174,-1.6991370487605513,0.12422726783359231,18963850.98382207,18963850.98382207,2.43,-59.1938,0.03444433,2026-04-27T09:10:05.011Z,0.020074999999999954,2.0258849055175676,2026-04-27 09:10:13,0,47,Neutral,37.3,14,Medium,Small,Neutral,0,0.688614925390349,16.74896952950021,1.8164520818184267,0.056243633916796154,-59.1938
nillion,nil,Nillion,0.04191926,18788933,900,6931194.0,0.04501604,0.04156975,-0.001657697073133228,-3.80407,9.59857341555652,32.58338042189055,448417374.996,1000000000.0,0.897077,-95.33296,0.0301985,2026-04-27T09:10:06.443Z,0.0034462899999999977,8.290379422536814,2026-04-27 09:10:13,0,47,Neutral,37.3,14,High,Small,Bullish,0,0.041064454724404106,16.748778637475894,15.751542794972686,14.389655210945277,-95.33296
velodrome-finance,velo,Velodrome Finance,0.01626688,18766451,901,3280226.0,0.0168967,0.01623803,-0.000136131557892764,-0.82992,6.757543150131877,15.462873398698795,1152972152.039722,2448652455.528612,0.407515,-96.00597,0.00557275,2026-04-27T09:10:05.263Z,0.0006586700000000001,4.056341809936304,2026-04-27 09:10:13,0,47,Neutral,37.3,14,Medium,Small,Bullish,0,0.016135991828038203,16.74758136565525,15.003423185282683,7.316476699349398,-96.00597
hundred,hundred,HUNDRED,0.00020839,18755157,902,1389.3,0.00020967,0.00020776,-4.6453917358e-07,-0.22242,2.0531975917580736,11.503258162506837,89999999969.50905,89999999969.50905,0.00020967,-0.59883,8.02e-06,2026-04-27T09:10:05.735Z,1.909999999999987e-06,0.9193299961493968,2026-04-27 09:10:13,0,47,Neutral,37.3,14,Low,Small,Bullish,0,0.00020836828982002056,16.746979365882794,7.237274830175497,5.640419081253419,-0.59883
electroneum,etn,Electroneum,0.00103996,18698712,903,436790.0,0.00105176,0.00102641,9.85e-06,0.95614,0.7988260695977659,1.5367762167467456,17979817604.56,17979817604.56,0.207854,-99.49991,0.00084381,2026-04-27T09:10:03.965Z,2.5350000000000155e-05,2.4697732874777287,2026-04-27 09:10:13,0,47,Neutral,37.3,14,Medium,Small,Neutral,0,0.0010394196162184278,16.743965255926955,12.987210098804955,1.2464581083733728,-99.49991
jpy-coin,jpyc,JPY Coin,0.0070892,18644584,904,90.56,0.00757234,0.00707572,-3.2520036645849e-05,-0.45663,-1.3772354688125603,5.579730619049513,2630000000.0,2630000000.0,0.079633,-91.10304,0.0009003,2026-04-27T09:10:05.041Z,0.0004966200000000006,7.018649692186811,2026-04-27 09:10:13,0,47,Neutral,37.3,14,High,Small,Neutral,0,0.007064189753871063,16.741066313369334,4.516994495084366,2.5615503095247565,-91.10304
joe,joe,JOE,0.04593719,18538269,905,2659681.0,0.04776455,0.04580281,-0.001072828618438569,-2.28213,-2.2186358406867095,23.275854061299363,403574248.5492458,499707918.9306487,5.09,-99.09825,0.02658814,2026-04-27T09:10:10.405Z,0.0019617400000000035,4.283012330466195,2026-04-27 09:10:13,0,47,Neutral,37.3,14,Medium,Small,Bullish,0,0.04491331603864254,16.73534780198981,14.793717124739166,10.496862030649682,-99.09825
huobi-token,ht,Huobi,0.169374,18528409,906,113267.0,0.175712,0.167272,-0.002840030160056822,-1.64913,-0.6942683070756368,-0.9866780424609324,109395689.2524321,109395689.2524321,39.66,-99.57295,0.145929,2026-04-27T09:10:05.312Z,0.008440000000000003,5.045674111626574,2026-04-27 09:10:13,0,47,Neutral,37.3,14,High,Small,Bearish,0,0.15646856288818167,16.734815787780143,11.637511971112945,-1.3179040212304662,-99.57295
edexa,edx,edeXa,0.02528071,18518384,907,2934.8,0.02528686,0.0248029,1.039e-05,0.04111,143.1269784645449,148.30126791704708,732469445.2454572,2500000000.0,0.07137,-64.57805,0.00051047,2026-04-27T09:10:07.095Z,0.00048396000000000203,1.951223445645477,2026-04-27 09:10:13,0,47,Neutral,37.3,14,Low,Small,Bullish,0,0.024966438511266,16.734274580356146,7.984735267523133,74.17118895852354,-64.57805
moviebloc,mbl,MovieBloc,0.00095143,18368403,908,2049959.0,0.00096124,0.0009441,-8.60636721686e-07,-0.09038,-2.4765301309554255,1.8429526882594287,19305887214.0,30000000000.0,0.0450322,-97.89273,0.00042973,2026-04-27T09:10:09.589Z,1.7140000000000015e-05,1.8154856477068122,2026-04-27 09:10:13,0,47,Neutral,37.3,14,Low,Small,Neutral,0,0.0009509776773570357,16.72614257263307,14.533330838729103,0.8762863441297144,-97.89273
chainflip,flip,Chainflip,0.203352,18348948,909,106084.0,0.204941,0.199851,0.00331629,1.65785,1.011300683672769,-0.5266680440466024,90232888.00491485,91608857.00491485,9.48,-97.85364,0.191282,2026-04-27T09:10:04.996Z,0.005090000000000011,2.546897438591756,2026-04-27 09:10:13,0,47,Neutral,37.3,14,Medium,Small,Bearish,0,0.18511099602173678,16.725082855620208,11.571995938547216,0.5655909779766988,-97.85364
meme-horse,mhorse,MEME HORSE,0.01833527,18331467,910,615983.0,0.01834477,0.0183274,-2.633932526318e-06,-0.01436,-28.600405759379694,-55.27995880820755,999999999.0,999999999.0,0.04677669,-60.81032,0.01028842,2026-04-27T09:10:03.787Z,1.736999999999919e-05,0.0947761275467289,2026-04-27 09:10:13,0,47,Neutral,37.3,14,Low,Small,Strong Bear,0,0.018169205753967865,16.72412970389767,13.330976268152352,-27.64715940410378,-60.81032
apertum,aptm,Apertum,0.201507,18283443,911,784668.0,0.205735,0.199414,-0.000127692136926316,-0.06333,-15.567802712070932,-15.4670612048999,90733392.037884,94904117.276919,2.08,-90.29349,0.188788,2026-04-27T09:10:07.478Z,0.006320999999999993,3.1697874773085104,2026-04-27 09:10:13,0,47,Neutral,37.3,14,Medium,Small,Strong Bear,0,0.18357660222818503,16.721506508870554,13.573017251791681,-7.765195602449951,-90.29349
radix,xrd,Radix,0.00136095,18265168,912,1617.06,0.00138118,0.00133911,2.179e-05,1.6273,5.407163751224762,3.776057058915853,13420996715.40627,13421516725.75386,0.651264,-99.79103,0.00101084,2026-04-27T09:10:06.847Z,4.207000000000017e-05,3.141638849683758,2026-04-27 09:10:13,0,47,Neutral,37.3,14,Medium,Small,Neutral,0,0.0013600247469357167,16.720506470837755,7.3889831797491805,2.7016785294579266,-99.79103
re-protocol-reusde,reusde,Re Protocol reUSDe,1.33,18247915,913,114697.0,1.34,1.31,-0.004171236308840642,-0.31258,1.0258988752557268,-0.285503600947963,13717325.14654841,13717325.14654841,1.64,-18.85244,1.045,2026-04-27T09:10:07.451Z,0.030000000000000027,2.2900763358778646,2026-04-27 09:10:13,0,47,Neutral,37.3,14,Medium,Small,Bearish,0,0.8458682675776092,16.719561439691574,11.650057866173809,-0.29904180047398154,-18.85244
moonbeam,glmr,Moonbeam,0.01666121,18232493,914,5607349.0,0.01907218,0.01652379,-0.000984815580186767,-5.58095,19.9707759138475,60.301828859408815,1094306003.0,1228416183.0,19.5,-99.9151,0.00995258,2026-04-27T09:10:05.053Z,0.002548390000000001,15.422551363821501,2026-04-27 09:10:13,0,47,Neutral,37.3,14,Extreme,Small,Bullish,0,0.016523934723692266,16.71871594475779,15.539588795130173,27.360439429704407,-99.9151
verified-emeralds,verem,Verified Emeralds,7.26,18147410,915,98920.0,7.41,6.97,-0.009016456350560809,-0.12406,-6.494571007142751,-38.9017640266929,2499999.693824176,50000000.0,390.06,-98.13901,5.53,2026-04-27T09:10:09.597Z,0.4400000000000004,6.312769010043047,2026-04-27 09:10:13,0,47,Neutral,37.3,14,High,Small,Strong Bear,0,2.1114245875328868,16.71403846387232,11.50207683076339,-19.51291201334645,-98.13901
concierge-io,ava,AVA (Travala),0.250752,18094156,916,4978566.0,0.270353,0.248746,-0.019600164378793472,-7.24985,9.99648171123464,32.32743501540756,72161693.0,72161693.0,6.45,-96.12074,0.01218947,2026-04-27T09:10:05.502Z,0.021607000000000015,8.686370836113953,2026-04-27 09:10:13,0,47,Neutral,37.3,14,High,Small,Bullish,0,0.22374497042547453,16.71109962643965,15.420652656588556,12.538792507703779,-96.12074
404-gen,sn17,404—GEN,3.93,18072249,917,287375.0,4.03,3.8,0.109007,2.85095,12.16291990953217,9.037802740899641,4586435.754396252,4586435.754396252,15.38,-74.46112,1.67,2026-04-27T09:10:07.655Z,0.23000000000000043,6.05263157894738,2026-04-27 09:10:13,0,47,Neutral,37.3,14,High,Small,Neutral,0,1.5953389880545987,16.709888170588965,12.568546741833243,5.94437637044982,-74.46112
punkstrategy,pnkstr,PunkStrategy,0.01926261,18063356,918,969998.0,0.02201203,0.01904612,-0.001341292092600706,-6.50989,43.38697441401271,72.25333975890315,935539442.1472102,935539442.1472102,0.31653,-93.91628,0.00698235,2026-04-27T09:10:08.330Z,0.0029659099999999987,15.57225303631395,2026-04-27 09:10:13,0,47,Neutral,37.3,14,Extreme,Small,Bullish,0,0.019079434482735844,16.709395969078162,13.7850503195512,32.87172487945158,-93.91628
enso,enso,Enso,0.871291,17964943,919,93173996.0,1.14,0.8626,-0.17959288440850418,-17.08969,10.52833701486033,-16.965578708040393,20590000.0,100000000.0,4.63,-81.16987,0.541666,2026-04-27T09:10:07.969Z,0.27739999999999987,32.15859030837003,2026-04-27 09:10:13,0,47,Neutral,37.3,14,Extreme,Small,Strong Bear,0,0.6266285669993118,16.70393286135262,18.349979238581557,-17.027634354020197,-81.16987
abey,abey,Abey,0.01722771,17919844,920,20197.0,0.01730699,0.01715654,-4.1102607466377e-05,-0.23802,4.334421842423918,43.52217370088311,1040175921.514562,1337467187.513584,1.31,-98.68735,0.00907321,2026-04-27T09:10:04.867Z,0.0001504499999999999,0.8769250676418431,2026-04-27 09:10:13,0,47,Neutral,37.3,14,Low,Small,Bullish,0,0.01708099564189575,16.70141931592008,9.913338868586502,21.642076850441555,-98.68735
fluent-network,blend,Fluent,0.089608,17916082,921,18091628.0,0.101084,0.088325,0.00106408,1.20176,,,200000000.0,1000000000.0,0.273717,-67.51364,0.088235,2026-04-27T09:10:03.983Z,0.012758999999999993,14.445513727710152,2026-04-27 09:10:13,0,47,Neutral,37.3,14,Extreme,Small,Unknown,0,0.08581799853006349,16.701209359029118,16.710959903068485,0.60088,-67.51364
solayer,layer,Solayer,0.084932,17828518,922,9887844.0,0.089631,0.084582,-0.003787869188163165,-4.26948,1.9810726264988088,11.041390688392095,210000000.0,1000000000.0,3.39,-97.50019,0.072869,2026-04-27T09:10:07.818Z,0.005048999999999998,5.969355181953604,2026-04-27 09:10:13,0,47,Neutral,37.3,14,High,Small,Bullish,0,0.08151731221734028,16.696309924134837,16.106816782990403,3.3859553441960477,-97.50019
gaib-aid,aid,GAIB AID,0.997946,17813533,923,0.995451,,,,,-0.0270188955493976,-0.03930869402428486,17850198.06210385,17850198.06210385,1.23,-18.77672,0.574183,2026-04-25T22:32:41.574Z,,,2026-04-27 09:10:13,0,47,Neutral,37.3,14,Unknown,Small,Bearish,0,0.692119652834098,16.695469063431165,0.6908700899558554,-0.01965434701214243,-18.77672
royal-euro,reur,Royal Euro,1.17,17625007,924,60196472.0,1.18,1.17,0.00376634,0.32161,-0.0526411432556709,2.104009811671836,15000000.0,5000000000.0,1.18,-0.86938,1.14,2026-04-27T09:10:03.830Z,0.010000000000000009,0.8547008547008554,2026-04-27 09:10:13,0,47,Neutral,37.3,14,Low,Small,Neutral,0,0.7747271675523681,16.684829360563214,17.913124320522837,1.212809905835918,-0.86938
qkacoin,qka,Qkacoin,0.554183,17549811,925,539.58,0.577863,0.546544,-0.022981967743749165,-3.98187,0.5503581970689752,7.374761824855389,31668129.0,31668129.0,2.5,-77.83092,0.15587,2026-04-27T09:10:07.288Z,0.031318999999999986,5.730371205246052,2026-04-27 09:10:13,0,47,Neutral,37.3,14,High,Small,Neutral,0,0.4409500056299791,16.68055379556806,6.292642637227534,1.6964459124276945,-77.83092
hegic,hegic,Hegic,0.01627885,17543469,926,57.16,0.01629738,0.01606103,0.00015493,0.96087,0.6015944430579122,14.103581900229676,1077684725.0,1077684725.0,0.642093,-97.46472,0.0048443,2026-04-27T00:55:44.999Z,0.00023634999999999975,1.4715743635370817,2026-04-27 09:10:13,0,47,Neutral,37.3,14,Low,Small,Bullish,0,0.016147770160819076,16.680192358865217,4.063197833225264,7.532225950114838,-97.46472
griffain,griffain,GRIFFAIN,0.01748891,17446554,927,2134608.0,0.01805127,0.01692329,-0.000562364084930746,-3.11537,5.153032460537689,65.18196873452506,999850931.553812,999850931.553812,0.62487,-97.23031,0.00734736,2026-04-27T09:10:09.014Z,0.0011279800000000006,6.665252442048801,2026-04-27 09:10:13,0,47,Neutral,37.3,14,High,Small,Bullish,0,0.01733773901231634,16.67465276591914,14.573794049699718,31.03329936726253,-97.23031
smardex,sdex,SMARDEX,0.00178074,17437691,928,118771.0,0.00178563,0.00178024,-2.86079317975e-06,-0.16039,-2.3141870769242145,-14.184858296599371,9792407441.064207,9866238302.32036,0.02634045,-93.23924,0.00169891,2026-04-27T09:10:05.487Z,5.390000000000082e-06,0.30276816608997004,2026-04-27 09:10:13,0,47,Neutral,37.3,14,Low,Small,Bearish,0,0.0017791563622788344,16.67414462823793,11.684960967895682,-7.172624148299685,-93.23924
nova-3,sn68,NOVA,4.11,17426186,929,240018.0,4.24,4.09,-0.005078274702176699,-0.12332,2.1282494238356002,-33.996486754174526,4228610.725367585,4228610.725367585,14.03,-70.70508,1.72,2026-04-27T09:10:07.740Z,0.15000000000000036,3.6674816625916957,2026-04-27 09:10:13,0,47,Neutral,37.3,14,Medium,Small,Strong Bear,0,1.631199404215613,16.673484632807263,12.38847336585728,-17.059903377087263,-70.70508
yei-finance,clo,Yei Finance,0.133484,17287884,930,4584039.0,0.140953,0.118678,0.0140336,11.74846,13.740936894422234,95.39889009419645,129100000.0,1000000000.0,0.910057,-85.30744,0.053637,2026-04-27T09:10:09.246Z,0.02227499999999999,18.76927484453731,2026-04-27 09:10:13,0,47,Neutral,37.3,14,Extreme,Small,Bullish,0,0.1252960752945815,16.66551652513378,15.338091263342132,53.57367504709822,-85.30744
georgeplaysclashroyale,clash,GeorgePlaysClashRoyale,0.0172558,17201217,931,419775.0,0.01811675,0.01553406,0.00170332,10.9521,-8.280691702542558,-25.82800969284352,999689340.0202,999689340.0202,0.082293,-79.10153,0.00429789,2026-04-27T09:10:08.507Z,0.0025826900000000003,16.625981874667666,2026-04-27 09:10:13,0,47,Neutral,37.3,14,Extreme,Small,Strong Bear,0,0.017108609530004173,16.66049075322998,12.947476514653408,-7.43795484642176,-79.10153
metadium,meta,Metadium,0.01003404,17188156,932,329409.0,0.0099735,0.00961528,0.00031343,3.22442,4.192765420652349,6.6092761601308485,1733608720.0,2000000000.0,0.452667,-97.83833,0.00295026,2026-04-27T09:10:07.005Z,0.00035821999999999937,3.7255285337504405,2026-04-27 09:10:13,0,47,Neutral,37.3,14,Medium,Small,Neutral,0,0.009984033255532768,16.659731158115036,12.705058454491954,4.916848080065424,-97.83833
degate,dg,DeGate,0.04418984,17110903,933,541.73,0.04445108,0.04386565,6.432e-05,0.14576,-0.9477358758652891,-1.0747698938207442,387216318.0,1000000000.0,0.601878,-92.658,0.0129632,2026-04-27T09:10:04.772Z,0.0005854299999999979,1.3345978003289543,2026-04-27 09:10:13,0,47,Neutral,37.3,14,Low,Small,Bearish,0,0.04324131201018508,16.655226479072326,6.29661195870128,-0.4645049469103721,-92.658
splendor,spld,Splendor,0.455586,17106516,934,72192.0,0.459968,0.39684,0.058342,14.68664,78.08530044942847,68.42113149584273,37548310.0,26000000000.0,9.97,-95.43174,0.142772,2026-04-27T09:10:09.223Z,0.06312799999999996,15.907670597721992,2026-04-27 09:10:13,0,47,Neutral,37.3,14,Extreme,Small,Bullish,0,0.3754085686826837,16.654970059979608,11.187098367272093,41.55388574792136,-95.43174
dora-2,dora,DORA,0.01703062,17030658,935,50014.0,0.01723911,0.01703049,-0.000173232379447826,-1.00694,-5.699556965711005,4.5577850326413865,1000000000.0,1000000000.0,0.576132,-97.04071,0.01614547,2026-04-27T09:10:08.078Z,0.00020861999999999964,1.2249794339446467,2026-04-27 09:10:13,0,47,Neutral,37.3,14,Low,Small,Neutral,0,0.016887224774439914,16.65052574830827,10.820078239419281,1.7754225163206931,-97.04071
initia,init,Initia,0.087565,16995461,936,8898797.0,0.093222,0.087319,-0.003319143644014422,-3.65207,-4.395461246614358,13.044731230578673,194352189.102888,1000000000.0,1.42,-93.85916,0.058401,2026-04-27T09:10:08.119Z,0.0059030000000000055,6.7602698152750325,2026-04-27 09:10:13,0,47,Neutral,37.3,14,High,Small,Bullish,0,0.08394125230948249,16.648456925208883,16.001426769401686,4.6963306152893365,-93.85916
capybobo,pybobo,Capybobo,0.00072423,16983532,937,4915716.0,0.00074232,0.00072084,-1.4777644402323e-05,-1.99967,-5.4459497243196,-7.18132858887018,23450000000.0,100000000000.0,0.00112111,-35.02901,0.0004692,2026-04-27T09:10:09.400Z,2.1479999999999937e-05,2.9798568336940146,2026-04-27 09:10:13,0,47,Neutral,37.3,14,Medium,Small,Bearish,0,0.0007239678720065525,16.647754785519933,15.407948180883265,-4.59049929443509,-35.02901
openkaito,sn5,OpenKaito,4.72,16937070,938,84147.0,4.88,4.66,0.0385777,0.82414,-3.774431386895182,5.574065693631579,3581581.69620474,3581581.69620474,26.03,-81.89317,2.26,2026-04-27T09:10:07.651Z,0.21999999999999975,4.72103004291845,2026-04-27 09:10:13,0,47,Neutral,37.3,14,Medium,Small,Neutral,0,1.7439688053917064,16.64501532787014,11.34033243225392,3.1991028468157894,-81.89317
strikecoin,strx,StrikeX,0.01920202,16896196,939,7120.22,0.02023536,0.01911489,-0.000895459934278826,-4.45558,-3.503389348372796,-13.878590054261398,880273574.7414407,880273574.7414407,0.332212,-94.22537,2.651e-05,2026-04-27T09:10:04.626Z,0.0011204700000000019,5.861765356745458,2026-04-27 09:10:13,0,47,Neutral,37.3,14,High,Small,Bearish,0,0.019019987780422597,16.642599124984546,8.870834338042183,-9.1670850271307,-94.22537
gigachad-2,giga,Gigachad,0.00175431,16850893,940,1238091.0,0.00183972,0.001739,-7.2618607388536e-05,-3.97491,-9.360517337525971,-1.3501510780954618,9604136902.35,9604136902.35,0.095127,-98.16483,1.244e-05,2026-04-27T09:10:06.079Z,0.00010071999999999989,5.791834387579062,2026-04-27 09:10:13,0,47,Neutral,37.3,14,High,Small,Bearish,0,0.0017527729955376006,16.639914269735026,14.029082042874297,-2.6625305390477307,-98.16483
capx-ai,capx,Capx AI,0.164353,16846335,941,629522.0,0.165804,0.164217,-0.001442819066684503,-0.87024,-2.427812883780852,0.6404953235043312,102500000.0,1000000000.0,0.301788,-45.48815,0.163012,2026-04-27T09:10:09.230Z,0.001587000000000005,0.966404209064838,2026-04-27 09:10:13,0,47,Neutral,37.3,14,Low,Small,Neutral,0,0.15216556793864172,16.639643743046168,13.352717668733156,-0.11487233824783438,-45.48815
gains-network,gns,Gains Network,0.687266,16786077,942,990685.0,0.707864,0.686304,-0.014114129347154059,-2.01234,2.250897339096792,-5.597865106082572,24424611.0,24424611.0,12.48,-94.48436,0.265841,2026-04-27T09:10:05.085Z,0.021560000000000024,3.141465006760856,2026-04-27 09:10:13,0,47,Neutral,37.3,14,Medium,Small,Bearish,0,0.5231094674827701,16.636060410343532,13.806152911439046,-3.805102553041286,-94.48436
solidus-aitech,aitech,Solidus Ai Tech,0.00936949,16716743,943,68948.0,0.01016809,0.00929751,-0.000487945721312404,-4.95003,-33.00066936612435,64.80325157290318,1784154431.0,1986052500.0,0.493943,-98.10419,0.00502937,2026-04-27T09:10:04.960Z,0.0008705799999999993,9.363582292463244,2026-04-27 09:10:13,0,47,Neutral,37.3,14,High,Small,Bullish,0,0.009325868590455465,16.631921409815043,11.14112237985304,29.92661078645159,-98.10419
usp-yield-optimized-stablecoin,usp,USP Yield Optimized Stablecoin,1.085,16709991,944,9654.13,1.086,1.077,-0.00123836011483025,-0.11402,0.1566393799531048,0.6855685489886579,15403685.67394834,15403685.67394834,1.12,-3.46425,0.93478,2026-04-27T09:10:09.231Z,0.009000000000000119,0.8356545961002897,2026-04-27 09:10:13,0,47,Neutral,37.3,14,Low,Small,Neutral,0,0.7347688552507647,16.631517421816227,9.175244659298121,0.28577427449432896,-3.46425
syndicate-3,synd,Syndicate,0.03481351,16665157,945,2511969.0,0.03686322,0.03465559,-0.000202285489457298,-0.5777,1.726930786271686,-7.159036184029412,478700000.0,1000000000.0,2.61,-98.66596,0.0186662,2026-04-27T09:10:08.423Z,0.002207630000000002,6.370198862578885,2026-04-27 09:10:13,0,47,Neutral,37.3,14,High,Small,Bearish,0,0.03422122690744262,16.628830750627127,14.736577863823753,-3.868368092014706,-98.66596
omega-labs,sn24,OMEGA Labs,3.76,16647707,946,1676215.0,3.98,3.67,0.01756602,0.46983,-12.29122057784653,-26.313749875879015,4431944.297915997,4431944.297915997,7.07,-47.29679,0.465522,2026-04-27T09:10:07.722Z,0.31000000000000005,8.446866485013626,2026-04-27 09:10:13,0,47,Neutral,37.3,14,High,Small,Strong Bear,0,1.5602476682433286,16.627783107257386,14.332049430001696,-12.921959937939507,-47.29679
coinmarketcap-20-index-dtf,cmc20,CoinMarketCap 20 Index DTF,156.91,16540766,947,3027781.0,160.47,156.42,-0.4494877744882615,-0.28564,2.8978564492070427,14.810633850891286,105414.9768249023,105414.9768249023,205.92,-23.80558,122.88,2026-04-27T09:10:09.407Z,4.050000000000011,2.589182968929812,2026-04-27 09:10:13,0,47,Neutral,37.3,14,Medium,Small,Bullish,0,5.062025250478552,16.62133861891512,14.923340896231748,7.262496925445642,-23.80558
shardus,ult,Shardus,0.03762925,16540189,948,2.03,,,,,0.9652512161517804,16.77570066758044,439556760.33010703,1000000000.0,2.19,-98.28461,9.995e-05,2026-04-25T02:04:53.669Z,,,2026-04-27 09:10:13,0,47,Neutral,37.3,14,Unknown,Small,Bullish,0,0.03693854367673568,16.621303734797348,1.1085626195212777,8.38785033379022,-98.28461
stbl,stbl,STBL,0.03310571,16528703,949,2027994.0,0.03354325,0.03228037,0.00048991,1.50208,0.3905469071526355,-0.28005756347766897,500000000.0,10000000000.0,0.599171,-94.47871,0.02689035,2026-04-27T09:10:08.558Z,0.001262879999999994,3.9122228152898924,2026-04-27 09:10:13,0,47,Neutral,37.3,14,Medium,Small,Bearish,0,0.03256951791248474,16.620609063819728,14.522558178206937,0.6110112182611656,-94.47871
bonfida,fida,Bonfida,0.01668261,16516568,950,2411617.0,0.01736485,0.01659123,-0.000590396959610832,-3.41803,4.335404846715512,26.523612447176546,990910820.840271,1000000000.0,18.77,-99.91148,0.01221703,2026-04-27T09:10:04.439Z,0.0007736200000000026,4.662824877962651,2026-04-27 09:10:13,0,47,Neutral,37.3,14,Medium,Small,Bullish,0,0.016544983795462917,16.61987461683571,14.695808449493898,11.552791223588272,-99.91148
newton-protocol,newt,Newton Protocol,0.07682,16504387,951,4288165.0,0.081711,0.076143,-0.00489134853781624,-5.98613,2.224329274807178,7.658472547141017,215000000.0,1000000000.0,0.820552,-90.65517,0.060491,2026-04-27T09:10:08.274Z,0.0055680000000000035,7.312556636854345,2026-04-27 09:10:13,0,47,Neutral,37.3,14,High,Small,Neutral,0,0.07401225328710305,16.619136842909136,15.271369693670026,0.8361712735705082,-90.65517
mey-network,mey,Mey Network,0.061484,16369808,952,314896.0,0.062801,0.060582,7.849e-05,0.12781,-9.992116480115538,-31.09961646454264,266880094.53905484,2300000000.0,0.49165,-87.50373,0.02205244,2026-04-27T09:10:07.111Z,0.0022189999999999988,3.6628041332408947,2026-04-27 09:10:13,0,47,Neutral,37.3,14,Medium,Small,Strong Bear,0,0.059667929037683115,16.61094928159446,12.66000088020982,-15.485903232271319,-87.50373
goatseus-maximus,goat,Goatseus Maximus,0.0163979,16344014,953,4025595.0,0.01709621,0.01623018,-0.00036422397341275,-2.1729,-0.5841021849592642,8.195643484239353,999980728.291589,999980728.291589,1.35,-98.78977,0.01393137,2026-04-27T09:10:06.847Z,0.0008660300000000003,5.335923569547598,2026-04-27 09:10:13,0,47,Neutral,37.3,14,High,Small,Neutral,0,0.016264906346035068,16.609372333247162,15.208183532407011,3.0113717421196764,-98.78977
dolomite,dolo,Dolomite,0.03469881,16314280,954,2223847.0,0.03460323,0.03302645,0.00101647,3.01782,5.7451132557517255,14.87176675713761,470246547.6069758,998434315.6888658,0.366425,-90.59171,0.0290226,2026-04-27T09:10:07.505Z,0.0015767799999999998,4.774294542707436,2026-04-27 09:10:13,0,47,Neutral,37.3,14,Medium,Small,Bullish,0,0.034110379536292444,16.607551417164103,14.614749586693222,8.944793378568805,-90.59171
dogs-2,dogs,Dogs,3.144e-05,16253414,956,5246195.0,3.326e-05,3.129e-05,-1.233915514315e-06,-3.77628,-3.1227694292473274,19.997449767894764,516750000000.0,550000000000.0,0.00163299,-98.07548,2.375e-05,2026-04-27T09:10:06.749Z,1.9699999999999964e-06,6.295941195270043,2026-04-27 09:10:13,0,47,Neutral,37.3,14,High,Small,Bullish,0,3.1439505773558954e-05,16.60381359850695,15.473013800510488,8.110584883947382,-98.07548
rujira,ruji,Rujira,0.217993,16240494,955,15162.19,0.218336,0.206723,0.00477163,2.23787,27.49813038228206,6.021398800919283,74500000.0,100000000.0,1.74,-87.46367,0.082979,2026-04-27T09:10:07.474Z,0.011613000000000012,5.617662282377874,2026-04-27 09:10:13,0,47,Neutral,37.3,14,High,Small,Neutral,0,0.1972044221447537,16.603018372528858,9.626626059224312,4.129634400459642,-87.46367
keep-network,keep,Keep Network,0.02950552,16219415,957,1474.91,0.04860009,0.02930184,-6.9962087748555e-05,-0.23655,0.4569704805822358,0.6488264736891758,549716300.2685891,1000000000.0,6.1,-99.51635,0.01905196,2026-04-27T09:10:05.827Z,0.01929825,65.86019854043296,2026-04-27 09:10:13,0,47,Neutral,37.3,14,Extreme,Small,Neutral,0,0.02907860929746174,16.601719601071164,7.297030027691574,0.20613823684458787,-99.51635
ishares-core-msci-eafe-etf-ondo-tokenized-etf,iefaon,iShares Core MSCI EAFE ETF (Ondo Tokenized ETF),95.65,16216709,958,127868.0,96.73,91.87,-0.3367278323033105,-0.35079,-2.0502502456591034,4.879780274297872,169474.2051636736,169474.7503918578,107.39,-11.03369,84.07,2026-04-27T09:10:08.311Z,4.859999999999999,5.290083814085119,2026-04-27 09:10:13,0,47,Neutral,37.3,14,High,Small,Neutral,0,4.57109620565434,16.601552750072603,11.758761581331997,2.264495137148936,-11.03369
nineteen-ai,sn19,Nineteen.ai,3.84,16203946,959,426189.0,3.94,3.69,0.150592,4.07843,10.472075962173239,-20.042102398750398,4208108.037772781,4208108.037772781,17.11,-77.57576,1.91,2026-04-27T09:10:07.772Z,0.25,6.775067750677508,2026-04-27 09:10:13,0,47,Neutral,37.3,14,High,Small,Strong Bear,0,1.5769147207285403,16.600765412502035,12.962640535208555,-7.9818361993751985,-77.57576
unit-fartcoin,ufart,Unit Fartcoin,0.202848,16196973,960,1454.18,0.213605,0.198803,0.00385065,1.93503,3.903393024819334,19.719971746783365,80098772.31,1000000000.0,1.69,-88.02035,0.138696,2026-04-27T09:10:08.005Z,0.014801999999999982,7.44556168669486,2026-04-27 09:10:13,0,47,Neutral,37.3,14,High,Small,Bullish,0,0.1846920782199159,16.60033499263171,7.282884883294182,10.827500873391683,-88.02035
yfsx,yfsx,YFSX,808.2,16112016,961,3250.35,820.55,801.77,-8.517057558840747,-1.04284,-0.15375318633740748,,19999.0,19999.0,837.86,-3.8775,711.26,2026-04-27T09:10:03.906Z,18.779999999999973,2.3423176222607447,2026-04-27 09:10:13,0,47,Neutral,37.3,14,Medium,Small,Unknown,0,6.696046105293591,16.595075949054124,8.086825573690861,-0.52142,-3.8775
bob-build-on-bitcoin,bob,BOB (Build on Bitcoin),0.00569174,16058782,962,3369978.0,0.00621849,0.00550966,-0.000292020905857357,-4.88023,-14.592694088447045,-0.9535439152157479,2821997567.0,10000000000.0,0.02929111,-80.68325,0.00506725,2026-04-27T09:10:07.454Z,0.0007088299999999997,12.865222173419044,2026-04-27 09:10:13,0,47,Neutral,37.3,14,Extreme,Small,Bearish,0,0.005675603249722908,16.59176648528031,15.030417070855123,-2.9168869576078738,-80.68325
infinity-ground,ain,Infinity Ground,0.087149,16028404,963,4033568.0,0.0916,0.062138,0.02382474,37.62313,58.07623757830969,47.75526734702423,185300000.0,1000000000.0,0.203488,-57.70105,0.02680057,2026-04-27T09:10:08.031Z,0.029462000000000002,47.41382085036532,2026-04-27 09:10:13,0,47,Neutral,37.3,14,Extreme,Small,Bullish,0,0.08355867326223854,16.589873018699443,15.210162149943974,42.68919867351212,-57.70105
zcoin,firo,Firo,0.865542,16018804,964,455867.0,0.969163,0.855408,-0.031456961848050136,-3.50691,11.906223696027974,43.24654431206957,18521669.54435479,18521669.54435479,139.77,-99.38171,0.279591,2026-04-27T09:10:06.641Z,0.11375500000000005,13.298332491629733,2026-04-27 09:10:13,0,47,Neutral,37.3,14,Extreme,Small,Bullish,0,0.6235516274969322,16.58927390256502,13.029958572906718,19.869817156034784,-99.38171
zkpass,zkp,zkPass,0.079225,15980669,965,5571628.0,0.088694,0.078659,-0.002351197354516679,-2.88221,14.73183298514506,12.897750294373028,201666667.0,1000000000.0,0.23286,-66.01427,0.066135,2026-04-27T09:10:09.274Z,0.010034999999999988,12.757599257554746,2026-04-27 09:10:13,0,47,Neutral,37.3,14,Extreme,Small,Bullish,0,0.07624319095073277,16.586890424832735,15.53319802875052,5.0077701471865135,-66.01427
striker,stkri,Striker,0.30339,15966462,966,8169.27,0.303479,0.303378,-5.5140427583367e-05,-0.01817,-0.011788889464668153,9.346012466840019,52627198.0,1000000000.0,0.341653,-11.1994,0.277113,2026-04-27T09:10:08.454Z,0.00010100000000001774,0.03329180098755274,2026-04-27 09:10:13,0,47,Neutral,37.3,14,Low,Small,Neutral,0,0.26496856264488206,16.586001017890553,9.008257235043603,4.66392123342001,-11.1994
zerebro,zerebro,Zerebro,0.01601749,15941760,967,6705303.0,0.01678739,0.01474867,-0.000769898674802573,-4.58617,14.804589738013801,150.4679108446787,999950619.357007,999950619.357007,0.784071,-97.94867,0.00580864,2026-04-27T09:10:07.024Z,0.002038719999999999,13.82307692829251,2026-04-27 09:10:13,0,47,Neutral,37.3,14,Extreme,Small,Bullish,0,0.015890563575050323,16.584452702012186,15.718409412969152,72.94087042233934,-97.94867
lucidum,lucic,Lucidum,0.096204,15739010,968,61912.0,0.09823,0.095667,-0.001092343202674678,-1.1227,-4.084149250700382,-17.664408465317056,163730997.91747832,207830997.91747832,0.57327,-83.23785,0.095667,2026-04-27T09:10:09.247Z,0.002562999999999996,2.6790847418650063,2026-04-27 09:10:13,0,47,Neutral,37.3,14,Medium,Small,Strong Bear,0,0.09185330259238772,16.571652965434314,11.033485452777471,-9.393554232658527,-83.23785
banana-gun,banana,Banana Gun,3.92,15722210,969,2815039.0,4.08,3.88,-0.009080320349114768,-0.23132,5.828167977363371,21.212606852692627,4016415.732856428,8402893.465936832,78.62,-95.04265,3.19,2026-04-27T09:10:05.800Z,0.20000000000000018,5.154639175257737,2026-04-27 09:10:13,0,47,Neutral,37.3,14,High,Small,Bullish,0,1.5933085305042167,16.570584983930175,14.850487029046446,10.490643426346313,-95.04265
araracoin,arara,Araracoin,0.00043309,15699399,970,15316.33,0.00043365,0.00043217,2.34213e-07,0.05411,0.10261348014530096,1.6428901935751967,36250000000.0,100000000000.0,0.00107827,-59.84532,0.00020025,2026-04-27T09:10:07.424Z,1.4799999999999926e-06,0.34245782909503036,2026-04-27 09:10:13,0,47,Neutral,37.3,14,Low,Small,Neutral,0,0.00043299624359494754,16.569133053027755,9.636740146121378,0.8485000967875984,-59.84532
czs-dog,broccoli,CZ's Dog,0.01625538,15699185,971,13751255.0,0.01713074,0.01579832,0.00033476,2.10269,15.625805325014227,36.53590755218862,968447446.9228765,968447446.9228765,0.257985,-93.72996,0.0105676,2026-04-27T09:10:07.447Z,0.0013324199999999974,8.43393474749212,2026-04-27 09:10:13,0,47,Neutral,37.3,14,High,Small,Bullish,0,0.01612467583881,16.569119421840668,16.43664072335966,19.31929877609431,-93.72996
elsa,elsa,Elsa,0.068543,15689900,972,4735747.0,0.076763,0.067957,-0.008219116262140794,-10.70719,1.2129385241901163,10.32175706254817,228980000.0,1000000000.0,0.400424,-82.89327,0.058795,2026-04-27T09:10:09.531Z,0.008805999999999994,12.95819415218446,2026-04-27 09:10:13,0,47,Neutral,37.3,14,Extreme,Small,Bullish,0,0.06629603829909762,16.568527814937873,15.370650244670845,-0.19271646872591575,-82.89327
eitherway,either,Eitherway,0.160761,15683826,973,4598767.0,0.189803,0.124162,0.02366654,17.26289,115.1924525957299,44.77607243216843,99999932.90254126,99999932.90254126,0.189803,-19.74705,0.07133,2026-04-27T09:10:05.401Z,0.065641,52.86722185531806,2026-04-27 09:10:13,0,47,Neutral,37.3,14,Extreme,Small,Bullish,0,0.14907582450447932,16.568140611984123,15.341298999500555,31.019481216084213,-19.74705
stake-link,sdl,stake.link,0.259426,15676635,974,1455.68,0.27089,0.258862,-0.007165714444462956,-2.6879,-0.2819027166046811,11.291085598998148,60428583.03,100000000.0,1.56,-83.40654,0.072039,2026-04-27T09:10:05.341Z,0.012028000000000039,4.646491180629076,2026-04-27 09:10:13,0,47,Neutral,37.3,14,Medium,Small,Bullish,0,0.23065606161087426,16.567682009053037,7.283915152697713,4.301592799499074,-83.40654
data-ownership-protocol-2,dop2,Data Ownership Protocol 2,0.00300596,15636808,975,131525.0,0.00311038,0.00299137,-1.6175148816134e-05,-0.53522,-8.420512652934901,-15.91456676195426,5208417666.636762,23389584274.2122,0.04226095,-92.89621,0.00253478,2026-04-27T09:10:09.204Z,0.00011900999999999969,3.9784446591361045,2026-04-27 09:10:13,0,47,Neutral,37.3,14,Medium,Small,Strong Bear,0,0.003001451135623397,16.565138244131877,11.786959829687383,-8.22489338097713,-92.89621
spike-4,spike,SPIKE,0.01548635,15635096,976,2345364.0,0.01714435,0.01301404,-8.1900207202442e-05,-0.52607,102.77261704381444,,999997748.042958,999997748.042958,0.01728944,-9.44082,0.00301762,2026-04-27T09:10:04.667Z,0.00413031,31.73733905843228,2026-04-27 09:10:13,0,47,Neutral,37.3,14,Extreme,Small,Unknown,0,0.015367660293605019,16.565028752884256,14.667951598070092,-0.263035,-9.44082
ponke,ponke,PONKE,0.02815434,15633155,977,2001752.0,0.02885755,0.02807128,-0.000463914751926333,-1.62105,0.9057482707534296,-0.34318233774022916,555474270.4482491,555535582.9446698,0.836512,-96.63696,0.00927982,2026-04-27T09:10:05.983Z,0.0007862699999999986,2.800976656568559,2026-04-27 09:10:13,0,47,Neutral,37.3,14,Medium,Small,Bearish,0,0.027765291950434444,16.56490460140048,14.509533854622404,-0.9821161688701147,-96.63696
ao-computer,ao,ao Computer,2.55,15601266,978,294376.0,2.57,2.53,-0.00871279571740402,-0.34116,-4.716485668865111,-3.5385437190694495,6129093.0,6129093.0,50.01,-94.9,2.28,2026-04-27T09:10:06.441Z,0.040000000000000036,1.5810276679841913,2026-04-27 09:10:13,0,47,Neutral,37.3,14,Low,Small,Bearish,0,1.2669476034873244,16.562862686870485,12.592616537784941,-1.9398518595347247,-94.9
xsgd,xsgd,XSGD,0.785261,15575836,979,609978.0,0.785426,0.78356,0.00145879,0.18612,-0.1757085396971874,1.332613933517727,19834525.995569,19834525.995569,1.36,-42.0981,0.620483,2026-04-27T09:10:04.609Z,0.0018659999999999233,0.23814385624584244,2026-04-27 09:10:13,0,47,Neutral,37.3,14,Low,Small,Neutral,0,0.5795646230301162,16.56123136116175,13.32117980932739,0.7593669667588635,-42.0981
h2o-2,h2o,H2O,7.44,15475289,980,595846.0,7.64,7.39,-0.08399290088752398,-1.11689,-0.8595006941503773,5.361259595147305,2081067.091258008,2081067.091258008,23.24,-68.07688,6.86,2026-04-27T09:10:07.853Z,0.25,3.3829499323410013,2026-04-27 09:10:13,0,47,Neutral,37.3,14,Medium,Small,Neutral,0,2.132982308607866,16.554755116262413,13.297739201682077,2.1221847975736527,-68.07688
codatta,xny,Codatta,0.00617218,15421493,981,11485441.0,0.00660817,0.00614555,-0.000393896827650026,-5.99897,14.452566932241586,-7.6025958433366885,2500000000.0,10000000000.0,0.02844115,-78.2672,0.00218802,2026-04-27T09:10:08.061Z,0.0004626200000000004,7.527723311989984,2026-04-27 09:10:13,0,47,Neutral,37.3,14,High,Small,Bearish,0,0.006153210114040747,16.551272808565734,16.256590878345218,-6.800782921668344,-78.2672
capybara-nation,bara,Capybara Nation,1.54384e-07,15343050,982,5529.09,1.56651e-07,1.53507e-07,-8.94263958e-10,-0.57591,0.7709500304000568,-6.039214626877155,100000000000000.0,100000000000000.0,2.211e-05,-99.30539,1.48292e-07,2026-04-27T09:10:06.938Z,3.1439999999999916e-09,2.0481150696710846,2026-04-27 09:10:13,0,47,Neutral,37.3,14,Medium,Small,Bearish,0,1.5438398808279149e-07,16.546173225913215,8.617959369248322,-3.3075623134385777,-99.30539
altura-2,avlt,Altura Vault Tokens,1.068,15331573,983,16815.83,1.071,1.062,0.00277107,0.26006,0.6400985338540985,1.5581600625667233,14364714.254358,14364714.254358,1.076,-0.75154,1.041,2026-04-27T09:10:03.877Z,0.008999999999999897,0.8474576271186344,2026-04-27 09:10:13,0,47,Neutral,37.3,14,Low,Small,Neutral,0,0.7265819566461827,16.545424920071788,9.730135449653199,0.9091100312833617,-0.75154
celer-network,celr,Celer Network,0.0027097,15294873,984,2689863.0,0.00293384,0.00269837,-9.9591956716155e-05,-3.54509,7.627221871883676,11.534801305421444,5645454935.82688,10000000000.0,0.194843,-98.61183,0.00095575,2026-04-27T09:10:06.974Z,0.0002354700000000002,8.726379258589454,2026-04-27 09:10:13,0,47,Neutral,37.3,14,High,Small,Bullish,0,0.002706035381473517,16.54302829754694,14.805001192679125,3.994855652710722,-98.61183
collect-on-fanable,collect,Collect on Fanable,0.02840963,15260891,985,4928984.0,0.03174013,0.02759441,-0.000821244515477524,-2.80951,-26.767232899597186,-33.56798338710594,537000000.0,3000000000.0,0.116018,-75.62318,0.02664161,2026-04-27T09:10:09.367Z,0.004145719999999999,15.023767494938282,2026-04-27 09:10:13,0,47,Neutral,37.3,14,Extreme,Small,Strong Bear,0,0.028013560426431605,16.54080403558538,15.410643642469251,-18.18874669355297,-75.62318
make-aliens-great-again,maga,Make Aliens Great Again,0.01561724,15257232,986,4521204.0,0.02017702,0.01526517,-0.003245885574976275,-17.20757,606.8915239019185,,978225207.956043,978225207.956043,0.02937572,-47.3432,0.00027677,2026-04-27T09:10:04.638Z,0.004911850000000001,32.17684441116608,2026-04-27 09:10:13,0,47,Neutral,37.3,14,Extreme,Small,Unknown,0,0.015496545891390988,16.5405642436573,15.32428910919919,-8.603785,-47.3432
firmachain,fct,Firmachain,0.01311965,15251636,987,857214.0,0.01369146,0.01299404,-7.7127555995558e-05,-0.58444,1.4746212100820217,9.302933938411382,1163459345.013549,1172645153.171797,0.44136,-97.03426,0.01117282,2026-04-27T09:10:09.653Z,0.0006974200000000007,5.367229899246121,2026-04-27 09:10:13,0,47,Neutral,37.3,14,High,Small,Neutral,0,0.013034332802929075,16.540197399519005,13.661444041261868,4.3592469692056905,-97.03426
origin-protocol,ogn,Origin Token,0.02302581,15239831,988,5136489.0,0.02386468,0.02289326,-0.000591126583336134,-2.50298,2.325119612585606,10.49711689730425,662104870.0,1409664846.0,3.35,-99.31601,0.01846534,2026-04-27T09:10:07.135Z,0.0009714200000000006,4.243257622549172,2026-04-27 09:10:13,0,47,Neutral,37.3,14,Medium,Small,Bullish,0,0.022764716367745522,16.539423084539965,15.451880524785592,3.9970684486521253,-99.31601
brla-digital-brla,brla,BRLA Digital BRLA,0.199791,15239736,989,56005.0,0.200073,0.199406,-0.000281741481281905,-0.14082,0.32713455378157247,5.081609708133402,76341100.7839857,76341100.7839857,0.202053,-1.17263,0.075673,2026-04-27T09:10:06.595Z,0.0006670000000000009,0.3344934455332342,2026-04-27 09:10:13,0,47,Neutral,37.3,14,Low,Small,Neutral,0,0.18214737495851277,16.539416850856018,10.933214106835043,2.470394854066701,-1.17263
vine,vine,Vine,0.01521454,15214002,990,5980412.0,0.01591556,0.01511115,-0.000534656799675024,-3.39482,-19.336039078932014,-0.8565628434438527,999970130.614225,999970130.614225,0.469941,-96.77226,0.01474548,2026-04-27T09:10:07.306Z,0.0008044099999999985,5.3232877709505795,2026-04-27 09:10:13,0,47,Neutral,37.3,14,High,Small,Bearish,0,0.015099959616502108,16.537726811726166,15.604000187087188,-2.1256914217219265,-96.77226
vultisig,vult,Vultisig,0.152072,15207187,991,182737.0,0.177755,0.127557,0.0004727,0.31181,2.3962290073612653,-0.9286960692736665,100000000.0,100000000.0,1.24,-87.74685,0.0303,2026-04-27T09:10:07.439Z,0.05019799999999999,39.35338711321212,2026-04-27 09:10:13,0,47,Neutral,37.3,14,Extreme,Small,Bearish,0,0.14156206032065588,16.53727876877387,12.115808711981392,-0.3084430346368333,-87.74685
burnie-senders,burnie,Burnie Senders,0.01570376,15193224,992,11628286.0,0.02388115,0.01577265,-0.001736046113372764,-9.95451,296.5091882822002,,969970394.713087,969970394.713087,0.02388115,-32.68833,0.00184751,2026-04-27T09:10:04.673Z,0.008108500000000001,51.40860920644281,2026-04-27 09:10:13,0,47,Neutral,37.3,14,Extreme,Small,Unknown,0,0.015581731836942994,16.536360162767966,16.268951222158858,-4.977255,-32.68833
coldint,sn29,Coldint,3.46,15051569,993,8800.31,3.56,3.41,0.04211858,1.23384,1.7209342980100228,-25.06056287635086,4346890.413013099,4346890.413013099,5.4,-36.02281,0.645858,2026-04-27T09:10:07.925Z,0.1499999999999999,4.398826979472139,2026-04-27 09:10:13,0,47,Neutral,37.3,14,Medium,Small,Strong Bear,0,1.4951487660319727,16.526992862655195,9.082655853023569,-11.91336143817543,-36.02281
royal-dollar,rusd,Royal Dollar,0.999982,15002652,994,132550499.0,1.001,0.999262,0.00032316,0.03233,0.05149982394770965,-0.016156202409500782,15000000.0,5000000000.0,1.002,-0.23108,0.997861,2026-04-27T09:10:03.940Z,0.0017379999999999063,0.17392835912902785,2026-04-27 09:10:13,0,47,Neutral,37.3,14,Low,Small,Bearish,0,0.693138180519445,16.523737610094084,18.70247426285364,0.008086898795249608,-0.23108
layer3,l3,Layer3,0.01030429,14983275,995,6024981.0,0.01316802,0.01021056,-0.000605980790856091,-5.55422,-2.636761302442681,8.777945644975832,1458196421.406565,3333333333.0,0.154039,-93.3191,0.00662921,2026-04-27T09:10:06.683Z,0.0029574600000000003,28.964718879277925,2026-04-27 09:10:13,0,47,Neutral,37.3,14,Extreme,Small,Neutral,0,0.010251562706020265,16.522445203732612,15.611425049784662,1.611862822487916,-93.3191
avail,avail,Avail,0.00392339,14982239,996,1531783.0,0.00428731,0.00386719,8.57e-06,0.21896,-1.8671896036232896,-17.18884750789293,3799977709.0,10654307507.0,0.239543,-98.36231,0.0034305,2026-04-27T09:10:06.312Z,0.00042011999999999996,10.863702067909774,2026-04-27 09:10:13,0,47,Neutral,37.3,14,Extreme,Small,Strong Bear,0,0.003915713577303065,16.522376057584726,14.241943627175242,-8.484943753946466,-98.36231
argentine-football-association-fan-token,arg,Argentine Football Association Fan Token,0.840913,14944266,997,2425788.0,0.88793,0.783258,0.03902824,4.86706,20.066079214673298,45.11286040575548,17777500.0,20000000.0,9.19,-90.87194,0.424316,2026-04-27T09:10:04.881Z,0.10467199999999999,13.363668165534214,2026-04-27 09:10:13,0,47,Neutral,37.3,14,Extreme,Small,Bullish,0,0.6102616442087132,16.51983830599351,14.701667390260107,24.98996020287774,-90.87194
bitmind,sn34,BitMind,3.48,14937450,998,60672.0,3.59,3.43,0.03527567,1.02487,-0.3113213462063823,-23.465047347510257,4310821.809519881,4310821.809519881,11.75,-70.50763,2.12,2026-04-27T09:10:07.845Z,0.1599999999999997,4.664723032069961,2026-04-27 09:10:13,0,47,Neutral,37.3,14,Medium,Small,Strong Bear,0,1.4996230464268938,16.519382107315895,11.013254067546377,-11.220088673755129,-70.50763
bone-shibaswap,bone,Bone ShibaSwap,0.059657,14912604,999,1647254.0,0.062328,0.059205,-0.000643834568406783,-1.06771,5.7592153436105376,0.037620856569207925,249888076.70956254,249999401.8248471,15.5,-99.61593,0.0,2026-04-27T09:10:04.598Z,0.0031230000000000008,5.274892323283507,2026-04-27 09:10:13,0,47,Neutral,37.3,14,High,Small,Neutral,0,0.057945270853423186,16.517717386436445,14.314620824133426,-0.515044571715396,-99.61593
polyswarm,nct,PolySwarm,0.00790138,14899398,1000,465074.0,0.00808144,0.00776051,1.031e-05,0.13062,9.608956782929686,28.39469313242125,1885500781.9581056,1885913076.0,0.171845,-95.42463,0.00059593,2026-04-27T09:10:05.450Z,0.0003209300000000005,4.135424089396193,2026-04-27 09:10:13,0,47,Neutral,37.3,14,Medium,Small,Bullish,0,0.007870327561208586,16.516831434531717,13.049953961886189,14.262656566210625,-95.42463
