coin_id,symbol,name,price_usd,market_cap_usd,market_cap_rank,volume_24h_usd,high_24h_usd,low_24h_usd,price_change_24h_usd,price_change_pct_24h,price_change_pct_7d,price_change_pct_30d,circulating_supply,total_supply,all_time_high_usd,ath_change_percentage,all_time_low_usd,last_updated,volatility_24h_usd,volatility_24h_pct,scraped_at,news_mentions,fear_greed_score,fear_greed_label,fear_greed_7d_avg,sentiment_shift,volatility_category,risk_tier,market_signal,is_stablecoin,log_price,log_market_cap,log_volume,momentum_score,pct_below_ath,price_to_ath_ratio,volume_to_mcap_ratio,supply_utilization,high_news_coin,mcap_volume_spread,target
bitcoin,btc,Bitcoin,77834.0,1557902791627,1,38279932.75,79400.0,77595.0,-158.6494871734467,-0.20341,4.137571399299011,17.015694866368182,20021365.0,20021365.0,126080.0,-38.26574,67.81,2026-04-27 09:09:57.434000+00:00,1805.0,2.326180810619241,2026-04-27 09:10:13,0,47,Neutral,37.3,14,Medium,Mega,Bullish,0,11.26234648046995,28.07436166838051,17.460436393878773,10.128052919820908,-38.26574,0.6173381979695431,2.457145141258926e-05,1.0,0,10.613925274501739,1
ethereum,eth,Ethereum,2320.39,279914034732,2,38279932.75,2398.26,2311.6,-10.31477714282164,-0.44256,1.048677199862433,15.679053926542394,120688626.1016112,120688626.1016112,4946.05,-53.08604,0.432979,2026-04-27 09:09:58.153000+00:00,86.66000000000031,3.7489184980100494,2026-04-27 09:10:13,0,47,Neutral,37.3,14,Medium,Mega,Bullish,0,7.749921423179917,26.357748374165023,17.460436393878773,9.230408355925437,-53.08604,0.46914002082469847,0.00013675603221057,1.0,0,8.89731198028625,1
tether,usdt,Tether,1.0,189765201459,3,38279932.75,1.0,0.999996,-0.0001116883554654,-0.01117,-0.0110756188708913,0.0697420000340488,189764620606.9445,195231560644.4962,1.32,-24.41806,0.572521,2026-04-27 09:09:57.644000+00:00,4.000000000004e-06,0.0004000016000068,2026-04-27 09:10:13,0,47,Neutral,37.3,14,Low,Mega,Neutral,1,0.6931471805599453,25.969053363109445,17.460436393878773,0.03737720002042928,-24.41806,0.7575757575757576,0.0002017226153988545,0.9719976625730784,0,8.508616969230673,0
ripple,xrp,XRP,1.42,87509582210,4,38279932.75,1.45,1.41,-0.0072575197256483,-0.50896,0.372974290176256,5.921757133097913,61684942428.0,99985673125.0,3.65,-61.09331,0.00268621,2026-04-27 09:09:57.343000+00:00,0.04,2.836879432624116,2026-04-27 09:10:13,0,47,Neutral,37.3,14,Medium,Mega,Neutral,0,0.883767540168595,25.195014135296947,17.460436393878773,3.349470279858748,-61.09331,0.38904109589041097,0.0004374370415589258,0.6169378121891801,0,7.734577741418175,1
binancecoin,bnb,BNB,628.55,84675056132,5,38279932.75,639.5,625.93,-2.122651934721034,-0.33657,0.6859775503223037,2.648124460862115,134786288.66,134786288.66,1369.99,-54.12026,0.0398177,2026-04-27 09:09:57.034000+00:00,13.57000000000005,2.1679740546067534,2026-04-27 09:10:13,0,47,Neutral,37.3,14,Medium,Mega,Neutral,0,6.445005278447709,25.162086898572966,17.460436393878773,1.4542466765172688,-54.12026,0.45879896933554254,0.0004520803941402222,1.0,0,7.701650504694193,1
usd-coin,usdc,USDC,0.999906,77757583256,6,38279932.75,1.0,0.999693,0.00013743,0.01375,0.0201258754924543,0.0041472435198166,77762797142.81718,77765322311.70363,1.043,-4.17412,0.877647,2026-04-27 09:09:57.315000+00:00,0.0003069999999999,0.0307094277943274,2026-04-27 09:10:13,0,47,Neutral,37.3,14,Low,Mega,Neutral,1,0.6931001794554107,25.076861917101727,17.460436393878773,0.00798834611188996,-4.17412,0.9586826462128476,0.0004922983861776107,0.999967528342822,0,7.616425523222954,1
solana,sol,Solana,85.57,49266750691,7,38279932.75,88.01,85.18,-0.9913391134771956,-1.14525,1.0753300920480129,2.459414379409853,575850761.3719546,625176636.8657355,293.31,-70.82635,0.500801,2026-04-27 09:09:57.244000+00:00,2.8299999999999983,3.3223761446348887,2026-04-27 09:10:13,0,47,Neutral,37.3,14,Medium,Mega,Neutral,0,4.460953335227682,24.620515262311923,17.460436393878773,1.0175486276459118,-70.82635,0.2917391156114691,0.0007769932502772694,0.9211008975942038,0,7.16007886843315,1
tron,trx,TRON,0.324082,30701757217,8,38279932.75,0.324258,0.322981,0.0004114,0.1271,-1.9469954572308208,4.078709467608899,94784066247.7524,94784069494.8281,0.431288,-24.85714,0.00180434,2026-04-27 09:09:44.941000+00:00,0.0012769999999999,0.3953792947572682,2026-04-27 09:10:13,0,47,Neutral,37.3,14,Low,Mega,Neutral,0,0.2807193891317575,24.147585728272844,17.460436393878773,2.498065680565339,-24.85714,0.7514282799428688,0.0012468319803142687,0.9999999657423899,0,6.687149334394071,0
figure-heloc,figr_heloc,Figure Heloc,1.02,17448486350,9,28914.0,,,,,-1.4404859486502968,-1.0120546937511872,17106359167.107,17106359167.107,1.049,-2.77553,0.155357,2026-04-26 04:17:44.424000+00:00,,,2026-04-27 09:10:13,0,47,Neutral,37.3,14,Unknown,Mega,Bearish,0,0.7030975114131134,23.5825187397695,10.272115770592318,-0.6072328162507122,-2.77553,0.9723546234509057,1.6571064916470535e-06,1.0,0,13.310402969177183,0
dogecoin,doge,Dogecoin,0.098278,15132154124,10,38279932.75,0.100724,0.097749,-7.3344723077726e-05,-0.07457,4.130480569879291,7.965645876758338,153999396383.7052,154000276383.7052,0.731578,-86.56632,8.69e-05,2026-04-27 09:09:44.686000+00:00,0.0029749999999999,3.0435093965155566,2026-04-27 09:10:13,0,47,Neutral,37.3,14,Medium,Mega,Neutral,0,0.09374349865460743,23.44008772903408,17.460436393878773,4.749559526055003,-86.56632,0.13433700849396785,0.0025297080928674263,0.9999942857245411,0,5.979651335155307,1
whitebit,wbt,WhiteBIT Coin,54.91,11720621246,11,38279932.75,56.13,54.76,-0.3015651033289686,-0.54617,1.3333121751806871,6.615699485996143,213418274.0,319541866.0,64.11,-14.36036,3.06,2026-04-27 09:09:43.240000+00:00,1.3700000000000043,2.501826150474808,2026-04-27 09:10:13,0,47,Neutral,37.3,14,Medium,Mega,Neutral,0,4.0237432550385535,23.184615627113644,17.460436393878773,3.7509516915976855,-14.36036,0.8564966463890188,0.0032660327423398423,0.6678883010591169,0,5.724179233234871,1
usds,usds,USDS,0.999699,11024492147,12,13546012.0,0.999903,0.999569,2.566e-05,0.00257,-0.0109867861356506,-0.0070218774070437,11027702312.34781,11027702312.34781,1.15,-13.22182,0.948265,2026-04-27 09:09:44.099000+00:00,0.0003339999999999,0.0334144016070871,2026-04-27 09:10:13,0,47,Neutral,37.3,14,Low,Mega,Bearish,0,0.6929966692336839,23.123385193544888,16.421602818449422,-0.00318512644422622,-13.22182,0.8693034782608696,0.0012287198194146439,1.0,0,6.7017823750954655,0
hyperliquid,hype,Hyperliquid,42.47,10121616206,13,38279932.75,43.51,40.98,1.32,3.19766,3.8940456142880655,7.967327628418759,238385315.9541414,962274028.9541414,59.3,-28.37824,3.81,2026-04-27 09:09:44.316000+00:00,2.530000000000001,6.173743289409471,2026-04-27 09:10:13,0,47,Neutral,37.3,14,High,Mega,Neutral,0,3.772071045000701,23.037939192303377,17.460436393878773,6.059460577051255,-28.37824,0.7161888701517707,0.003781998049610695,0.24773121666105158,0,5.577502798424604,1
leo-token,leo,LEO Token,10.37,9557086556,14,539016.0,10.41,10.25,0.087251,0.84838,1.9497965116628413,8.260307080128914,920746300.9,985239504.0,10.41,-0.38363,0.799859,2026-04-27 09:09:46.277000+00:00,0.1600000000000001,1.560975609756099,2026-04-27 09:10:13,0,47,Neutral,37.3,14,Low,Large,Neutral,0,2.4309783077624445,22.980548764111067,13.197502389282445,5.295536248077348,-0.38363,0.9961575408261286,5.6399614761425624e-05,0.9345405834437592,0,9.783046374828622,1
cardano,ada,Cardano,0.248007,9168213649,15,38279932.75,0.25574,0.246848,-0.0034429807698455,-1.36925,0.7175329413438749,0.0144208053056444,36968110460.71545,45000000000.0,3.09,-91.96586,0.01925275,2026-04-27 09:09:46.741000+00:00,0.008892,3.6022167487684777,2026-04-27 09:10:13,0,47,Neutral,37.3,14,Medium,Large,Neutral,0,0.22154787890586466,22.939008300530336,17.460436393878773,-0.5390475168166134,-91.96586,0.08026116504854369,0.004175288034891649,0.8215135657936766,0,5.478571906651563,1
bitcoin-cash,bch,Bitcoin Cash,447.58,8964753792,16,38279932.75,457.52,446.44,-6.2084119610580615,-1.36814,1.5165404368102584,-6.489679267913656,20026587.39665078,20026668.64665078,3785.82,-88.17754,76.93,2026-04-27 09:09:55.170000+00:00,11.079999999999984,2.481856464474506,2026-04-27 09:10:13,0,47,Neutral,37.3,14,Medium,Large,Bearish,0,6.10608703794468,22.916566480491976,17.460436393878773,-4.441063560748193,-88.17754,0.11822537785737303,0.004270048418302396,0.9999959429098552,0,5.456130086613204,1
monero,xmr,Monero,390.34,7221508657,17,38279932.75,404.03,382.13,2.56,0.65997,10.327771395965556,19.338117306254127,18446744.07370955,18446744.07370955,797.73,-51.06896,0.216177,2026-04-27 09:09:48.182000+00:00,21.899999999999977,5.731033941328861,2026-04-27 09:10:13,0,47,Neutral,37.3,14,High,Large,Bullish,0,5.969576747349953,22.70032972342467,17.460436393878773,11.866858383752476,-51.06896,0.4893134268486831,0.005300822109088555,1.0,0,5.239893329545897,1
chainlink,link,Chainlink,9.33,6785564677,18,38279932.75,9.58,9.31,-0.0924157011608386,-0.98035,1.6708139815521736,8.609335787603262,727099970.4523476,1000000000.0,52.7,-82.28641,0.148183,2026-04-27 09:09:46.746000+00:00,0.2699999999999996,2.900107411385602,2026-04-27 09:10:13,0,47,Neutral,37.3,14,Medium,Large,Neutral,0,2.3350522831315472,22.638063351236013,17.460436393878773,4.773461472561957,-82.28641,0.17703984819734345,0.0056413776262057725,0.7270999704523476,0,5.177626957357241,1
zcash,zec,Zcash,360.06,6000967795,19,38279932.75,363.4,350.51,4.07,1.14406,16.17483987414858,63.20230554022091,16676489.2280448,16680817.3530448,3191.93,-88.71982,16.08,2026-04-27 09:09:44.427000+00:00,12.889999999999986,3.67749850218253,2026-04-27 09:10:13,0,47,Neutral,37.3,14,Medium,Large,Bullish,0,5.889044149508512,22.51518659250046,17.460436393878773,38.37900732413255,-88.71982,0.11280322563464738,0.006378959870755313,0.9997405327983397,0,5.0547501986216865,1
canton-network,cc,Canton,0.149022,5723009388,20,5156238.0,0.15174,0.148914,-0.0017071881335726,-1.13262,-1.6838858088850754,1.6454224475253374,38400602265.74723,38400602265.74723,0.194152,-23.22429,0.059024,2026-04-27 09:09:46.018000+00:00,0.002826,1.897739634957105,2026-04-27 09:10:13,0,47,Neutral,37.3,14,Low,Large,Neutral,0,0.13891114576773678,22.467760620945157,15.45571799572952,0.5342054685152023,-23.22429,0.7675532572417487,0.0009009661963531974,1.0,0,7.012042625215637,0
stellar,xlm,Stellar,0.168415,5608163182,21,38279932.75,0.173318,0.167721,-0.0022849991916041,-1.3386,-0.0189623033997098,1.5576319401832806,33283659461.26029,50001786868.73495,0.875563,-80.7574,0.00047612,2026-04-27 09:09:41.396000+00:00,0.0055969999999999,3.337089571371498,2026-04-27 09:10:13,0,47,Neutral,37.3,14,Medium,Large,Neutral,0,0.15564812951819595,22.44748908450785,17.460436393878773,0.3991391641099683,-80.7574,0.19235052189277071,0.006825752302084137,0.6656494006631561,0,4.987052690629078,0
memecore,m,MemeCore,4.2,5435428820,22,16826231.0,4.46,4.18,-0.1271467767632526,-2.94058,20.341706964746702,95.5040186959026,1294864207.06448,5362150110.169038,4.82,-12.98114,0.04746135,2026-04-27 09:09:56.218000+00:00,0.2800000000000002,6.698564593301441,2026-04-27 09:10:13,0,47,Neutral,37.3,14,High,Large,Bullish,0,1.6486586255873816,22.416204254315154,16.638449655182793,56.12617921754156,-12.98114,0.8713692946058091,0.0030956584212982114,0.24148227491968896,0,5.777754599132361,1
dai,dai,Dai,0.999843,4418755594,23,11822878.0,1.0,0.999044,-1.8897791260408e-05,-0.00189,0.0264915470491963,-0.0002246676449305,4422041998.713337,4422041998.713337,1.22,-17.99103,0.88196,2026-04-27 09:09:46.502000+00:00,0.0009559999999999,0.0956914810558851,2026-04-27 09:10:13,0,47,Neutral,37.3,14,Low,Large,Bearish,1,0.6930686774786591,22.209123953803545,16.28554711050378,-0.0008908005869583001,-17.99103,0.8195434426229509,0.0026756125674960787,1.0,0,5.923576843299763,1
usd1-wlfi,usd1,USD1,0.999849,4397314453,24,38279932.75,1.001,0.999215,-7.87550421949e-05,-0.00788,-0.0084753732281698,0.0361828913380976,4398056257.221695,4398056257.221695,1.025,-2.44985,0.989633,2026-04-27 09:09:45.257000+00:00,0.0017849999999999,0.1786402325825698,2026-04-27 09:10:13,0,47,Neutral,37.3,14,Low,Large,Neutral,0,0.6930716777096768,22.20425984016677,17.460436393878773,0.018557734802858557,-2.44985,0.9754624390243903,0.008705298008397854,1.0,0,4.743823446287998,0
litecoin,ltc,Litecoin,55.46,4275084002,25,38279932.75,56.77,55.28,-0.7525700384465992,-1.33882,0.9793779708938344,3.04526524995916,77098558.23347135,77104339.48347135,410.26,-86.49804,1.15,2026-04-27 09:09:42.526000+00:00,1.490000000000002,2.6953690303907414,2026-04-27 09:10:13,0,47,Neutral,37.3,14,Medium,Large,Neutral,0,4.033532422825343,22.17606958896664,17.460436393878773,1.291631149975496,-86.49804,0.13518256715253743,0.008954194287665836,0.9999250204328481,0,4.715633195087868,1
avalanche-2,avax,Avalanche,9.26,3998797715,26,38279932.75,9.55,9.23,-0.1736474686516622,-1.84035,0.5162122540456859,5.126077349979495,431771961.1772119,463441061.1772119,144.96,-93.61949,2.8,2026-04-27 09:09:49.252000+00:00,0.3200000000000003,3.4669555796316387,2026-04-27 09:10:13,0,47,Neutral,37.3,14,Medium,Large,Neutral,0,2.3282528397426234,22.109259581885784,17.460436393878773,2.3395064099876963,-93.61949,0.06387969094922737,0.009572860514150815,0.9316653126946594,0,4.648823188007011,1
hedera-hashgraph,hbar,Hedera,0.090977,3938769020,27,38279932.75,0.093094,0.090678,-0.0016402232424586,-1.77098,2.4758294625269155,0.8684863338743191,43323141655.37829,50000000000.0,0.569229,-84.03895,0.00986111,2026-04-27 09:09:43.958000+00:00,0.002416,2.6643728357484746,2026-04-27 09:10:13,0,47,Neutral,37.3,14,Medium,Large,Neutral,0,0.08707362505217893,22.094134080221178,17.460436393878773,-0.18730019967540856,-84.03895,0.15982495621270176,0.009718755417142993,0.8664628331075658,0,4.633697686342405,1
ethena-usde,usde,Ethena USDe,0.999265,3752865484,28,38279932.75,0.999475,0.999135,-4.5036379385466e-05,-0.00451,-0.0504677357978366,0.0073614527833622,3755689673.046954,3755689673.046954,1.034,-3.36254,0.929486,2026-04-27 09:09:43.477000+00:00,0.00034,0.034029435461675,2026-04-27 09:10:13,0,47,Neutral,37.3,14,Low,Large,Neutral,0,0.6927796130152714,22.045785514463883,17.460436393878773,0.0026128716700173195,-3.36254,0.966407156673114,0.010200187806678125,1.0,0,4.585349120585111,0
sui,sui,Sui,0.929984,3675691828,29,38279932.75,0.96056,0.925389,-0.0140044030442703,-1.48353,-1.0879134798531098,5.372570262923276,3953388932.071221,10000000000.0,5.35,-82.60595,0.364846,2026-04-27 09:09:42.932000+00:00,0.0351709999999999,3.8006719336408734,2026-04-27 09:10:13,0,47,Neutral,37.3,14,Medium,Large,Neutral,0,0.6575117127269902,22.025007204682993,17.460436393878773,2.630130157753965,-82.60595,0.173828785046729,0.010414347704124232,0.39533889320712207,0,4.56457081080422,0
shiba-inu,shib,Shiba Inu,6.12e-06,3609276520,30,38279932.75,6.32e-06,6.1e-06,-7.2843625098e-08,-1.17542,2.085825089323868,5.557157166339101,589243413810472.0,589500001111249.0,8.616e-05,-92.89175,5.6366e-11,2026-04-27 09:09:47.396000+00:00,2.199999999999996e-07,3.6065573770491737,2026-04-27 09:10:13,0,47,Neutral,37.3,14,Medium,Large,Neutral,0,6.119981272876407e-06,22.006773179511203,17.460436393878773,2.8641262998034605,-92.89175,0.07103064066852367,0.010605985032701236,0.9995647374040826,0,4.54633678563243,1
rain,rain,Rain,0.00744663,3562772358,31,12771351.0,0.00764679,0.00711901,0.00030506,4.27162,-1.796968395364163,-7.923069162888527,478379540751.8687,1149896935679.158,0.01090099,-31.68565,0.00222126,2026-04-27 09:09:45.785000+00:00,0.0005277799999999,7.413671282945232,2026-04-27 09:10:13,0,47,Neutral,37.3,14,High,Large,Bearish,0,0.0074190407308830815,21.993804831268026,16.36271509554473,-3.0451934977331154,-31.68565,0.6831150198284743,0.0035846665789136564,0.41601949349428063,0,5.631089735723297,0
paypal-usd,pyusd,PayPal USD,1.0,3438455364,32,38279932.75,1.0,0.999369,0.00028565,0.02857,0.0432520724815063,0.01659814737969,3438135939.815454,3438135939.819415,1.081,-7.48131,0.959426,2026-04-27 09:09:54.009000+00:00,0.000631,0.0631398412398271,2026-04-27 09:10:13,0,47,Neutral,37.3,14,Low,Large,Neutral,1,0.6931471805599453,21.958288185688914,17.460436393878773,0.021386888427814,-7.48131,0.9250693802035153,0.011132886339251021,0.9999999999988479,0,4.497851791810142,1
the-open-network,ton,Toncoin,1.3,3252421128,33,38279932.75,1.32,1.3,-0.0115514628037445,-0.87789,0.7863263077781802,6.175903565693173,2493686360.397672,5169676654.439302,8.25,-84.21139,0.519364,2026-04-27 09:09:42.592000+00:00,0.02,1.5384615384615397,2026-04-27 09:10:13,0,47,Neutral,37.3,14,Low,Large,Neutral,0,0.832909122935104,21.902665518710258,17.460436393878773,3.3543861394159036,-84.21139,0.1575757575757576,0.011769672881672412,0.48236795588681447,0,4.442229124831485,1
crypto-com-chain,cro,Cronos,0.070059,3050502500,34,9666733.0,0.07068,0.069761,-0.0001358659594398,-0.19356,1.1775047989170595,-2.4349745811836967,43552183343.88164,98585324548.02637,0.891544,-92.14666,0.0121196,2026-04-27 09:09:46.415000+00:00,0.000919,1.3173549691088189,2026-04-27 09:10:13,0,47,Neutral,37.3,14,Low,Large,Bearish,0,0.06771378714056646,21.83857216842144,16.08420106477562,-1.5384087487102178,-92.14666,0.07858165160665093,0.00316889856671155,0.4417714659210252,0,5.75437110364582,1
hashnote-usyc,usyc,Circle USYC,1.12,2917993319,35,112187.0,,,,,0.0788583561281412,0.2305591769731755,2601004057.425617,2601004057.425617,1.12,-0.13354,1.026,2026-04-25 00:20:07.922000+00:00,,,2026-04-27 09:10:13,0,47,Neutral,37.3,14,Unknown,Large,Neutral,0,0.7514160886839212,21.79416199780518,11.627931314479316,0.13833550618390528,-0.13354,1.0,3.844662675185515e-05,1.0,0,10.166230683325864,1
tether-gold,xaut,Tether Gold,4690.81,2626218554,36,38279932.75,4711.79,4670.51,-2.9548541932263106,-0.06295,-1.6220958010670643,4.399138276794923,559898.736688,707747.089,5504.62,-14.76586,1447.84,2026-04-27 09:09:41.619000+00:00,41.27999999999975,0.8838435203007753,2026-04-27 09:10:13,0,47,Neutral,37.3,14,Low,Large,Neutral,0,8.453573714494791,21.688810836705777,17.460436393878773,2.6143029660769534,-14.76586,0.852158732119565,0.014576065153334532,0.7911000206007206,0,4.228374442827004,0
global-dollar,usdg,Global Dollar,0.999939,2396620681,37,20208880.0,1.0,0.999625,0.00019453,0.01946,0.0258413790838223,-0.0003479259669262,2397062295.393902,2397062295.393902,1.65,-39.57421,0.907561,2026-04-27 09:09:44.497000+00:00,0.000375,0.0375140677754172,2026-04-27 09:10:13,0,47,Neutral,37.3,14,Low,Large,Bearish,0,0.6931166800948109,21.5973255329009,16.82163271921751,0.007575244419844281,-39.57421,0.6060236363636364,0.008432239678232168,1.0,0,4.7756928136833885,1
bittensor,tao,Bittensor,249.51,2392665650,38,38279932.75,256.85,245.79,2.91,1.18094,2.489608683354752,-22.7548891649864,9597491.0,21000000.0,757.6,-67.16156,30.83,2026-04-27 09:09:42.887000+00:00,11.06000000000003,4.4997762317425565,2026-04-27 09:10:13,0,47,Neutral,37.3,14,Medium,Large,Strong Bear,0,5.523498839887812,21.595673916512126,17.460436393878773,-13.180557498991838,-67.16156,0.3293426610348469,0.01599886417477511,0.45702338095238093,0,4.1352375226333535,1
world-liberty-financial,wlfi,World Liberty Financial,0.073166,2325255054,39,38279932.75,0.075363,0.072766,-0.0017603835848773,-2.3495,-5.575897891162578,-24.420815427957564,31765888395.0,100000000000.0,0.331336,-77.91801,0.072764,2026-04-27 09:09:55.002000+00:00,0.002597,3.5689745210675348,2026-04-27 09:10:13,0,47,Neutral,37.3,14,Medium,Large,Strong Bear,0,0.07061315811332419,21.567095571044277,17.460436393878773,-15.592289256774537,-77.91801,0.22082116039307528,0.01646268123754823,0.31765888395,0,4.106659177165504,0
blackrock-usd-institutional-digital-liquidity-fund,buidl,BlackRock USD Institutional Digital Liquidity Fund,1.0,2263582930,40,0.0,1.0,1.0,0.0,0.0,0.0,0.0,2263582930.210449,2263582930.210449,1.0,0.0,1.0,2026-04-27 08:45:08.182000+00:00,0.0,0.0,2026-04-27 09:10:13,0,47,Neutral,37.3,14,Low,Large,Bearish,0,0.6931471805599453,21.54021476256099,0.0,0.0,0.0,1.0,0.0,1.0,0,21.54021476256099,0
pax-gold,paxg,PAX Gold,4695.86,2261053084,41,38279932.75,4716.15,4669.43,0.260748,0.00555,-1.7323549336015729,4.332178231483387,481565.416,481565.416,5619.09,-16.41643,1399.64,2026-04-27 09:09:46.514000+00:00,46.71999999999935,1.0005503883771538,2026-04-27 09:10:13,0,47,Neutral,37.3,14,Low,Large,Neutral,0,8.454649479323464,21.539096508515943,17.460436393878773,2.601526938890032,-16.41643,0.8356975951622059,0.016930134467378122,1.0,0,4.07866011463717,0
mantle,mnt,Mantle,0.64027,2096951584,42,38279932.75,0.661994,0.636864,-0.0163703053840361,-2.49304,4.65918931315649,-5.454737869659638,3277944025.53684,6219316794.889999,2.86,-77.6242,0.307978,2026-04-27 09:09:43.072000+00:00,0.0251299999999999,3.9458973972465055,2026-04-27 09:10:13,0,47,Neutral,37.3,14,Medium,Large,Bearish,0,0.4948608624317347,21.463750500855273,17.460436393878773,-4.270058721795783,-77.6242,0.22387062937062938,0.01825503890603895,0.5270585393286461,0,4.0033141069765,1
polkadot,dot,Polkadot,1.24,2076689610,43,38279932.75,1.27,1.23,-0.0246530701114935,-1.95652,-2.1105299803476965,-4.808896779518279,1681135245.054363,1681135245.054363,54.98,-97.75584,1.15,2026-04-27 09:09:55.242000+00:00,0.04,3.2520325203252063,2026-04-27 09:10:13,0,47,Neutral,37.3,14,Medium,Large,Bearish,0,0.8064758658669484,21.454040929652262,17.460436393878773,-3.6679460677109677,-97.75584,0.022553655874863587,0.01843315080196313,1.0,0,3.993604535773489,0
uniswap,uni,Uniswap,3.25,2056925806,44,38279932.75,3.36,3.23,-0.0299054067942265,-0.9125,-0.7643723141865382,-4.310227591621212,633561603.6037512,896268420.0329479,44.92,-92.78511,1.03,2026-04-27 09:09:41.936000+00:00,0.1299999999999999,4.024767801857582,2026-04-27 09:10:13,0,47,Neutral,37.3,14,Medium,Large,Bearish,0,1.4469189829363254,21.444478378420317,17.460436393878773,-2.9511365549727273,-92.78511,0.07235084594835263,0.018610264229433272,0.7068882373212042,0,3.9840419845415447,0
sky,sky,Sky,0.085065,1973182839,45,15941358.0,0.08983,0.084641,-0.0032475140265439,-3.67728,7.494800876727858,21.03918013786768,23198749230.36974,23462665147.36596,0.100535,-15.3827,0.03582727,2026-04-27 09:09:44.038000+00:00,0.0051889999999999,6.130598646046241,2026-04-27 09:10:13,0,47,Neutral,37.3,14,High,Large,Bullish,0,0.08163989303212163,21.40291373075249,16.58442748490671,11.152596082720608,-15.3827,0.8461232406624559,0.008079007015933205,0.988751665024472,0,4.818486245845783,1
pi-network,pi,Pi Network,0.180275,1854570490,46,29868526.0,0.186027,0.17663,-0.0008299205776153,-0.45825,4.644747915765593,3.13600475568768,10292175019.63166,15834115414.81794,2.99,-93.97263,0.131244,2026-04-27 09:09:45.150000+00:00,0.0093969999999999,5.320160788088088,2026-04-27 09:10:13,0,47,Neutral,37.3,14,High,Large,Neutral,0,0.16574746217290073,21.340918964956106,17.212315875283664,1.6983028534126077,-93.97263,0.06029264214046822,0.01610536033062836,0.65,0,4.128603089672442,1
falcon-finance,usdf,Falcon USD,0.99804,1786152934,47,710420.0,0.998258,0.996416,0.00150362,0.15088,0.0034485412624577,-0.0353830467769863,1789660229.44841,1789660229.44841,1.075,-7.11708,0.943422,2026-04-27 09:09:44.741000+00:00,0.001842,0.1848625473697743,2026-04-27 09:10:13,0,47,Neutral,37.3,14,Low,Large,Bearish,0,0.6921667000459839,21.303329945633905,13.473613031033995,0.039122171933808216,-7.11708,0.9284093023255815,0.00039773749855173375,1.0,0,7.82971691459991,1
near,near,NEAR Protocol,1.37,1776739262,48,38279932.75,1.41,1.37,-0.0329212577707047,-2.34093,2.319723741219511,17.039003183162862,1293974234.0,1293974253.0,20.44,-93.29462,0.526762,2026-04-27 09:09:45.792000+00:00,0.0399999999999998,2.9197080291970665,2026-04-27 09:10:13,0,47,Neutral,37.3,14,Medium,Large,Bullish,0,0.8628899551470398,21.298045646596876,17.460436393878773,9.287029909897717,-93.29462,0.06702544031311154,0.02154504803755499,0.9999999853165549,0,3.837609252718103,1
okb,okb,OKB,83.96,1763690058,49,14286826.0,85.48,83.68,-0.5753057088609665,-0.68053,1.3486866844652423,0.9750762320092474,21000000.0,21000000.0,228.74,-63.32611,0.580608,2026-04-27 09:09:44.214000+00:00,1.7999999999999972,2.151051625239002,2026-04-27 09:10:13,0,47,Neutral,37.3,14,Medium,Large,Neutral,0,4.442180557493629,21.2906740755786,16.474848481863784,0.31283373920554847,-63.32611,0.36705429745562645,0.008100531006111732,1.0,0,4.815825593714816,1
htx-dao,htx,HTX DAO,1.81e-06,1639799434,50,17915183.0,1.82e-06,1.8e-06,-5.616925388e-09,-0.30913,0.1459048199101039,6.727130182478806,905707664073577.8,905707664073577.8,3.75e-06,-51.73328,8.00816e-07,2026-04-27 09:09:43.448000+00:00,2.000000000000002e-08,1.1111111111111125,2026-04-27 09:10:13,0,47,Neutral,37.3,14,Low,Large,Neutral,0,1.8099983619519766e-06,21.217839775572077,16.701159179391304,3.9126261094872836,-51.73328,0.4826666666666667,0.010925228188607852,1.0,0,4.516680596180773,1
pepe,pepe,Pepe,3.85e-06,1617768308,51,38279932.75,4.02e-06,3.82e-06,-3.8679929696e-08,-0.99583,2.865583597300277,15.950931420658309,420690000000000.0,420690000000000.0,2.803e-05,-86.27984,5.5142e-08,2026-04-27 09:09:43.234000+00:00,1.9999999999999978e-07,5.235602094240832,2026-04-27 09:10:13,0,47,Neutral,37.3,14,High,Large,Bullish,0,3.849992588769023e-06,21.204313449408307,17.460436393878773,9.172226852394985,-86.27984,0.13735283624687836,0.02366218485100896,1.0,0,3.743877055529534,1
ripple-usd,rlusd,Ripple USD,0.999875,1603244112,52,38279932.75,1.0,0.999639,-0.0001045358578137,-0.01045,0.0391872474517033,-0.0240669061697915,1603386916.407313,1603386916.407313,1.073,-6.79496,0.962292,2026-04-27 09:09:43.984000+00:00,0.0003609999999999,0.0361130368062815,2026-04-27 09:10:13,0,47,Neutral,37.3,14,Low,Large,Bearish,0,0.693084678606739,21.195294984070085,17.460436393878773,-0.018620143701874897,-6.79496,0.9318499534016775,0.023876546599161937,1.0,0,3.734858590191312,1
aster-2,aster,Aster,0.648432,1593461239,53,38279932.75,0.663535,0.644977,-0.0106547074179069,-1.61659,-4.456881058688018,-1.935885935223736,2458559719.12999,7822529124.595041,2.41,-73.07997,0.099713,2026-04-27 09:09:49.860000+00:00,0.0185579999999999,2.8773119041454134,2026-04-27 09:10:13,0,47,Neutral,37.3,14,Medium,Large,Bearish,0,0.49982453305799224,21.189174367710336,17.460436393878773,-1.8081675611342416,-73.07997,0.2690589211618257,0.0240231339257572,0.3142921783953429,0,3.7287379738315636,0
aave,aave,Aave,96.4,1462214058,54,38279932.75,99.94,94.78,1.41,1.48297,4.289239251081113,-1.441723736589763,15176132.848200943,16000000.0,661.69,-85.45903,26.02,2026-04-27 09:09:42.040000+00:00,5.159999999999997,5.444186537244141,2026-04-27 09:10:13,0,47,Neutral,37.3,14,High,Large,Bearish,0,4.578826210648489,21.10321760274102,17.460436393878773,-0.27184624195385787,-85.45903,0.1456875576176155,0.026179431486494435,0.948508303012559,0,3.642781208862246,1
usdd,usdd,USDD,0.999514,1445892355,55,2218937.0,1.002,0.998698,-0.0006277684746678,-0.06277,-0.0287705801595611,0.0111106054073063,1445539307.0,1449217753.0,1.052,-4.93631,0.928067,2026-04-27 09:09:42.662000+00:00,0.003302,0.3306304808861164,2026-04-27 09:10:13,0,47,Neutral,37.3,14,Low,Large,Neutral,1,0.6929041510306615,21.09199251531172,14.612539261010642,-0.018441636755616227,-4.93631,0.9501083650190114,0.0015346488224567728,0.9974617713643203,0,6.479453254301077,0
janus-henderson-anemoy-treasury-fund,jtrsy,Janus Henderson Anemoy Treasury Fund,1.1,1418610492,56,0.0,,,,,0.0577914401427049,0.25319475146674,1288304893.728859,1288304893.728859,1.1,0.0,1.085,2026-04-24 05:10:07.064000+00:00,,,2026-04-27 09:10:13,0,47,Neutral,37.3,14,Unknown,Large,Neutral,0,0.7419373447293773,21.072943703434074,0.0,0.15191685088004397,0.0,1.0,0.0,1.0,0,21.072943703434074,1
bitget-token,bgb,Bitget Token,1.98,1383245332,57,18183463.0,2.01,1.97,0.00393024,0.19931,4.6812275553614295,1.2423351965181948,699992035.9787906,913931280.9787906,8.45,-76.61053,0.0142795,2026-04-27 09:09:41.560000+00:00,0.0399999999999998,2.0304568527918687,2026-04-27 09:10:13,0,47,Neutral,37.3,14,Medium,Large,Neutral,0,1.091923300517313,21.047698265798612,16.71602316761725,0.8251251179109169,-76.61053,0.23431952662721894,0.013145508305246896,0.7659132043594371,0,4.3316750981813605,1
internet-computer,icp,Internet Computer,2.43,1340801439,58,30370621.0,2.49,2.41,-0.0182496066141109,-0.74549,-0.1527802312519141,8.094407846137429,551936930.6350279,551936930.6350279,700.65,-99.65446,2.02,2026-04-27 09:09:42.020000+00:00,0.08,3.3195020746887995,2026-04-27 09:10:13,0,47,Neutral,37.3,14,Medium,Large,Neutral,0,1.2325602611778486,21.016533361677197,17.228986317549776,4.558448707682457,-99.65446,0.0034682080924855496,0.022651095170848783,1.0,0,3.7875470441274217,0
ondo-us-dollar-yield,usdy,Ondo US Dollar Yield,1.13,1330243529,59,228890.0,1.14,1.12,0.0043191,0.38227,0.1885066222090467,0.8937008358112702,1176419071.659853,1891434361.011154,1.26,-10.58492,0.934184,2026-04-27 09:09:48.315000+00:00,0.0199999999999997,1.7857142857142672,2026-04-27 09:10:13,0,47,Neutral,37.3,14,Low,Large,Neutral,0,0.7561219797213337,21.008627867681508,12.341001186687981,0.6891285014867622,-10.58492,0.8968253968253967,0.00017206623825643885,0.6219719255977477,0,8.667626680993527,1
bfusd,bfusd,BFUSD,0.999398,1319336548,60,897121.0,0.9998,0.999398,-0.0003986219203804,-0.03987,-0.0296528127686792,0.0497509474464699,1320000000.0,1320000000.0,1.007,-0.74748,0.997035,2026-04-27 09:09:45.426000+00:00,0.000402,0.0402242149774177,2026-04-27 09:10:13,0,47,Neutral,37.3,14,Low,Large,Neutral,0,0.692846135250353,21.0003948327978,13.706947140711176,0.013902568467881939,-0.74748,0.9924508440913606,0.000679978888904395,1.0,0,7.293447692086623,0
ethereum-classic,etc,Ethereum Classic,8.39,1312160670,61,33893183.0,8.63,8.35,-0.0459758510398931,-0.5451,0.0908979900498519,3.0492314466821333,156467304.7241453,156467304.7241453,167.09,-94.99053,0.615038,2026-04-27 09:09:45.974000+00:00,0.2800000000000011,3.3532934131736662,2026-04-27 09:10:13,0,47,Neutral,37.3,14,Medium,Large,Neutral,0,2.2396452932201716,20.994940982622808,17.338724490188113,1.6114988680092799,-94.99053,0.0502124603507092,0.025830055552571927,1.0,0,3.6562164924346945,1
ondo-finance,ondo,Ondo,0.262069,1275741863,62,38279932.75,0.273299,0.260965,-0.0010678466398517,-0.40581,3.7574804698355417,-0.9821426888113948,4869330647.0,10000000000.0,2.14,-87.7547,0.082171,2026-04-27 09:09:42.874000+00:00,0.012334,4.726304293679234,2026-04-27 09:10:13,0,47,Neutral,37.3,14,Medium,Large,Bearish,0,0.23275243774325052,20.966793700462976,17.460436393878773,-0.7516096132868368,-87.7547,0.12246214953271027,0.030006017565326223,0.4869330647,0,3.506357306584203,1
kucoin-shares,kcs,KuCoin,8.45,1137174047,63,73533.0,8.65,8.41,-0.0239078839654744,-0.28223,-0.7041627551518646,6.523459948483186,134655021.7355671,142155021.7355671,28.83,-70.71137,0.342863,2026-04-27 09:09:41.496000+00:00,0.2400000000000002,2.8537455410225947,2026-04-27 09:10:13,0,47,Neutral,37.3,14,Medium,Large,Neutral,0,2.2460147415056513,20.851812116516946,11.205503163275468,3.8011839690899114,-70.71137,0.29309746791536595,6.466292490053635e-05,0.9472406960483514,0,9.646308953241478,0
gatechain-token,gt,Gate,7.4,1133103428,64,2567838.0,7.42,7.31,0.051598,0.70256,2.5596471020517417,14.00633582662942,115180573.04885802,112622843.66747102,25.38,-70.80446,0.25754,2026-04-27 09:09:46.285000+00:00,0.1100000000000003,1.504787961696311,2026-04-27 09:10:13,0,47,Neutral,37.3,14,Low,Large,Bullish,0,2.128231705849268,20.848226102557494,14.758575247122543,8.684825495977652,-70.80446,0.2915681639085895,0.0022661991275874952,1.0,0,6.08965085543495,1
morpho,morpho,Morpho,1.93,1131596050,65,13720520.0,1.98,1.89,0.01170311,0.61051,-1.181831362970588,27.109019011032498,586731792.4955441,1000000000.0,4.17,-53.82665,0.713151,2026-04-27 09:09:43.091000+00:00,0.09,4.761904761904766,2026-04-27 09:10:13,0,47,Neutral,37.3,14,Medium,Large,Bullish,0,1.0750024230289759,20.846894907636567,16.43440315330196,16.5096154066195,-53.82665,0.4628297362110312,0.01212492744208501,0.5867317924955441,0,4.4124917543346065,0
pump-fun,pump,Pump.fun,0.00177251,1045468375,66,38279932.75,0.00184955,0.00174699,1.919e-05,1.09478,-1.87982410031992,2.722982449033622,590000000000.0,999989152530.3462,0.00881908,-79.90143,0.00157464,2026-04-27 09:09:49.191000+00:00,0.00010256,5.870668979215681,2026-04-27 09:10:13,0,47,Neutral,37.3,14,High,Large,Neutral,0,0.0017709409579714658,20.76773082864713,17.460436393878773,2.071701469420173,-79.90143,0.20098581711471036,0.036615103493685304,0.5900064000765204,0,3.307294434768359,0
eutbl,eutbl,Spiko EU T-Bills Money Market Fund,1.23,1036085101,67,0.0,1.23,1.23,0.00277543,0.22535,-0.0639127509319878,1.9315821971524867,839367247.63094,839367247.63094,1.26,-2.1136,1.011,2026-04-27 09:00:15.936000+00:00,0.0,0.0,2026-04-27 09:10:13,0,47,Neutral,37.3,14,Low,Large,Neutral,0,0.8020015854720274,20.75871512219765,0.0,1.249089318291492,-2.1136,0.9761904761904762,0.0,1.0,0,20.75871512219765,0
superstate-short-duration-us-government-securities-fund-ustb,ustb,Superstate Short Duration U.S. Government Securities Fund (USTB),11.06,1035903147,68,0.0,11.06,11.06,0.0,0.0,0.0673752587520227,0.2661660647830011,93645609.807042,93645609.807042,11.06,0.0,10.29,2026-04-27 09:05:06.480000+00:00,0.0,0.0,2026-04-27 09:10:13,0,47,Neutral,37.3,14,Low,Large,Neutral,0,2.4898941912990393,20.75853948992708,0.0,0.15969963886980065,0.0,1.0,0.0,1.0,0,20.75853948992708,1
algorand,algo,Algorand,0.115791,1031274313,69,38279932.75,0.121067,0.114823,-0.0026495730433359,-2.23705,12.734410682602066,41.004890206400496,8905720628.54252,8906059707.070759,3.56,-96.75106,0.080092,2026-04-27 09:09:47.426000+00:00,0.0062439999999999,5.4379349085113615,2026-04-27 09:10:13,0,47,Neutral,37.3,14,High,Large,Bullish,0,0.10956357043511901,20.754061072547348,17.460436393878773,23.708114123840296,-96.75106,0.03252556179775281,0.03711905965992968,0.9999619272114278,0,3.293624678668575,1
united-stables,u,United Stables,1.0,1028239413,70,4124597.0,1.002,0.998129,0.0002925,0.02925,0.1780157385317989,0.0778167440592635,1027858682.01,1027858682.01,1.008,-0.80021,0.968158,2026-04-27 09:09:50.257000+00:00,0.0038709999999999,0.387825621738268,2026-04-27 09:10:13,0,47,Neutral,37.3,14,Low,Large,Neutral,0,0.6931471805599453,20.75111386986013,15.23247911845646,0.058390046435558104,-0.80021,0.9920634920634921,0.004011319686692461,1.0,0,5.51863475140367,1
quant-network,qnt,Quant,69.91,1016087904,71,8411495.0,71.73,69.56,-1.1521148771288807,-1.62132,-4.584452382659606,-1.7072065561859535,14544176.164081177,14612493.0,427.42,-83.67942,0.215773,2026-04-27 09:09:43.628000+00:00,2.1700000000000017,3.1196089706728025,2026-04-27 09:10:13,0,47,Neutral,37.3,14,Medium,Large,Bearish,0,4.261411467315905,20.739225703029295,15.9451098996018,-1.6728519337115721,-83.67942,0.16356277198072153,0.008278314274667322,0.9953247651910716,0,4.794115803427495,0
cosmos,atom,Cosmos Hub,1.96,989010756,72,38279932.75,2.03,1.95,-0.063699727682974,-3.15313,10.142513904712098,16.03667128310396,505536231.695024,505536231.695024,43.84,-95.5442,1.16,2026-04-27 09:09:42.794000+00:00,0.0799999999999998,4.102564102564095,2026-04-27 09:10:13,0,47,Neutral,37.3,14,Medium,Mid,Bullish,0,1.085189268335969,20.71221576617091,17.460436393878773,8.360750769862374,-95.5442,0.044708029197080286,0.038705274455073775,1.0,0,3.2517793722921375,1
polygon-ecosystem-token,pol,POL (ex-MATIC),0.091442,972423152,73,32363431.0,0.093253,0.090857,-0.0002046858431436,-0.22334,1.1937203792479925,0.2166379860651529,10633033052.11391,10633033052.11391,1.29,-92.90062,0.081453,2026-04-27 09:09:43.275000+00:00,0.002396,2.6371110646400493,2026-04-27 09:10:13,0,47,Neutral,37.3,14,Medium,Mid,Neutral,0,0.08749975771234782,20.695301610283213,17.292539701391256,0.040646791639091726,-92.90062,0.07088527131782946,0.033281222206029915,1.0,0,3.402761908891957,1
ethena,ena,Ethena,0.106926,936710172,74,38279932.75,0.113309,0.106275,-0.0024530391601549,-2.24269,-8.033887793168146,17.02341346510087,8759375000.0,15000000000.0,1.52,-92.96305,0.076868,2026-04-27 09:09:53.163000+00:00,0.007034,6.618677958127512,2026-04-27 09:10:13,0,47,Neutral,37.3,14,High,Mid,Bullish,0,0.10158680415697713,20.657884478587984,17.460436393878773,9.316972079060521,-92.96305,0.07034605263157895,0.040866357486294067,0.5839583333333334,0,3.1974480847092117,0
render-token,render,Render,1.8,934825652,75,38279932.75,1.86,1.79,-0.0297113332728227,-1.62214,2.123161732550551,6.506139387688574,518743261.0140742,533503434.2940742,13.53,-86.70256,0.03665669,2026-04-27 09:09:52.295000+00:00,0.07,3.910614525139669,2026-04-27 09:10:13,0,47,Neutral,37.3,14,Medium,Mid,Neutral,0,1.0296194171811581,20.65587060248608,17.460436393878773,3.2548276326131442,-86.70256,0.1330376940133038,0.04094874019353504,0.9723334990344898,0,3.195434208607306,1
kaspa,kas,Kaspa,0.03349116,916795191,76,17258922.0,0.03439796,0.03335646,-0.0005331019637807,-1.56683,-2.1378924909139823,-5.993648663549251,27376784273.87169,27393738055.52142,0.207411,-83.8542,0.00017105,2026-04-27 09:09:42.794000+00:00,0.0010415,3.1223337248616936,2026-04-27 09:10:13,0,47,Neutral,37.3,14,Medium,Mid,Bearish,0,0.03294254664398536,20.6363946595829,16.66383984306318,-4.222921198129551,-83.8542,0.1614724387809711,0.018825275448025338,0.9993811074043503,0,3.9725548165197218,0
nexo,nexo,NEXO,0.899603,900435884,77,6391566.0,0.921052,0.898073,-0.0035998850436601,-0.39857,2.014924492880965,3.003652975421928,1000000000.0,1000000000.0,4.07,-77.88085,0.04515276,2026-04-27 09:09:43.596000+00:00,0.0229789999999999,2.5587006846882128,2026-04-27 09:10:13,0,47,Neutral,37.3,14,Medium,Mid,Neutral,0,0.6416449169714311,20.618389520711787,15.67049002320757,1.6427637852531567,-77.88085,0.22103267813267813,0.007098302181835303,1.0,0,4.947899497504217,1
worldcoin-wld,wld,Worldcoin,0.253492,835527277,78,38279932.75,0.264636,0.252028,-0.0065191202537087,-2.50725,-3.482688859453892,-4.595940847032698,3293490414.374154,10000000000.0,11.74,-97.83935,0.240508,2026-04-27 09:09:43.120000+00:00,0.012608,5.002618756646091,2026-04-27 09:10:13,0,47,Neutral,37.3,14,High,Mid,Bearish,0,0.22593325646580922,20.54357355418011,17.460436393878773,-3.760464508219619,-97.83935,0.021592163543441227,0.04581529987560179,0.3293490414374154,0,3.0831371603013373,0
arbitrum,arb,Arbitrum,0.126396,777414839,79,38279932.75,0.132782,0.125808,-0.0056359890970575,-4.26867,0.223223748857045,41.04425606845155,6150718438.0,10000000000.0,2.39,-94.7106,0.087087,2026-04-27 09:09:42.379000+00:00,0.006974,5.543367671372256,2026-04-27 09:10:13,0,47,Neutral,37.3,14,High,Mid,Bullish,0,0.11902315527897198,20.471484665472133,17.460436393878773,22.919085641070932,-94.7106,0.05288535564853557,0.04924003354404713,0.6150718438,0,3.01104827159336,1
stable-2,stable,​​Stable,0.03487004,773252153,80,22006297.0,0.03503585,0.03318241,0.00117909,3.49972,38.56007463669566,34.83648248238727,22159362482.0,100000000000.0,0.04197213,-16.79252,0.0092214,2026-04-27 09:09:45.876000+00:00,0.0018534399999999,5.5856099662441565,2026-04-27 09:10:13,0,47,Neutral,37.3,14,High,Mid,Bullish,0,0.03427585361596921,20.466115755170577,16.906839243081645,22.30177748943236,-16.79252,0.8307903363493822,0.0284594060483657,0.22159362482,0,3.559276512088932,1
aptos,apt,Aptos,0.954963,770530984,81,38279932.75,0.99907,0.950275,-0.0247147490718409,-2.52274,2.800347277671606,0.370716304241073,806822144.2227619,1201802562.749568,19.92,-95.21194,0.795451,2026-04-27 09:09:49.816000+00:00,0.048795,5.13482939149194,2026-04-27 09:10:13,0,47,Neutral,37.3,14,High,Mid,Neutral,0,0.6703712674270312,20.462590426062537,17.460436393878773,-0.7866662174553565,-95.21194,0.04793990963855421,0.049679939606426,0.6713433381077651,0,3.002154032183764,1
blockchain-capital,bcap,Blockchain Capital,82.76,754118306,82,0.0,82.76,82.76,0.0,0.0,0.0,261.55526430755793,9112111.0,9112111.0,83.06,-0.36118,17.76,2026-04-27 09:05:05.467000+00:00,0.0,0.0,2026-04-27 09:10:13,0,47,Neutral,37.3,14,Low,Mid,Bullish,0,4.427955566562281,20.44105981949934,0.0,156.93315858453477,-0.36118,0.9963881531423068,0.0,1.0,0,20.44105981949934,0
filecoin,fil,Filecoin,0.924166,714845740,83,38279932.75,0.956823,0.920097,-0.0249106094851588,-2.62472,0.619038279803982,11.59752017207638,773714390.0,1957865350.0,236.84,-99.61045,0.790176,2026-04-27 09:09:41.818000+00:00,0.0367259999999999,3.991535675042949,2026-04-27 09:10:13,0,47,Neutral,37.3,14,Medium,Mid,Bullish,0,0.6544926271080101,20.387577330528433,17.460436393878773,5.9086241032458275,-99.61045,0.003902068907279176,0.05354992078430795,0.3951826360275491,0,2.9271409366496606,1
just,jst,JUST,0.081349,694850261,84,23935861.0,0.081415,0.078888,0.00138276,1.72918,10.239703685931651,36.16763692619248,8543764567.312736,8543764567.312736,0.193254,-58.00342,0.00476275,2026-04-27 09:09:41.559000+00:00,0.002527,3.2032755298651274,2026-04-27 09:10:13,0,47,Neutral,37.3,14,Medium,Mid,Bullish,0,0.07820933576616917,20.359206929956592,16.99088839436539,22.392254155715488,-58.00342,0.4209434216109369,0.03444750954767217,1.0,0,3.3683185355912038,1
jupiter-exchange-solana,jup,Jupiter,0.190014,684867107,85,38279932.75,0.198318,0.177939,0.00979706,5.43626,11.706059329407886,31.2569802312319,3604307961.54,6863982207.832145,2.0,-90.54524,0.135801,2026-04-27 09:09:53.134000+00:00,0.0203789999999999,11.45280124087467,2026-04-27 09:10:13,0,47,Neutral,37.3,14,Extreme,Mid,Bullish,0,0.17396507176011677,20.34473537448579,17.460436393878773,20.928692138739137,-90.54524,0.095007,0.05589395717613286,0.5251045023728799,0,2.884298980607017,1
dexe,dexe,DeXe,14.45,675561191,86,18057374.0,14.45,13.69,0.504696,3.61784,-2.362146915342177,100.79405515934864,46750946.82541338,96504599.33609451,32.38,-55.42328,0.671563,2026-04-27 09:09:51.230000+00:00,0.7599999999999998,5.551497443389334,2026-04-27 09:10:13,0,47,Neutral,37.3,14,High,Mid,Bullish,0,2.7376090033437546,20.331054298974514,16.70906474655174,61.92356909560918,-55.42328,0.4462631253860407,0.02672944248509977,0.4844426809399504,0,3.621989552422775,0
flare-networks,flr,Flare,0.00780964,670221294,87,3389756.0,0.00797628,0.00780592,-4.2856586280671e-05,-0.54577,-2.6493904847390515,0.2607339733579212,85824440162.34727,105639742323.2798,0.150073,-94.79756,0.00726058,2026-04-27 09:09:42.893000+00:00,0.00017036,2.182446143439857,2026-04-27 09:10:13,0,47,Neutral,37.3,14,Medium,Mid,Neutral,0,0.007779302608570939,20.323118506859984,15.036268795371468,-0.06186761598524729,-94.79756,0.052038941048689634,0.005057666818923841,0.8124256863454519,0,5.286849711488516,0
vechain,vet,VeChain,0.00725352,623535935,88,12552708.0,0.00744466,0.00721571,-0.0001332581774888,-1.80401,2.756872372315416,8.24605299852875,85985041177.0,85985041177.0,0.280991,-97.42181,0.00191713,2026-04-27 09:09:41.604000+00:00,0.0002289499999999,3.17293793680732,2026-04-27 09:10:13,0,47,Neutral,37.3,14,Medium,Mid,Neutral,0,0.007227339746901532,20.250916957349702,16.345447056822096,4.22602779911725,-97.42181,0.025814065219170724,0.02013149089795442,1.0,0,3.9054699005276063,1
beldex,bdx,Beldex,0.079723,616509844,89,11770490.0,0.080287,0.079433,-0.0003597029156606,-0.44916,-0.4084961516720543,-3.998314226470476,7737770968.16358,9937390314.964664,0.450785,-82.3332,0.00027519,2026-04-27 09:09:45.508000+00:00,0.0008539999999999,1.075119912378978,2026-04-27 09:10:13,0,47,Neutral,37.3,14,Low,Mid,Bearish,0,0.07670452675764658,20.239584849622027,16.28110619459406,-2.578652535882285,-82.3332,0.1768537107490267,0.019092136345514703,0.7786522138021801,0,3.9584786550279674,0
hash-2,hash,Provenance Blockchain,0.01061309,608349498,90,9599.99,0.01080963,0.01008546,0.00040459,3.96329,-2.340933753650936,-7.073053948852843,57320687102.0,100000000000.0,0.060147,-82.35473,0.00908303,2026-04-27 09:09:45.009000+00:00,0.00072417,7.180336841353806,2026-04-27 09:10:13,0,47,Neutral,37.3,14,High,Mid,Bearish,0,0.010557166493151167,20.226260108658312,9.16962149713891,-2.6585163693117058,-82.35473,0.17645252464794586,1.5780386162166274e-05,0.57320687102,0,11.056638611519402,0
pudgy-penguins,pengu,Pudgy Penguins,0.00966479,607675159,91,38279932.75,0.01019246,0.00864131,0.00089722,7.652019999999999,33.736277685352896,49.86477007144416,62860396090.0,79697621046.1255,0.068447,-85.89579,0.00371517,2026-04-27 09:09:51.038000+00:00,0.00155115,17.950403353195306,2026-04-27 09:10:13,0,47,Neutral,37.3,14,Extreme,Mid,Bullish,0,0.0096183846760225,20.225151020838204,17.460436393878773,32.979670042866495,-85.89579,0.14120107528452672,0.06299407205157781,0.7887361663357448,0,2.7647146269594316,1
xdce-crowd-sale,xdc,XDC Network,0.03006862,600102344,93,17445561.0,0.0302597,0.0294287,-0.0001088169336344,-0.36059,0.8859376834430636,-1.654799624525933,19946681214.87,38065686425.1,0.192754,-84.44309,0.00039532,2026-04-27 09:09:42.981000+00:00,0.000831,2.823774070889988,2026-04-27 09:10:13,0,47,Neutral,37.3,14,Medium,Mid,Bearish,0,0.029625421381663512,20.21261077363416,16.67459584761864,-1.1371157747155598,-84.44309,0.15599479128837793,0.029070976266674937,0.5240068704427048,0,3.5380149260155207,1
ousg,ousg,OUSG,115.03,599091607,92,0.0,115.03,115.03,0.0,0.0,0.0647158116996324,0.2630878811931716,5208235.325655357,5208235.325655357,115.03,0.0,95.09,2026-04-27 09:00:05.713000+00:00,0.0,0.0,2026-04-27 09:10:13,0,47,Neutral,37.3,14,Low,Mid,Neutral,0,4.753848778359454,20.21092507927786,0.0,0.15785272871590297,0.0,1.0,0.0,1.0,0,20.21092507927786,1
official-trump,trump,Official Trump,2.55,593550633,94,38279932.75,2.7,2.54,-0.1073077801099606,-4.03391,-9.959987807344724,-14.521529969599516,232498807.465716,1000000000.0,73.43,-96.52303,2.52,2026-04-27 09:09:44.863000+00:00,0.1600000000000001,6.2992125984252025,2026-04-27 09:10:13,0,47,Neutral,37.3,14,High,Mid,Bearish,0,1.2669476034873244,20.201633082612517,17.460436393878773,-10.32648198175971,-96.52303,0.034726950837532335,0.06449312092638271,0.232498807465716,0,2.7411966887337442,0
usdtb,usdtb,USDtb,1.0,589092016,95,1905254.0,1.001,0.999762,0.00022439,0.02244,0.0692206284477953,-0.0882559187905135,589021741.2061826,589021741.2061826,1.057,-5.38198,0.900502,2026-04-27 09:09:44.499000+00:00,0.0012379999999998,0.1238294714141816,2026-04-27 09:10:13,0,47,Neutral,37.3,14,Low,Mid,Bearish,0,0.6931471805599453,20.19409295522033,14.460126415852436,-0.043977551274308094,-5.38198,0.946073793755913,0.003234221391993878,1.0,0,5.733966539367895,1
pancakeswap-token,cake,PancakeSwap,1.51,585160408,96,19218564.0,1.54,1.51,0.00095265,0.06306,-0.4050308590376713,10.48415007155936,387211114.3709872,399681130.4678455,43.96,-96.56516,0.194441,2026-04-27 09:09:46.773000+00:00,0.03,1.986754966887419,2026-04-27 09:10:13,0,47,Neutral,37.3,14,Low,Mid,Bullish,0,0.9202827531436926,20.187396571028046,16.771387296908475,6.315714042935616,-96.56516,0.03434940855323021,0.032843240481163924,0.968800088004501,0,3.4160092741195704,0
gho,gho,GHO,0.999194,583525632,97,2354362.0,0.999364,0.999013,-4.9193425330385e-05,-0.00492,0.0428835273195339,0.0128020731154282,584000000.0,584000000.0,1.03,-2.97477,0.917065,2026-04-27 09:09:42.941000+00:00,0.0003509999999999,0.035134677927113,2026-04-27 09:10:13,0,47,Neutral,37.3,14,Low,Mid,Neutral,0,0.6927440993336217,20.184598938460365,14.671780760521374,0.00571324386925692,-2.97477,0.9700912621359223,0.004034719078115835,1.0,0,5.512818177938991,1
midnight-3,night,Midnight,0.03472529,576530032,98,19253503.0,0.03642436,0.03456001,-0.0009133812235053,-2.56289,-2.764151663412844,-28.95021742940932,16607399400.63495,24000000000.0,0.118529,-70.80549,0.02378032,2026-04-27 09:09:46.308000+00:00,0.00186435,5.394529689082846,2026-04-27 09:10:13,0,47,Neutral,37.3,14,High,Mid,Strong Bear,0,0.03413597119727818,20.172537991719764,16.773203628107375,-18.39528645764559,-70.80549,0.29296872495338694,0.0333954901416133,0.6919749750264563,0,3.3993343636123896,0
usual-usd,usd0,Usual USD,0.998058,556599321,99,81790.0,0.998342,0.997942,-0.0001820059290331,-0.01823,0.013106437356702,-0.1198956153446759,557684043.9203832,557684043.9203832,1.33,-24.71263,0.962885,2026-04-27 09:09:55.086000+00:00,0.0003999999999999,0.0400824897639297,2026-04-27 09:10:13,0,47,Neutral,37.3,14,Low,Mid,Bearish,0,0.6921757088340568,20.13735618894537,11.311922492087827,-0.07922936920680554,-24.71263,0.7504195488721804,0.00014694592126532615,1.0,0,8.82543369685754,1
bonk,bonk,Bonk,6.24e-06,549181126,100,38279932.75,6.48e-06,6.18e-06,-4.9622271462e-08,-0.78881,2.764648671729576,8.779277545735374,87994738496857.31,87994738496857.39,5.825e-05,-89.3225,8.6142e-08,2026-04-27 09:09:43.003000+00:00,2.999999999999997e-07,4.854368932038829,2026-04-27 09:10:13,0,47,Neutral,37.3,14,Medium,Mid,Neutral,0,6.23998053128099e-06,20.12393886673739,17.460436393878773,4.9520425274412245,-89.3225,0.10712446351931332,0.06970365684053025,0.9999999999999991,0,2.6635024728586174,1
ylds,ylds,YLDS,0.999999,539151942,101,878507.0,1.0,0.999925,-6.83318539862e-07,-7e-05,0.0125044793454293,0.0046353358687876,539152194.14,539152194.14,1.001,-0.10843,0.999202,2026-04-27 09:09:45.063000+00:00,7.500000000004725e-05,0.0075005625421953,2026-04-27 09:10:13,0,47,Neutral,37.3,14,Low,Mid,Neutral,0,0.6931466805598203,20.10550798710669,13.685980292999243,0.00275320152127256,-0.10843,0.9990000000000001,0.0016294237886654965,1.0,0,6.4195276941074475,1
chiliz,chz,Chiliz,0.0491487,507560161,102,38279932.75,0.051446,0.04815202,-0.0002660030506536,-0.53831,13.603182352147048,34.10930028412025,10326575733.0,10326575733.0,0.878633,-94.40959,0.00410887,2026-04-27 09:09:46.529000+00:00,0.00329398,6.840792971925169,2026-04-27 09:10:13,0,47,Neutral,37.3,14,High,Mid,Bullish,0,0.047979073419481544,20.045125807667024,17.460436393878773,20.250256170472152,-94.40959,0.055937689570048015,0.07541949839912672,1.0,0,2.584689413788251,1
true-usd,tusd,TrueUSD,1.0,494515533,103,8271717.0,1.001,0.999528,-6.7026423111072e-05,-0.0067,0.152366568184691,0.2658064121607557,494515083.0,494515083.0,1.62,-38.21402,0.88355,2026-04-27 09:09:43.452000+00:00,0.0014719999999999,0.1472695112092825,2026-04-27 09:10:13,0,47,Neutral,37.3,14,Low,Mid,Neutral,1,0.6931471805599453,20.019089122082686,15.928352784240149,0.1568038472964534,-38.21402,0.6172839506172839,0.016726910375937574,1.0,0,4.090736337842538,1
a7a5,a7a5,A7A5,0.01243181,487376198,104,3028.97,0.01246828,0.01234092,5.087e-05,0.41085,-0.377603047411377,1.660352654207659,39204572820.62073,39204572820.62073,0.229635,-94.58627,1.048e-05,2026-04-27 09:09:45.167000+00:00,0.0001273599999999,1.0320138206875984,2026-04-27 09:10:13,0,47,Neutral,37.3,14,Low,Mid,Neutral,0,0.012355169582420644,20.00454686538199,8.0163079974643,1.1605515925245953,-94.58627,0.05413726130598558,6.214850073577044e-06,1.0,0,11.988238867917689,0
fetch-ai,fet,Artificial Superintelligence Alliance,0.208799,471652688,105,38279932.75,0.215391,0.206782,-0.0020279619746907,-0.96191,-0.0399026147999703,-9.832510438862297,2258810659.9203973,2714384546.672,3.45,-93.94907,0.00816959,2026-04-27 09:09:49.655000+00:00,0.008609,4.163321759147317,2026-04-27 09:10:13,0,47,Neutral,37.3,14,Medium,Mid,Bearish,0,0.1896273047093398,19.971753444305413,17.460436393878773,-6.284270263317378,-93.94907,0.06052144927536232,0.08116127337749848,0.8321631003572564,0,2.5113170504266407,0
virtual-protocol,virtual,Virtuals Protocol,0.699685,459349814,107,38279932.75,0.737748,0.694648,-0.0079367374694091,-1.12161,1.502103922259763,6.115620338931269,656322620.3333926,1000000000.0,5.07,-86.19018,0.00748604,2026-04-27 09:09:46.785000+00:00,0.0430999999999999,6.204581313125484,2026-04-27 09:10:13,0,47,Neutral,37.3,14,High,Mid,Neutral,0,0.5304429397754473,19.945322601938663,17.460436393878773,3.220728203358761,-86.19018,0.13800493096646943,0.08333503483251656,0.6563226203333926,0,2.4848862080598906,1
edgex,edge,edgeX,1.31,459091737,106,11937282.0,1.36,1.24,0.03320727,2.60381,-3.343253794761906,,350000000.0,1000000000.0,1.5,-12.18674,0.493807,2026-04-27 09:09:43.145000+00:00,0.1200000000000001,9.677419354838715,2026-04-27 09:10:13,0,47,Neutral,37.3,14,High,Mid,Unknown,0,0.8372475245337022,19.944760612978232,16.29517708559543,1.0415240000000001,-12.18674,0.8733333333333334,0.026001953504991966,0.35,0,3.649583527382802,0
siren-2,siren,Siren,0.622541,452899987,108,14403268.0,0.705037,0.564515,-0.0577052571495932,-8.48299,-11.568646237585936,-62.54615662323941,727274305.0312982,727274305.0312982,3.61,-82.63372,0.02634736,2026-04-27 09:09:44.670000+00:00,0.140522,22.92596993405186,2026-04-27 09:10:13,0,47,Neutral,37.3,14,Extreme,Mid,Strong Bear,0,0.4839934389224445,19.931181882030526,16.482965752671365,-40.920889973943645,-82.63372,0.17244903047091414,0.031802314889446,1.0,0,3.44821612935916,0
dash,dash,Dash,35.55,450643483,109,38279932.75,37.18,35.28,-1.127578162673906,-3.0747,4.142040813536083,11.519621570801451,12676650.36722462,12679763.43993328,1493.59,-97.61277,0.213899,2026-04-27 09:09:46.962000+00:00,1.8999999999999984,5.385487528344667,2026-04-27 09:10:13,0,47,Neutral,37.3,14,High,Mid,Bullish,0,3.5986811861957873,19.926187083747546,17.460436393878773,5.68189294248087,-97.61277,0.023801712652066497,0.08494504901117143,0.9997544849536503,0,2.4657506898687735,1
euro-coin,eurc,EURC,1.17,442634671,110,21669539.0,1.18,1.17,0.00371367,0.3171,-0.0847117865055426,2.098749958677065,376770516.4457581,376770516.4457581,1.35,-13.11772,0.052848,2026-04-27 09:09:43.177000+00:00,0.01,0.8547008547008554,2026-04-27 09:10:13,0,47,Neutral,37.3,14,Low,Mid,Neutral,0,0.7747271675523681,19.908255319611992,16.891418145783774,1.386089975206239,-13.11772,0.8666666666666666,0.048955810332354195,1.0,0,3.0168371738282183,0
venice-token,vvv,Venice Token,9.27,427321285,111,15989952.0,9.86,9.12,-0.0732638567721384,-0.78396,2.010454277053502,52.11896248904151,46114507.49615282,79706858.92144799,22.58,-59.02514,0.91975,2026-04-27 09:09:49.481000+00:00,0.7400000000000002,8.114035087719301,2026-04-27 09:10:13,0,47,Neutral,37.3,14,High,Mid,Bullish,0,2.329227023940467,19.873046714491707,16.587471145468733,30.957793493424905,-59.02514,0.4105403011514615,0.03741903940029573,0.5785513081327064,0,3.285575569022974,1
adi-token,adi,ADI,4.09,425927998,112,441334.0,4.12,4.08,-0.0147524064834785,-0.35905,-5.151152829454241,1.385441599793358,104035514.216296,999999999.0,4.55,-9.98052,0.975425,2026-04-27 09:09:45.736000+00:00,0.04,0.980392156862746,2026-04-27 09:10:13,0,47,Neutral,37.3,14,Low,Mid,Neutral,0,1.6272778305624314,19.869780873516834,12.997559503238895,0.6876449598760148,-9.98052,0.8989010989010989,0.0010361704374268442,0.10403551432033152,0,6.87222137027794,0
aerodrome-finance,aero,Aerodrome Finance,0.454061,420138794,114,38279932.75,0.48279,0.449069,0.00197308,0.43644,20.14448000162477,41.38758514042516,926060521.5631168,1884864776.254544,2.32,-80.5013,1.861e-05,2026-04-27 09:09:49.261000+00:00,0.033721,7.509091030554325,2026-04-27 09:10:13,0,47,Neutral,37.3,14,High,Mid,Bullish,0,0.3743603314637775,19.856095678936107,17.460436393878773,25.007127084255092,-80.5013,0.19571594827586208,0.09111258778450247,0.4913140365450045,0,2.3956592850573344,1
blockstack,stx,Stacks,0.226912,419359117,113,8075013.0,0.235686,0.225967,-0.0033212735318463,-1.44257,1.83386990558549,1.4451621543521609,1842710656.36994,1842710656.36994,3.86,-94.1171,0.04559639,2026-04-27 09:09:42.550000+00:00,0.009719,4.301070510295753,2026-04-27 09:10:13,0,47,Neutral,37.3,14,Medium,Mid,Neutral,0,0.20450044351539615,19.854238194332275,15.904285160817622,0.29006929261129655,-94.1171,0.058785492227979276,0.01925560378361823,1.0,0,3.949953033514653,1
first-digital-usd,fdusd,First Digital USD,0.99827,413517665,115,38279932.75,0.999807,0.99708,-0.0002744757274871,-0.02749,-0.0559647567078251,-0.0221678838995858,414151993.292189,414151993.292189,1.15,-13.31798,0.940377,2026-04-27 09:09:43.193000+00:00,0.002727,0.2734986159586026,2026-04-27 09:10:13,0,47,Neutral,37.3,14,Low,Mid,Bearish,1,0.692281806231567,19.84021079461094,17.460436393878773,-0.02429673033975148,-13.31798,0.8680608695652174,0.09257145701381342,1.0,0,2.379774400732167,0
manadia,umxm,Manadia,1.93,407885560,116,14014842.0,2.28,1.41,0.462312,7.652019999999999,,,210000000.0,300000000.0,2.28,-14.49197,1.11,2026-04-27 09:09:41.411000+00:00,0.8699999999999999,22.92596993405186,2026-04-27 09:10:13,0,47,Neutral,37.3,14,Extreme,Mid,Unknown,0,1.0750024230289759,19.826497205279292,16.45562754023501,3.0608079999999998,-14.49197,0.8464912280701755,0.034359740511529756,0.7,0,3.3708696650442818,0
sei-network,sei,Sei,0.060426,406615262,117,38279932.75,0.064506,0.060207,-0.0003807307417199,-0.62613,9.735987380713054,10.218116747426867,6733333333.0,10000000000.0,1.14,-94.71389,0.04852388,2026-04-27 09:09:53.597000+00:00,0.0042989999999999,7.140365738203195,2026-04-27 09:10:13,0,47,Neutral,37.3,14,High,Mid,Bullish,0,0.058670714181561764,19.823377996574987,17.460436393878773,5.88041804845612,-94.71389,0.05300526315789474,0.09414288229545108,0.6733333333,0,2.362941602696214,1
janus-henderson-anemoy-aaa-clo-fund,jaaa,Janus Henderson Anemoy AAA CLO Fund,1.031,403654883,118,0.0,,,,,0.0220212820654582,0.2736731133185512,391499603.21758,391499603.21758,1.031,0.0,1.009,2026-04-24 05:15:09.720000+00:00,,,2026-04-27 09:10:13,0,47,Neutral,37.3,14,Unknown,Mid,Neutral,0,0.7085282825982476,19.81607082332333,0.0,0.1642038679911307,0.0,1.0,0.0,1.0,0,19.81607082332333,1
tezos,xtz,Tezos,0.364094,394183866,119,8145013.0,0.373873,0.361016,-0.0052268167246683,-1.41525,1.1416173997524073,2.1829463584835964,1082890277.527563,1102906322.70732,9.12,-96.01008,0.336606,2026-04-27 09:09:46.464000+00:00,0.012857,3.561338001639819,2026-04-27 09:10:13,0,47,Neutral,37.3,14,Medium,Mid,Neutral,0,0.3104904720027556,19.79232802591948,15.912916518862723,0.7436678150901578,-96.01008,0.03992258771929825,0.020662979138775812,0.9818515455323321,0,3.8794115070567585,1
layerzero,zro,LayerZero,1.51,380733711,120,33571806.0,1.58,1.5,-0.0458345369148236,-2.94908,-3.970992550570071,-26.92712319533347,252331652.6536562,1000000000.0,7.47,-79.81328,1.12,2026-04-27 09:09:46.699000+00:00,0.08,5.3333333333333375,2026-04-27 09:10:13,0,47,Neutral,37.3,14,High,Mid,Strong Bear,0,0.9202827531436926,19.75761077009831,17.329197195330014,-17.335905917200083,-79.81328,0.20214190093708168,0.08817660488172532,0.2523316526536562,0,2.428413574768296,0
monad,mon,Monad,0.03195913,378879209,122,38279932.75,0.03307196,0.03034781,0.00123119,4.00676,4.4813428121683705,44.78717783667436,11825165000.0,100682925000.0,0.04882901,-34.51628,0.01636691,2026-04-27 09:09:43.824000+00:00,0.0027241499999999,8.97643025971231,2026-04-27 09:10:13,0,47,Neutral,37.3,14,High,Mid,Bullish,0,0.03145906356198455,19.75272800512478,17.460436393878773,28.475010702004614,-34.51628,0.654511119516861,0.10103466181486881,0.11744955760870078,0,2.292291611246007,1
usx,usx,USX,0.99945,378547519,121,374188.0,0.999794,0.999284,-0.0001732386718593,-0.01733,-0.0044864901903864,0.0135470856731248,378755668.768091,378755668.768091,1.038,-3.70404,0.828472,2026-04-27 09:09:56.005000+00:00,0.00051,0.0510365421641906,2026-04-27 09:10:13,0,47,Neutral,37.3,14,Low,Mid,Neutral,0,0.6928721427405116,19.751852171177905,12.832516296345158,0.0011962514038748786,-3.70404,0.9628612716763005,0.0009884835620861644,1.0,0,6.919335874832747,0
injective-protocol,inj,Injective,3.67,366623924,123,38279932.75,3.9,3.63,-0.0651541057996496,-1.74613,13.05167110758113,27.31159138300121,100000000.0,100000000.0,52.62,-93.03469,0.657401,2026-04-27 09:09:57.224000+00:00,0.27,7.43801652892562,2026-04-27 09:10:13,0,47,Neutral,37.3,14,High,Mid,Bullish,0,1.541159071680806,19.71984715310621,17.460436393878773,15.688502829800726,-93.03469,0.06974534397567465,0.10441198799126922,1.0,0,2.2594107592274355,1
ether-fi,ethfi,Ether.fi,0.437416,364013529,124,30410736.0,0.454348,0.43314,-0.0048083689493759,-1.08731,-4.336402888066501,-5.4533447548122425,831965183.0,998535999.0,8.53,-94.88041,0.396031,2026-04-27 09:09:49.985000+00:00,0.0212079999999999,4.896338366348052,2026-04-27 09:10:13,0,47,Neutral,37.3,14,Medium,Mid,Bearish,0,0.3628470571993814,19.712701595239885,17.230306294808738,-3.7069308528873455,-94.88041,0.05127971864009379,0.08354287293536279,0.833184966624323,0,2.482395300431147,0
kinesis-gold,kau,Kinesis Gold,152.03,362770302,125,8956.8,160.18,147.04,-7.8918366504854305,-4.93491,-1.3292100376041651,3.706588272225996,2386227.8342,2386227.8342,206.98,-26.53712,44.06,2026-04-27 09:09:42.736000+00:00,13.140000000000017,8.936343852013067,2026-04-27 09:10:13,0,47,Neutral,37.3,14,High,Mid,Neutral,0,5.0306339806029445,19.709280417838414,9.100279940105862,0.2499889633355974,-26.53712,0.7345154121171128,2.4690003428119644e-05,1.0,0,10.609000477732552,0
spx6900,spx,SPX6900,0.383075,357079393,127,13287950.0,0.420487,0.379172,0.00242174,0.63621,20.18033571039782,40.08580783382688,930993080.8870012,930993080.8870012,2.27,-83.13944,0.00131808,2026-04-27 09:09:57.710000+00:00,0.0413149999999999,10.896110472292255,2026-04-27 09:10:13,0,47,Neutral,37.3,14,Extreme,Mid,Bullish,0,0.32430928114715546,19.693468707175306,16.40236824273084,24.305968700296127,-83.13944,0.1687555066079295,0.03721287271259588,1.0,0,3.2911004644444652,1
zebec-network,zbcn,Zebec Network,0.00364337,356553146,126,12592972.0,0.00398025,0.0032333,0.00032565,7.652019999999999,32.7914839494821,60.72001711180557,97951717939.67068,99997613248.94708,0.00700261,-47.98455,0.00069854,2026-04-27 09:09:43.684000+00:00,0.00074695,22.92596993405186,2026-04-27 09:10:13,0,47,Neutral,37.3,14,Extreme,Mid,Bullish,0,0.0036367490044726617,19.691993866651213,16.348649517937403,39.492818267083344,-47.98455,0.5202874356846947,0.035318639426617206,0.9795405585913027,0,3.34334434871381,1
bianrensheng,币安人生,币安人生 (BinanceLife),0.351907,352428220,129,37263179.0,0.37754,0.336155,0.00262894,0.75268,-22.3475633258762,748.050110375883,1000000000.0,1000000000.0,0.555956,-36.76859,0.03843448,2026-04-27 09:09:45.959000+00:00,0.041385,12.311284972706044,2026-04-27 09:10:13,0,47,Neutral,37.3,14,Extreme,Mid,Bullish,0,0.3015161882725909,19.680357531112733,17.433516265711717,449.1311382255298,-36.76859,0.6329763506464541,0.10573267657170018,1.0,0,2.2468412654010166,0
sun-token,sun,Sun Token,0.0183172,352007398,128,38279932.75,0.01868695,0.01819982,-0.0002498168438122,-1.34549,1.2878382427585515,8.021846956176613,19216834295.18254,19900730000.0,66.45,-99.97242,0.00462303,2026-04-27 09:09:41.690000+00:00,0.00048713,2.6765649330597903,2026-04-27 09:10:13,0,47,Neutral,37.3,14,Medium,Mid,Neutral,0,0.018151460949425463,19.67916275322782,17.460436393878773,4.274912173705967,-99.97242,0.00027565387509405565,0.10874752339722132,0.965634642306214,0,2.2187263593490485,1
decred,dcr,Decred,19.6,340358616,130,657045.0,20.12,19.5,-0.3227515193201391,-1.61996,-1.4739802507981454,-6.823913909515697,17389627.57643156,17390637.29682735,247.35,-92.095,0.43154,2026-04-27 09:09:43.286000+00:00,0.620000000000001,3.1794871794871846,2026-04-27 09:10:13,0,47,Neutral,37.3,14,Medium,Mid,Bearish,0,3.0252910757955354,19.645510375592682,13.395509310236497,-4.742332345709418,-92.095,0.07923994340004044,0.0019304491472018443,0.9999419388502817,0,6.2500010653561855,0
curve-dao-token,crv,Curve DAO,0.225336,339483708,131,36921493.0,0.235364,0.224184,-0.0013230907413087,-0.58374,-1.1865678501142352,6.940536913968247,1506883406.0,2374971043.156615,15.37,-98.53856,0.180354,2026-04-27 09:09:41.693000+00:00,0.0111799999999999,4.986974984833885,2026-04-27 09:10:13,0,47,Neutral,37.3,14,Medium,Mid,Neutral,0,0.2032150921015265,19.642936518539237,17.42430443265236,3.9308261483809477,-98.53856,0.014660767729342878,0.10875777579288134,0.6344849594448846,0,2.2186320858868775,0
hastra-prime,prime,PRIME,1.033,331676843,132,2200882.0,1.04,1.032,0.00121028,0.11728,0.3020365664083687,0.2069944014582267,321042745.862546,321042745.862546,1.5,-31.11524,0.956408,2026-04-27 09:09:56.719000+00:00,0.008,0.7751937984496131,2026-04-27 09:10:13,0,47,Neutral,37.3,14,Low,Mid,Neutral,0,0.7095125346462096,19.619671691411106,14.60436920144007,0.17110864087493602,-31.11524,0.6886666666666666,0.006635621528754119,1.0,0,5.015302489971036,1
terra-luna,lunc,Terra Luna Classic,6.013e-05,329683386,133,38279932.75,6.479e-05,5.14e-05,8.59e-06,7.652019999999999,44.0359327608057,64.17312831828195,5505869603482.732,6463310094947.614,119.18,-99.99995,9.99967e-07,2026-04-27 09:09:51.597000+00:00,1.3389999999999992e-05,22.92596993405186,2026-04-27 09:10:13,0,47,Neutral,37.3,14,Extreme,Mid,Bullish,0,6.012819226401575e-05,19.613643318540703,17.460436393878773,41.56468499096917,-99.99995,5.045309615707333e-07,0.11611119751724462,0.8518653016179255,0,2.15320692466193,1
gnosis,gno,Gnosis,124.52,328545044,134,2723688.0,127.48,123.77,0.484423,0.39054,3.074018714403749,4.738751242470573,2639589.0,3000000.0,644.2,-80.6994,6.88,2026-04-27 09:09:45.067000+00:00,3.710000000000008,2.9974953542861824,2026-04-27 09:10:13,0,47,Neutral,37.3,14,Medium,Mid,Neutral,0,4.832465108424777,19.610184509776072,14.817497769395873,2.999466745482344,-80.6994,0.1932940080720273,0.008290150923719306,0.879863,0,4.7926867403802,1
lido-dao,ldo,Lido DAO,0.385064,326711810,135,38279932.75,0.467452,0.379675,0.00502976,1.3235,6.326318776310472,27.40774048240745,849190157.5567812,1000000000.0,7.3,-94.74455,0.271383,2026-04-27 09:09:42.019000+00:00,0.087777,22.92596993405186,2026-04-27 09:10:13,0,47,Neutral,37.3,14,Extreme,Mid,Bullish,0,0.3257463479579626,19.60458902835124,17.460436393878773,16.974044289444468,-94.74455,0.05274849315068494,0.11716727580187566,0.8491901575567812,0,2.1441526344724657,1
apenft,nft,AINFT,3.22268e-07,319104254,136,12795729.0,3.24882e-07,3.19504e-07,-1.184363673e-09,-0.36616,-4.027889005846272,-1.4323861063001193,990105592982874.8,990105592982874.8,7.53e-06,-95.71641,2.98737e-07,2026-04-27 09:09:42.394000+00:00,5.37800000000001e-09,1.6832340127197187,2026-04-27 09:10:13,0,47,Neutral,37.3,14,Low,Mid,Bearish,0,3.222679480716792e-07,19.581028425537507,16.364622079485073,-1.0058956637800716,-95.71641,0.042797875166002655,0.04009889821149172,1.0,0,3.216406346052434,0
celestia,tia,Celestia,0.348864,317399196,137,25851289.0,0.363189,0.346529,-0.0077961550533819,-2.18588,-9.24246778944841,16.75216681481643,909893536.194921,1166915825.072535,20.85,-98.33227,0.279665,2026-04-27 09:09:43.401000+00:00,0.01666,4.807678433839595,2026-04-27 09:10:13,0,47,Neutral,37.3,14,Medium,Mid,Bullish,0,0.29926275672457414,19.575670836122697,17.067871060961785,9.176948088889858,-98.33227,0.01673208633093525,0.08144724159918793,0.7797422201711613,0,2.507799775160912,0
bittorrent,btt,BitTorrent,3.20959e-07,316798714,138,6737839.0,3.24315e-07,3.20064e-07,-2.648966446e-09,-0.81857,-1.3677201625604456,1.7238715043666215,987037885840674.8,990000000000000.0,3.43e-06,-90.64838,3.04531e-07,2026-04-27 09:09:43.732000+00:00,4.250999999999976e-09,1.328171865626867,2026-04-27 09:10:13,0,47,Neutral,37.3,14,Low,Mid,Neutral,0,3.209589484926712e-07,19.57377716170945,15.723249956748026,0.7068949026199729,-90.64838,0.0935740524781341,0.021268517523085652,0.9970079654956311,0,3.850527204961425,0
olympus,ohm,Olympus,20.12,314976087,139,408094.0,20.72,19.83,-0.4285425847777269,-2.08517,28.496423263587577,30.253324709755464,15645551.38895166,19862624.49145634,1415.26,-98.57024,7.54,2026-04-27 09:09:42.026000+00:00,0.8900000000000006,4.488149268784673,2026-04-27 09:10:13,0,47,Neutral,37.3,14,Medium,Mid,Bullish,0,3.050220458838061,19.568007282797403,12.919255269419798,17.31792682585328,-98.57024,0.014216469058688863,0.0012956348651318409,0.7876880215744599,0,6.648752013377605,1
bitcoin-cash-sv,bsv,Bitcoin SV,15.68,313642293,140,9150314.0,16.15,15.61,-0.2370806118283948,-1.48956,1.032167921846125,14.588973079120317,20020581.25,20020612.5,489.75,-96.80548,11.56,2026-04-27 09:09:58.846000+00:00,0.5399999999999991,3.4593209481101805,2026-04-27 09:10:13,0,47,Neutral,37.3,14,Medium,Mid,Bullish,0,2.8142103969306005,19.563763703418346,16.029298862888645,8.15755984747219,-96.80548,0.0320163348647269,0.0291743626552303,0.9999984391086936,0,3.534464840529701,1
mantra-dao,om,MANTRA [Old],0.062567,310913943,141,8119.21,0.066906,0.062407,-0.0042767489803281,-6.39809,-6.463360924586381,425.4467296484797,4969826547.442136,7144878671.167562,8.99,-99.30377,0.01094275,2026-04-27 09:09:58.757000+00:00,0.0044989999999999,7.209127181245687,2026-04-27 09:10:13,0,47,Neutral,37.3,14,High,Mid,Bullish,0,0.060687678651840216,19.555026724457456,9.002111294890272,252.7088017890878,-99.30377,0.006959621802002224,2.6114010589740582e-05,0.6955788581123666,0,10.552915429567184,0
floki,floki,FLOKI,3.217e-05,310505611,142,29383159.0,3.376e-05,3.197e-05,-4.27835837163e-07,-1.31263,2.5262311725221527,15.773197664985322,9653267090834.0,10000000000000.0,0.00034495,-90.69144,8.428e-08,2026-04-27 09:09:42.597000+00:00,1.7900000000000015e-06,5.598999061620273,2026-04-27 09:10:13,0,47,Neutral,37.3,14,High,Mid,Bullish,0,3.216948255664741e-05,19.553712533248547,17.19593227908691,8.938866598991192,-90.69144,0.09325989273807797,0.09463004196726094,0.9653267090834,0,2.3577802541616357,1
conflux-token,cfx,Conflux,0.059617,309339183,143,18638753.0,0.062228,0.059291,-0.0020133690233113,-3.26686,1.8580128157591764,5.0064774404780445,5189835932.13,5204320127.8,1.7,-96.49705,0.02199898,2026-04-27 09:09:57.473000+00:00,0.0029369999999999,4.953534263210259,2026-04-27 09:10:13,0,47,Neutral,37.3,14,Medium,Mid,Neutral,0,0.05790752207718684,19.549948915696604,16.740753519493897,1.6971424642868267,-96.49705,0.03506882352941177,0.060253450013152715,0.9972168899463679,0,2.809195396202707,1
doublezero,2z,DoubleZero,0.087174,302244324,144,10650920.0,0.092675,0.086506,-0.0021173055306429,-2.37123,3.4886868142176577,25.14231518038861,3469895584.9,9998478084.9,0.893679,-90.29861,0.065927,2026-04-27 09:09:48.532000+00:00,0.0061689999999999,7.131297251057724,2026-04-27 09:10:13,0,47,Neutral,37.3,14,High,Mid,Bullish,0,0.08358166892571732,19.5267462714351,16.181156925253866,14.136897108233166,-90.29861,0.09754509169399751,0.035239437614715964,0.3470423753931451,0,3.345589346181235,1
crvusd,crvusd,crvUSD,0.999634,294725479,145,18542622.0,1.0,0.998836,-0.0001179424258228,-0.0118,0.0055223262197901,0.1749213706575603,294794743.529722,294794743.529722,1.11,-9.56341,0.949016,2026-04-27 09:09:56.795000+00:00,0.001164,0.116535647493688,2026-04-27 09:10:13,0,47,Neutral,37.3,14,Low,Mid,Neutral,0,0.6929641638134023,19.501554904778004,16.735582585980584,0.10023282239453618,-9.56341,0.9005711711711711,0.06291489308258957,1.0,0,2.76597231879742,1
jasmycoin,jasmy,JasmyCoin,0.00594538,293941902,146,12366477.0,0.00597724,0.00582982,7.765e-05,1.32329,4.789880462946016,12.035114560752156,49444999677.59027,50000000000.0,4.79,-99.8761,0.00275026,2026-04-27 09:09:57.003000+00:00,0.0001474199999999,2.5287230137465597,2026-04-27 09:10:13,0,47,Neutral,37.3,14,Medium,Mid,Bullish,0,0.005927775968969711,19.498892696932216,16.33049998272849,7.750384736451293,-99.8761,0.001241206680584551,0.04207116071528992,0.9888999935518055,0,3.1683927142037263,1
ape-and-pepe,apepe,Ape and Pepe,1.37e-06,287265941,147,38279932.75,1.38e-06,1.34e-06,2.579e-08,1.91909,7.052135320395796,15.984632913233476,210000000000000.0,210000000000000.0,6.89e-06,-80.1435,6.54916e-07,2026-04-27 09:09:43.928000+00:00,3.9999999999999835e-08,2.985074626865659,2026-04-27 09:10:13,0,47,Neutral,37.3,14,Medium,Mid,Bullish,0,1.369999061550857e-06,19.475918971847662,17.460436393878773,10.358415747940084,-80.1435,0.1988388969521045,0.13325607838069464,1.0,0,2.015482577968889,1
syrup,syrup,Maple Finance,0.24723,286471104,148,14618657.0,0.258241,0.244744,-0.0077279634493304,-3.03108,8.336816436532402,20.77830795797922,1159459590.7885313,1244677492.511099,0.653229,-62.34233,0.085229,2026-04-27 09:09:54.515000+00:00,0.013497,5.514741934429448,2026-04-27 09:10:13,0,47,Neutral,37.3,14,High,Mid,Bullish,0,0.2209250923528325,19.473148233884505,16.497809216007095,11.254552774787532,-62.34233,0.37847370523966334,0.05103012763200019,0.9315341506251203,0,2.9753390178774097,1
kinesis-silver,kag,Kinesis Silver,75.3,284401766,149,108612.0,76.46,72.47,0.600448,0.80386,-5.068182315574983,5.836433378627719,3777096.9336,3777096.9336,130.0,-42.09975,4.36,2026-04-27 09:09:42.874000+00:00,3.989999999999995,5.505726507520346,2026-04-27 09:10:13,0,47,Neutral,37.3,14,High,Mid,Neutral,0,4.334672938290411,19.465898468954226,11.59554638465856,3.8234040271766316,-42.09975,0.5792307692307692,0.00038189636276731137,1.0,0,7.870352084295666,0
usdai,usdai,USDai,0.999676,283466080,150,183304.0,0.999956,0.999588,-0.0001019347588435,-0.0102,3.7537020483723255e-05,0.0023009112308634,283557695.7168639,283557695.7168639,1.19,-15.83618,0.769779,2026-04-27 09:09:44.979000+00:00,0.0003679999999999,0.0368151678491462,2026-04-27 09:10:13,0,47,Neutral,37.3,14,Low,Mid,Neutral,0,0.6929851674365279,19.462603030235222,12.11890671114262,-0.0026994532614819603,-15.83618,0.8400638655462185,0.0006466523260913617,1.0,0,7.343696319092603,1
pyth-network,pyth,Pyth Network,0.04906705,282335208,151,12322731.0,0.050885,0.04846193,-0.0009678257979591,-1.9343,10.341877185819556,30.676020742282773,5749982167.169308,10000000000.0,1.2,-95.91372,0.03679605,2026-04-27 09:09:57.878000+00:00,0.0024230699999999,4.999945317902113,2026-04-27 09:10:13,0,47,Neutral,37.3,14,Medium,Mid,Bullish,0,0.047901245388649906,19.458605607373613,16.326956244732784,17.63189244536966,-95.91372,0.040889208333333336,0.04364574679612753,0.5749982167169307,0,3.131649362640829,1
kaia,kaia,Kaia,0.04760429,279018544,152,4974892.0,0.04878167,0.0474294,-0.0011714232474463,-2.40165,-0.5285515699972759,1.3551385611312885,5856641747.106198,5856641936.044253,0.406698,-88.31319,0.04460749,2026-04-27 09:09:44.070000+00:00,0.00135227,2.851121877991294,2026-04-27 09:10:13,0,47,Neutral,37.3,14,Medium,Mid,Neutral,0,0.04650592871749088,19.44678880711069,15.419914420805851,-0.147576863321227,-88.31319,0.11705071084686917,0.017829969036036543,0.9999999677395243,0,4.026874386304838,0
frax,frax,Legacy Frax Dollar,0.992441,273848124,153,846099.0,0.996358,0.990732,-0.0008249067332294,-0.08305,-0.1330070987963119,-0.0262119932501157,275935184.0102677,275935184.0102677,1.14,-12.98118,0.874536,2026-04-27 09:09:41.934000+00:00,0.005626,0.5678629538563426,2026-04-27 09:10:13,0,47,Neutral,37.3,14,Low,Mid,Bearish,1,0.6893605202024123,19.428084222356617,13.648392834912592,-0.04894719595006942,-12.98118,0.8705622807017545,0.0030896651313192854,1.0,0,5.779691387444025,0
kite-2,kite,Kite,0.151722,273099415,154,38279932.75,0.158522,0.142103,0.00648636,4.46609,9.799465046507542,-13.928028239111995,1800000000.0,10000000000.0,0.319747,-52.7488,0.061819,2026-04-27 09:09:46.131000+00:00,0.0164189999999999,11.554295123959374,2026-04-27 09:10:13,0,47,Neutral,37.3,14,Extreme,Mid,Bearish,0,0.14125821370703265,19.42534644803081,17.460436393878773,-6.570380943467196,-52.7488,0.47450640662774,0.14016849047443034,0.18,0,1.9649100541520355,1
the-graph,grt,The Graph,0.02465053,266216661,155,11919269.0,0.02539271,0.02450733,-0.0003291307957322,-1.3176,0.2296885443340777,3.250024111976358,10799787132.78459,10800262816.04821,2.84,-99.13493,0.02316875,2026-04-27 09:09:50.452000+00:00,0.0008853799999999,3.612715053006582,2026-04-27 09:10:13,0,47,Neutral,37.3,14,Medium,Mid,Neutral,0,0.024351608113489794,19.399821054002548,16.293666976115396,1.4229744671858149,-99.13493,0.008679764084507043,0.04477281382475156,0.9999559563251633,0,3.106154077887151,1
optimism,op,Optimism,0.122416,263347300,156,38279932.75,0.128909,0.121852,-0.0034213288632072,-2.71884,0.3556695217387313,17.399371046771932,2150100019.0,4294967296.0,4.84,-97.47485,0.100074,2026-04-27 09:09:42.692000+00:00,0.0070569999999999,5.791451925286408,2026-04-27 09:10:13,0,47,Neutral,37.3,14,High,Mid,Bullish,0,0.11548350487200841,19.38898425512272,17.460436393878773,9.352086628063159,-97.47485,0.025292561983471074,0.14535912367432663,0.5006091713439673,0,1.9285478612439455,1
official-fo,fo,Official FO,0.263408,262983013,157,153905.0,0.264779,0.262154,0.00032757,0.12451,-0.1423465881441826,0.1972023462173111,997490221.15,997490221.15,0.830025,-68.25599,0.261833,2026-04-27 09:09:52.422000+00:00,0.0026249999999999,1.0013198349061958,2026-04-27 09:10:13,0,47,Neutral,37.3,14,Low,Mid,Neutral,0,0.23381283158209223,19.38760000250497,11.944097305421797,0.16812540773038664,-68.25599,0.3173494774253787,0.0005852279135610938,1.0,0,7.443502697083174,0
chain-2,xcn,Onyxcoin,0.00695004,262918000,158,38279932.75,0.00831372,0.00470122,0.00224627,7.652019999999999,49.14639797523613,35.312595206680506,37829726993.86367,53402432357.48609,0.184139,-96.26059,0.0007055,2026-04-27 09:09:42.444000+00:00,0.0036125,22.92596993405186,2026-04-27 09:10:13,0,47,Neutral,37.3,14,Extreme,Mid,Bullish,0,0.006925999794651147,19.387352758257567,17.460436393878773,24.248365124008302,-96.26059,0.03774344381146851,0.14559647019222724,0.7083895868379972,0,1.926916364378794,1
iota,iota,IOTA,0.056929,250813089,159,5056165.0,0.058378,0.0568,-0.0010067866844482,-1.73776,-1.0147433412208764,2.2144130860947566,4403664060.0,4872972693.0,5.25,-98.91555,0.05222,2026-04-27 09:09:48.707000+00:00,0.0015779999999999,2.7781690140845,2026-04-27 09:10:13,0,47,Neutral,37.3,14,Medium,Mid,Neutral,0,0.05536753339265518,19.34021855834349,15.436119046548344,0.6335438516568538,-98.91555,0.010843619047619048,0.02015909544497496,0.9036915118210781,0,3.904099511795147,0
lido-earn-eth,earneth,Lido Earn ETH,2332.35,249165667,160,1094.33,2411.62,2324.38,-11.090437163229126,-0.47325,113.1301335573684,,106830.4162400657,106830.4162400657,2411.62,-3.32315,1093.28,2026-04-27 09:05:22.020000+00:00,87.23999999999978,3.75325893356507,2026-04-27 09:10:13,0,47,Neutral,37.3,14,Medium,Mid,Unknown,0,7.755060282200973,19.33362856652622,6.998810966710839,-0.18930000000000002,-3.32315,0.9671299790182533,4.39197748701068e-06,1.0,0,12.33481759981538,1
plasma,xpl,Plasma,0.099111,248882429,161,38279932.75,0.105609,0.098347,-0.0021261778037755,-2.10019,-5.913646527188682,10.209680784358298,2505729166.6667,10083506944.4444,1.68,-94.09981,0.073026,2026-04-27 09:09:45.525000+00:00,0.0072619999999999,7.384058486786572,2026-04-27 09:10:13,0,47,Neutral,37.3,14,High,Mid,Bullish,0,0.09450167123115394,19.332491174247554,17.460436393878773,5.285732470614978,-94.09981,0.058994642857142864,0.1538072932822429,0.24849778757253238,0,1.8720547803687815,0
ethgas-2,gwei,ETHGas,0.116185,244054810,162,25204417.0,0.13672,0.096999,0.01863307,7.652019999999999,6.620128661437182,195.1899508940699,2100000000.0,10000000000.0,0.13672,-14.95202,0.01667836,2026-04-27 09:09:46.297000+00:00,0.039721,22.92596993405186,2026-04-27 09:10:13,0,47,Neutral,37.3,14,Extreme,Mid,Bullish,0,0.109916620830009,19.31290339327666,17.04252985457566,120.17477853644193,-14.95202,0.8498025160912813,0.10327359251800856,0.21,0,2.2703735387010013,1
humanity,h,Humanity,0.132408,243146212,163,21823389.0,0.156741,0.133148,-0.0173203074741906,-9.850639999999999,27.829787079328938,60.9799658015225,1825000000.0,10000000000.0,0.388387,-65.71785,0.01810273,2026-04-27 09:09:53.435000+00:00,0.023593,17.71937993811398,2026-04-27 09:10:13,0,47,Neutral,37.3,14,Extreme,Mid,Bullish,0,0.12434633887212247,19.309173519944682,16.898492888354927,32.647723480913506,-65.71785,0.34091769291969093,0.08975418050107234,0.1825,0,2.4106806315897558,1
reallink,real,RealLink,0.07529,241854351,164,6164729.0,0.077152,0.074854,-7.3734245823825e-05,-0.09784,6.62352074111556,34.94143531824622,3212323975.0,3212323975.0,0.99069,-92.40551,0.00023002,2026-04-27 09:09:42.281000+00:00,0.0022979999999999,3.0699762203756573,2026-04-27 09:10:13,0,47,Neutral,37.3,14,Medium,Mid,Bullish,0,0.07259039264079296,19.303846251696132,15.634354898001087,20.925725190947734,-92.40551,0.07599753707012284,0.025489427725862993,1.0,0,3.6694913536950455,1
ethereum-name-service,ens,Ethereum Name Service,6.08,233597979,165,16026846.0,6.33,6.03,-0.158660246060732,-2.54303,3.997722716124347,7.224249894233583,38418437.09007842,100000000.0,83.4,-92.72563,5.01,2026-04-27 09:09:42.510000+00:00,0.2999999999999998,4.97512437810945,2026-04-27 09:10:13,0,47,Neutral,37.3,14,Medium,Mid,Neutral,0,1.9572739077056285,19.269112161620683,16.589775811539678,3.3173379365401496,-92.72563,0.07290167865707434,0.06860866720084081,0.3841843709007842,0,2.6793363500810052,1
axie-infinity,axs,Axie Infinity,1.36,231791754,166,38279932.75,1.47,1.36,-0.0362018589290158,-2.5853,24.30900607729444,17.620126228043326,169992162.8065672,270000000.0,164.9,-99.17135,0.123718,2026-04-27 09:09:46.537000+00:00,0.1099999999999998,8.088235294117638,2026-04-27 09:10:13,0,47,Neutral,37.3,14,High,Mid,Bullish,0,0.8586616190375187,19.26134991878089,17.460436393878773,9.537955736825996,-99.17135,0.008247422680412371,0.16514794892142712,0.6296006029872859,0,1.8009135249021178,1
starknet,strk,Starknet,0.03878953,227364166,167,15689653.0,0.04074424,0.0386212,-0.0017603448544216,-4.34118,12.559682858203065,14.074086965441529,5855480564.348971,10000000000.0,4.41,-99.12127,0.03211754,2026-04-27 09:09:42.893000+00:00,0.0021230399999999,5.497084502811926,2026-04-27 09:10:13,0,47,Neutral,37.3,14,High,Mid,Bullish,0,0.038056121818428226,19.242063549907254,16.56851207220347,6.707980179264918,-99.12127,0.00879581179138322,0.06900670970288256,0.5855480564348972,0,2.673551477703782,1
pendle,pendle,Pendle,1.33,222669072,168,29100358.0,1.37,1.29,0.03942447,3.05888,4.399897898106229,14.019176954528309,167550150.6369821,281527448.4585314,7.5,-82.35314,0.03377729,2026-04-27 09:09:42.338000+00:00,0.08,6.201550387596905,2026-04-27 09:10:13,0,47,Neutral,37.3,14,High,Mid,Bullish,0,0.8458682675776092,19.221197249660644,17.186261068835382,9.635058172716985,-82.35314,0.17733333333333334,0.13068881878665214,0.5951467665209278,0,2.0349361808252624,1
lighter,lit,Lighter,0.874581,218532091,169,20021623.0,0.932793,0.869368,-0.0544040074249739,-5.85629,-2.443685054553673,2.056181491425791,250000000.0,1000000000.0,7.86,-88.88837,0.780945,2026-04-27 09:09:46.305000+00:00,0.0634249999999999,7.295529626119198,2026-04-27 09:10:13,0,47,Neutral,37.3,14,High,Mid,Neutral,0,0.6283851677833115,19.202443435856846,16.81232344744251,-1.1088071051445256,-88.88837,0.11126984732824427,0.09161868587986924,0.25,0,2.3901199884143374,0
undeads-games,uds,Undeads Games,1.75,217753136,170,238445.0,1.76,1.74,0.00304703,0.1746,3.387293771414749,-0.596847749686359,124568848.125,250000000.0,3.15,-44.54316,0.040673,2026-04-27 09:09:43.506000+00:00,0.02,1.1494252873563229,2026-04-27 09:10:13,0,47,Neutral,37.3,14,Low,Mid,Bearish,0,1.0116009116784799,19.198872580022506,12.381898148580426,-0.2882686498118154,-44.54316,0.5555555555555556,0.0010950244133338222,0.4982753925,0,6.81697443144208,1
usda-2,usda,USDa,0.984361,217235955,171,0.0,,,,,0.0,0.0874715067409327,220687350.2163539,220687350.2163539,1.021,-3.63339,0.737813,2026-04-09 12:08:03.616000+00:00,,,2026-04-27 09:10:13,0,47,Neutral,37.3,14,Unknown,Mid,Neutral,0,0.6852969479559218,19.19649467560136,0.0,0.05248290404455962,-3.63339,0.9641145935357494,0.0,1.0,0,19.19649467560136,0
agora-dollar,ausd,AUSD,0.999852,216413954,172,38279932.75,1.0,0.999714,-2.5183850454358e-05,-0.00252,0.001294639253333,-0.0068541674291128,216456853.0,216456853.0,1.022,-2.12933,0.950515,2026-04-27 09:09:54.125000+00:00,0.000286,0.0286081819400356,2026-04-27 09:10:13,0,47,Neutral,37.3,14,Low,Mid,Bearish,0,0.6930731778218102,19.1927035899184,17.460436393878773,-0.00512050045746768,-2.12933,0.9783287671232876,0.17688292294682625,1.0,0,1.7322671960396256,1
ravedao,rave,RaveDAO,0.862506,215175512,173,38279932.75,0.950518,0.85081,-0.0252512777883574,-2.84439,54.10207977689077,185.88337066510505,248044444.0,1000000000.0,27.88,-96.88312,0.206266,2026-04-27 09:09:46.095000+00:00,0.099708,11.71918524699992,2026-04-27 09:10:13,0,47,Neutral,37.3,14,Extreme,Mid,Bullish,0,0.6219228927428987,19.18696459260293,17.460436393878773,110.39226639906303,-96.88312,0.030936370157819228,0.17790097206786246,0.248044444,0,1.7265281987241572,1
apxusd,apxusd,apxUSD,0.999891,211814705,174,15848974.0,1.0,0.999683,-2.2427008191217e-05,-0.00224,0.0220324680076844,0.0210117160441021,211839279.0350161,211839279.0350161,1.11,-10.19321,0.871771,2026-04-27 09:09:48.532000+00:00,0.000317,0.0317100520865125,2026-04-27 09:10:13,0,47,Neutral,37.3,14,Low,Mid,Neutral,0,0.6930926790747663,19.171222422148954,16.578615387426733,0.011711029626461261,-10.19321,0.9008027027027026,0.07482471058843625,1.0,0,2.5926070347222208,1
theta-token,theta,Theta Network,0.211064,211081992,175,10547630.0,0.218817,0.208114,-0.0077528044459787,-3.54306,-2.1192273123069847,36.66429696114208,1000000000.0,1000000000.0,15.72,-98.65882,0.04039979,2026-04-27 09:09:55.241000+00:00,0.010703,5.142854397109285,2026-04-27 09:10:13,0,47,Neutral,37.3,14,High,Mid,Bullish,0,0.19149931205972087,19.167757208374923,16.171411842908245,20.581354176685245,-98.65882,0.013426463104325699,0.049969350298721835,1.0,0,2.996345365466677,0
compound-governance-token,comp,Compound,21.66,209427179,177,27936560.0,23.48,21.66,-1.1502409903386344,-5.04196,-11.621032873829652,15.450601205265285,9668189.278360886,10000000.0,854.45,-97.46564,15.21,2026-04-27 09:09:42.247000+00:00,1.8200000000000005,8.402585410895663,2026-04-27 09:10:13,0,47,Neutral,37.3,14,High,Mid,Bullish,0,3.12060125559986,19.159886647404427,17.14544681903495,7.25357672315917,-97.46564,0.025349640119375034,0.13339510245706934,0.9668189278360887,0,2.0144398283694755,0
grass,grass,Grass,0.369283,208863888,176,18231775.0,0.382283,0.3554,0.01160293,3.24394,14.206456974547487,23.7637415098734,564673734.0,1000000000.0,3.89,-90.46761,0.166785,2026-04-27 09:09:59.130000+00:00,0.0268829999999999,7.564153066966796,2026-04-27 09:10:13,0,47,Neutral,37.3,14,High,Mid,Bullish,0,0.3142872451763757,19.15719334897064,16.71867656374179,15.55582090592404,-90.46761,0.09493136246786632,0.08729022127558977,0.564673734,0,2.438516785228849,1
the-sandbox,sand,The Sandbox,0.078,208019754,178,38279932.75,0.082665,0.077672,-0.0021836122939745,-2.72327,-0.4709584090785051,5.552135329113011,2667289212.2233224,3000000000.0,8.4,-99.07273,0.02897764,2026-04-27 09:09:41.685000+00:00,0.0049929999999999,6.428313935523737,2026-04-27 09:10:13,0,47,Neutral,37.3,14,High,Mid,Neutral,0,0.07510747248680541,19.1531436091172,17.460436393878773,2.2419731974678068,-99.07273,0.009285714285714286,0.18402066156659333,0.8890964040744408,0,1.6927072152384284,0
neo,neo,NEO,2.88,203074870,179,7380785.0,2.94,2.87,-0.0096082233026213,-0.33284,1.3047006071527871,9.49309632900155,70530000.0,100000000.0,198.38,-98.54751,0.078349,2026-04-27 09:09:44.149000+00:00,0.0699999999999998,2.4390243902438966,2026-04-27 09:10:13,0,47,Neutral,37.3,14,Medium,Mid,Neutral,0,1.355835153635182,19.129085291667803,15.814390694970541,5.56272179740093,-98.54751,0.014517592499243875,0.03634514206509156,0.7053,0,3.3146945966972616,1
tradable-na-rent-financing-platform-sstn,pc0000031,Tradable NA Rent Financing Platform SSTN,1.0,202500000,180,0.0,1.0,1.0,0.0,0.0,0.0,0.0,202500000.0,202500000.0,189500000.0,-100.0,1.0,2026-04-27 09:05:12.177000+00:00,0.0,0.0,2026-04-27 09:10:13,0,47,Neutral,37.3,14,Low,Mid,Bearish,0,0.6931471805599453,19.126250449449138,0.0,0.0,-100.0,5.2770448548812665e-09,0.0,1.0,0,19.126250449449138,0
fartcoin,fartcoin,Fartcoin,0.201718,201585850,181,25772140.0,0.213473,0.199426,0.00196837,0.98542,2.7226593017548484,19.65290677643765,999978668.625907,999978668.625907,2.48,-91.88523,0.02002855,2026-04-27 09:09:44.547000+00:00,0.014047,7.043715463379903,2026-04-27 09:10:13,0,47,Neutral,37.3,14,High,Mid,Bullish,0,0.1837521996029978,19.121725908166763,17.06480466027956,12.18591206586259,-91.88523,0.08133790322580646,0.12784696941774434,1.0,0,2.056921247887203,1
telcoin,tel,Telcoin,0.00209734,199451212,182,792608.0,0.00216434,0.00208288,5.35e-06,0.25554,4.52090397233663,-1.302262494555835,95077236366.71,100000000000.0,0.064483,-96.74604,6.474e-05,2026-04-27 09:09:51.894000+00:00,8.145999999999978e-05,3.910931018589634,2026-04-27 09:10:13,0,47,Neutral,37.3,14,Medium,Mid,Bearish,0,0.0020951436529171178,19.11108021802194,13.583085314708068,-0.679141496733501,-96.74604,0.032525471829784595,0.003973944264625476,0.9507723636671,0,5.527994903313871,1
genius-3,genius,Genius,0.58761,197167365,183,10755682.0,0.595674,0.562071,0.01838805,3.23038,-5.081420745444372,,335377059.0,953973324.2985384,0.937796,-37.36635,0.194768,2026-04-27 09:09:46.343000+00:00,0.033603,5.978426213058501,2026-04-27 09:10:13,0,47,Neutral,37.3,14,High,Mid,Unknown,0,0.4622297407227584,19.09956349962294,16.19094482401394,1.292152,-37.36635,0.6265861658612321,0.054551025723755045,0.35155811012493926,0,2.9086186756089987,0
raydium,ray,Raydium,0.710824,191151589,184,38279932.75,0.821171,0.704912,-0.0571126955241569,-7.43716,10.17783681842682,25.343545818058505,268967970.467351,555000000.0,16.83,-95.78953,0.134391,2026-04-27 09:09:41.990000+00:00,0.116259,16.492696960755385,2026-04-27 09:10:13,0,47,Neutral,37.3,14,Extreme,Mid,Bullish,0,0.5369751257968844,19.068577336146912,17.460436393878773,12.231263490835103,-95.78953,0.04223553178847297,0.20025955813529753,0.4846269738150469,0,1.6081409422681396,1
vision-3,vsn,Vision,0.051523,190029593,185,1001082.0,0.052107,0.050907,-0.0002815413378965,-0.54347,-4.804118786713924,0.6879872077300712,3691037083.124619,4200000000.0,0.223874,-76.98866,0.04699095,2026-04-27 09:09:53.960000+00:00,0.0011999999999999,2.3572396723436846,2026-04-27 09:10:13,0,47,Neutral,37.3,14,Medium,Mid,Neutral,0,0.05023958943542318,19.062690375890497,13.816592971942843,0.19540432463804264,-76.98866,0.23014284820926056,0.005268032121712748,0.8788183531249093,0,5.246097403947655,0
swissborg,borg,SwissBorg,0.19147,187958631,186,184591.0,0.196334,0.186027,0.00330582,1.75688,2.767867562891657,2.2883822152751017,981852443.442,981852443.442,1.64,-88.33743,0.00502687,2026-04-27 09:09:53.265000+00:00,0.010307,5.540593569750634,2026-04-27 09:10:13,0,47,Neutral,37.3,14,High,Mid,Neutral,0,0.17518783889305797,19.051732454028116,12.125903263167071,2.075781329165061,-88.33743,0.11675,0.000982083126579061,1.0,0,6.9258291908610445,1
story-2,ip,Story,0.519768,183797372,187,35005661.0,0.554086,0.518392,-0.0147506421397103,-2.75961,2.9416951858827747,-6.084335091668726,353499204.14,1027023293.66,14.78,-96.48433,0.472421,2026-04-27 09:09:44.934000+00:00,0.035694,6.8855229247364935,2026-04-27 09:10:13,0,47,Neutral,37.3,14,High,Mid,Bearish,0,0.41855769162985285,19.029344475074254,17.371020377798672,-4.754445055001236,-96.48433,0.035166982408660355,0.19045789729790044,0.3441978447053872,0,1.6583240972755817,1
helium,hnt,Helium,0.9912,182257203,188,3479333.0,1.047,0.98843,-0.0341364059894256,-3.32929,-5.696574435795236,-14.513316275619143,183902444.9553964,183902444.9553964,54.88,-98.19452,0.113248,2026-04-27 09:09:44.152000+00:00,0.0585699999999999,5.925558714324727,2026-04-27 09:10:13,0,47,Neutral,37.3,14,High,Mid,Bearish,0,0.6887374720712451,19.02092945619254,15.062351454124956,-10.039705765371485,-98.19452,0.018061224489795916,0.019090235901403577,1.0,0,3.9585780020675845,0
trust-wallet-token,twt,Trust Wallet,0.436912,181980040,190,9586700.0,0.448982,0.432033,0.00414298,0.95732,9.312107397457927,1.7373599350288376,416649900.0,1000000000.0,2.72,-83.96407,0.00277641,2026-04-27 09:09:41.674000+00:00,0.0169489999999999,3.923079949911232,2026-04-27 09:10:13,0,47,Neutral,37.3,14,Medium,Mid,Neutral,0,0.36249636653000383,19.019407574192275,16.075887383505602,1.4253439610173024,-83.96407,0.16062941176470588,0.05267995325201599,0.4166499,0,2.943520190686673,1
the9bit,9bit,The9bit,0.02218812,181902172,189,2806631.0,0.02235081,0.02193209,7.042e-05,0.31838,-11.70746212888266,-18.605742338553537,8199996204.623253,9999996204.623253,0.02773488,-20.02767,0.00589506,2026-04-27 09:09:52.371000+00:00,0.0004187199999999,1.9091659755180528,2026-04-27 09:10:13,0,47,Neutral,37.3,14,Low,Mid,Strong Bear,0,0.02194554529272384,19.01897958954124,14.847495745930177,-11.03609340313212,-20.02767,0.8000077880272062,0.015429342976729273,0.8199999316831926,0,4.171483843611062,0
block-street,bsb,Block Street,0.845256,181202108,195,38279932.75,0.919675,0.597306,0.224445,7.652019999999999,280.4827775166543,342.37870398503924,215200000.0,1000000000.0,0.919675,-9.69674,0.080443,2026-04-27 09:09:47.881000+00:00,0.322369,22.92596993405186,2026-04-27 09:10:13,0,47,Neutral,37.3,14,Extreme,Mid,Bullish,0,0.6126180212546635,19.015123590578266,17.460436393878773,208.48803039102356,-9.69674,0.919081197162041,0.21125544935713442,0.2152,0,1.5546871966994935,1
skyai,skyai,SkyAI,0.180226,180259543,191,12410264.0,0.190798,0.17918,-0.0022133325353915,-1.21319,9.622905844014417,187.089144541373,998384107.7887264,998384107.7887264,0.253014,-28.62751,0.01433298,2026-04-27 09:09:45.108000+00:00,0.0116179999999999,6.483982587342331,2026-04-27 09:10:13,0,47,Neutral,37.3,14,High,Mid,Bullish,0,0.16570594556264975,19.009908281409984,16.33403451069978,111.7682107248238,-28.62751,0.7123163145122404,0.06884664075732179,1.0,0,2.6758737707102043,1
btse-token,btse,BTSE Token,1.11,180012929,192,2788713.0,1.12,1.088,-0.0060730068758794,-0.54358,-11.024437727014426,-22.651216976196597,162061501.0,200000000.0,9.21,-87.93937,0.06191,2026-04-27 09:09:41.461000+00:00,0.032,2.9411764705882377,2026-04-27 09:10:13,0,47,Neutral,37.3,14,Medium,Mid,Strong Bear,0,0.7466879474879752,19.008539239607927,14.841091115636145,-13.808162185717958,-87.93937,0.12052117263843648,0.015491737262938485,0.810307505,0,4.167448123971782,0
decentraland,mana,Decentraland,0.092719,179382733,193,14084618.0,0.09579,0.092233,-0.0026254862547423,-2.75368,2.319501831581642,13.26611371462566,1935154686.5807717,2193179327.320146,5.85,-98.41898,0.00923681,2026-04-27 09:09:46.423000+00:00,0.003557,3.856537248056557,2026-04-27 09:10:13,0,47,Neutral,37.3,14,Medium,Mid,Bullish,0,0.08866908556455876,19.00503225992498,16.460593908873502,6.8581962287753955,-98.41898,0.01584940170940171,0.07851713353034932,0.8823513255276505,0,2.544438351051479,1
thorchain,rune,THORChain,0.510817,179263120,194,29595395.0,0.530144,0.482167,0.02375802,4.87786,22.19289822684609,28.868411823531957,350849904.0,424527066.0,20.87,-97.55507,0.00851264,2026-04-27 09:09:45.215000+00:00,0.0479769999999999,9.950286933780191,2026-04-27 09:10:13,0,47,Neutral,37.3,14,High,Mid,Bullish,0,0.4126505641095113,19.004365234207174,17.203129366656064,19.272191094119172,-97.55507,0.024476137997125058,0.16509472221614796,0.8264488464912152,0,1.8012358675511102,1
safepal,sfp,SafePal,0.357313,178577942,196,7190492.0,0.362894,0.33019,0.02712306,7.652019999999999,17.293796005560242,26.31127119505615,500000000.0,500000000.0,4.19,-91.4913,0.232742,2026-04-27 09:09:50.202000+00:00,0.032704,9.904600381598478,2026-04-27 09:10:13,0,47,Neutral,37.3,14,High,Mid,Bullish,0,0.3055070101142707,19.0005357193399,15.788270294801388,18.84757071703369,-91.4913,0.08527756563245822,0.040265286515621286,1.0,0,3.212265424538513,1
dogwifcoin,wif,dogwifhat,0.177454,177352638,197,38279932.75,0.182577,0.175948,-0.0018451150746653,-1.02907,-10.745258879755,2.0830180697112297,998926392.0,998926392.0,4.83,-96.32898,0.00155464,2026-04-27 09:09:43.465000+00:00,0.0066289999999999,3.767590424443584,2026-04-27 09:10:13,0,47,Neutral,37.3,14,Medium,Mid,Neutral,0,0.1633544803279371,18.993650619253632,17.460436393878773,0.8381828418267377,-96.32898,0.036739958592132506,0.21584078580212604,1.0,0,1.5332142253748593,0
spiko-us-t-bills-money-market-fund,ustbl,Spiko US T-Bills Money Market Fund,1.081,174398523,198,49.95,1.081,1.081,0.0,0.0,0.0669967149400774,0.2751280360754487,161274936.03085,161274936.03085,1.081,0.0,1.013,2026-04-27 08:55:08.492000+00:00,0.0,0.0,2026-04-27 09:10:13,0,47,Neutral,37.3,14,Low,Mid,Neutral,0,0.7328485474114974,18.976853606100587,3.9308447596687337,0.16507682164526924,0.0,1.0,2.8641297610072077e-07,1.0,0,15.046008846431853,1
sonic-3,s,Sonic,0.04553898,172272179,199,13586871.0,0.04745435,0.04531372,-0.001806744013116,-3.81607,7.76581928853133,12.608680372501269,3784775845.0,3885497663.0,1.029,-95.58414,0.03683683,2026-04-27 09:09:44.930000+00:00,0.0021406299999999,4.724021775303369,2026-04-27 09:10:13,0,47,Neutral,37.3,14,Medium,Mid,Bullish,0,0.04453252278790058,18.964586225896383,16.42461459039223,6.038780223500761,-95.58414,0.044255568513119535,0.07886863148111686,0.9740774987566889,0,2.539971635504152,1
wefi,wfi,WeFi,2.06,171717927,200,1970085.0,2.1,2.04,-0.0195967459273926,-0.94077,2.030016308742736,-2.89686766476686,83178424.41407333,1000000000.0,3.0,-31.12379,0.151329,2026-04-27 09:09:44.307000+00:00,0.06,2.9411764705882377,2026-04-27 09:10:13,0,47,Neutral,37.3,14,Medium,Mid,Bearish,0,1.1184149159642893,18.961363735093634,14.493587754583663,-2.114428598860116,-31.12379,0.6866666666666666,0.011472797479089065,0.08317842441407333,0,4.4677759805099715,1
re-protocol-reusd,reusd,Re Protocol reUSD,1.074,169026120,202,526697.0,1.074,1.073,0.00030381,0.0283,0.096613785833323,0.4847061312769894,157412161.8981171,157412161.8981171,1.078,-0.38784,0.873393,2026-04-27 09:09:48.099000+00:00,0.0010000000000001,0.0931966449207932,2026-04-27 09:10:13,0,47,Neutral,37.3,14,Low,Mid,Neutral,0,0.7294791098073357,18.94556382307403,13.174382608236249,0.30214367876619364,-0.38784,0.9962894248608535,0.003116068688082055,1.0,0,5.77118121483778,1
pieverse,pieverse,Pieverse,0.733491,168529704,201,38279932.75,0.832921,0.728443,-0.0103431525533791,-1.39052,-23.288026774770064,41.84030913453034,230000000.0,1000000000.0,1.65,-55.42179,0.119363,2026-04-27 09:09:45.710000+00:00,0.104478,14.342645889932374,2026-04-27 09:10:13,0,47,Neutral,37.3,14,Extreme,Mid,Bullish,0,0.5501372943209837,18.94262258302048,17.460436393878773,24.5479774807182,-55.42179,0.44454000000000005,0.22714056834752408,0.23,0,1.4821861891417072,0
nusd-2,nusd,Neutrl USD,0.999743,168011477,203,614500.0,1.0,0.998913,0.00035795,0.03582,0.0887164622886038,0.0929734639352242,168055785.3914785,168055785.3914785,1.031,-3.05764,0.975411,2026-04-27 09:09:48.711000+00:00,0.0010869999999999,0.1088182854763076,2026-04-27 09:10:13,0,47,Neutral,37.3,14,Low,Mid,Neutral,0,0.693018672303113,18.939542856462303,13.328565835326202,0.07011207836113452,-3.05764,0.969682832201746,0.0036574882321878522,1.0,0,5.610977021136101,1
walrus-2,wal,Walrus,0.072184,165748555,204,6640643.0,0.076076,0.071866,-0.0018853186440961,-2.54535,-1.4014355605520084,1.9373456323792992,2296041667.0,5000000000.0,0.759179,-90.49124,0.065359,2026-04-27 09:09:47.275000+00:00,0.00421,5.858124843458667,2026-04-27 09:10:13,0,47,Neutral,37.3,14,High,Mid,Neutral,0,0.06969768971088816,18.92598247507676,15.708719504701396,0.1442673794275795,-90.49124,0.09508166058334068,0.04006456044217097,0.4592083334,0,3.2172629703753657,0
tradable-apac-diversified-finance-provider-sstn,pc0000033,Tradable APAC Diversified Finance Provider SSTN,1.0,162500000,205,0.0,1.0,1.0,0.0,0.0,0.0,0.0,162500000.0,162500000.0,1.0,0.0,1.0,2026-04-27 09:05:10.941000+00:00,0.0,0.0,2026-04-27 09:10:13,0,47,Neutral,37.3,14,Low,Mid,Bearish,0,0.6931471805599453,18.906188565887913,0.0,0.0,0.0,1.0,0.0,1.0,0,18.906188565887913,0
mx-token,mx,MX,1.76,161840070,206,8077543.0,1.77,1.76,-0.0039754567978345,-0.22509,-0.5359409252731998,-1.2188204100258764,91837334.0,409024834.0,5.85,-69.90057,0.04218457,2026-04-27 09:09:46.495000+00:00,0.01,0.5681818181818187,2026-04-27 09:10:13,0,47,Neutral,37.3,14,Low,Mid,Bearish,0,1.0152306797290584,18.902119189528563,15.904598423895914,-0.8213282460155258,-69.90057,0.3008547008547009,0.04991064944546798,0.22452752587633834,0,2.9975207656326486,0
falcon-finance-ff,ff,Falcon Finance,0.068657,160701081,207,11943647.0,0.070295,0.06858,-0.0009863749895255,-1.41632,-6.554173471785584,-2.610925536809092,2340000000.0,10000000000.0,0.770814,-91.0892,0.062102,2026-04-27 09:09:45.718000+00:00,0.0017149999999999,2.5007290755322167,2026-04-27 09:10:13,0,47,Neutral,37.3,14,Medium,Mid,Bearish,0,0.06640271993872715,18.895056563728012,16.295710146902856,-2.1330833220854553,-91.0892,0.08907077453185852,0.07432213228235846,0.234,0,2.5993464168251563,0
ribbita-by-virtuals,tibbir,Ribbita by Virtuals,0.160647,160531098,208,1927156.0,0.172501,0.159903,-0.00387604326127,-2.35593,14.45004109066588,45.80897775401549,999904783.797368,999904783.797368,0.440027,-63.48829,0.01032004,2026-04-27 09:09:58.660000+00:00,0.0125979999999999,7.87852635660369,2026-04-27 09:10:13,0,47,Neutral,37.3,14,High,Mid,Bullish,0,0.14897760824943787,18.893998245004546,14.471556417871156,26.543014652409294,-63.48829,0.3650844152745173,0.012004876463250753,1.0,0,4.42244182713339,1
gala,gala,GALA,0.00335454,159779419,209,26350947.0,0.00348965,0.00334018,-0.0001026894732974,-2.97028,5.59605363844172,15.114029376744586,47650097440.2956,47650097707.10457,0.824837,-99.59356,0.00013475,2026-04-27 09:09:51.750000+00:00,0.00014947,4.474908537863231,2026-04-27 09:10:13,0,47,Neutral,37.3,14,Medium,Mid,Bullish,0,0.0033489260819326593,18.889304797020344,17.087014809534082,7.88030562604675,-99.59356,0.004066912614249845,0.16492078369617805,0.9999999944006628,0,1.8022899874862617,1
satoshi-stablecoin,satusd,Satoshi Stablecoin,0.992248,158403547,210,6152.01,1.014,0.986639,-0.0039770219136096,-0.39921,-0.3894887133512424,-0.187443932360697,159196217.2153692,159196217.2153692,1.68,-40.70915,0.635574,2026-04-27 09:09:43.600000+00:00,0.0273609999999999,2.7731520850077858,2026-04-27 09:10:13,0,47,Neutral,37.3,14,Medium,Mid,Bearish,0,0.6892636494051425,18.880656436083644,8.724696671962638,-0.27215035941641824,-40.70915,0.5906238095238096,3.883757729238222e-05,1.0,0,10.155959764121006,0
jito-governance-token,jto,Jito,0.340842,158061457,211,17469069.0,0.377151,0.339914,-0.0349859796846623,-9.30905,7.0721770616305175,13.646207201992755,463743251.3,1000000000.0,6.01,-94.33,0.218137,2026-04-27 09:09:55.332000+00:00,0.037237,10.954829751054683,2026-04-27 09:10:13,0,47,Neutral,37.3,14,Extreme,Mid,Bullish,0,0.2932977748374159,18.878494490043746,16.675942446577626,4.464104321195652,-94.33,0.056712479201331115,0.11052073877820828,0.4637432513,0,2.2025520434661203,1
convex-finance,cvx,Convex Finance,1.75,157851490,212,5372012.0,1.8,1.74,-0.0279098155254822,-1.56867,-1.0990175929142187,6.236982217425292,90087786.50569656,99964538.88579726,60.09,-97.08337,1.36,2026-04-27 09:09:42.156000+00:00,0.06,3.448275862068969,2026-04-27 09:10:13,0,47,Neutral,37.3,14,Medium,Mid,Neutral,0,1.0116009116784799,18.877165218599938,15.49671325657766,3.114721330455175,-97.08337,0.0291229821933766,0.0340320639355384,0.9011974397102535,0,3.3804519620222777,0
circle-internet-group-ondo-tokenized-stock,crclon,Circle Internet Group (Ondo Tokenized Stock),99.35,155507487,213,1903459.0,101.85,98.85,-0.7285723635277463,-0.72803,-2.645745644561228,7.040004354100786,1569517.253798841,1569517.253798841,158.37,-37.44713,47.99,2026-04-27 09:09:55.524000+00:00,3.0,3.0349013657056148,2026-04-27 09:10:13,0,47,Neutral,37.3,14,Medium,Mid,Neutral,0,4.608664075242347,18.862204442765016,14.45918384066217,3.9327906124604715,-37.44713,0.6273284081581108,0.012240304545594001,1.0,0,4.4030206021028455,0
basic-attention-token,bat,Basic Attention,0.103353,154536571,214,7222346.0,0.105976,0.10215,-0.0017866518628089,-1.69931,4.246623787882754,9.535530275893038,1495724656.9526055,1500000000.0,1.9,-94.56756,0.072394,2026-04-27 09:09:45.655000+00:00,0.0038259999999999,3.745472344591283,2026-04-27 09:10:13,0,47,Neutral,37.3,14,Medium,Mid,Neutral,0,0.09835372533541635,18.855941338264326,15.792690527297525,5.041594165535822,-94.56756,0.05439631578947369,0.046735513498613865,0.997149771301737,0,3.0632508109668013,1
newton-project,ab,AB,0.00154184,152328829,215,2984410.0,0.00155616,0.0015369,-1.1354335307576e-05,-0.73103,0.2043790546492291,-20.214489804088025,98823661261.46,98823661261.46,0.01727373,-91.08394,3.8e-06,2026-04-27 09:09:51.602000+00:00,1.926000000000011e-05,1.2531719695490997,2026-04-27 09:10:13,0,47,Neutral,37.3,14,Low,Mid,Strong Bear,0,0.00154065258508638,18.841552097390156,14.908912965405701,-12.421105882452816,-91.08394,0.08925923931889639,0.01959189222153083,1.0,0,3.9326391319844554,1
fidelity-digital-interest-token,fdit,Fidelity Digital Interest Token,1.0,151088926,217,0.0,1.0,1.0,0.0,0.0,0.0,0.0,151088925.68,151088925.68,1.0,0.0,1.0,2026-04-27 09:05:13.580000+00:00,0.0,0.0,2026-04-27 09:10:13,0,47,Neutral,37.3,14,Low,Mid,Bearish,0,0.6931471805599453,18.83337914196336,0.0,0.0,0.0,1.0,0.0,1.0,0,18.83337914196336,0
stasis-eurs,eurs,STASIS EURO,1.22,150977248,218,16116.73,1.29,1.21,0.00245367,0.20214,-0.5749296371845991,-0.6402761128261123,124125940.0,124125940.0,1.79,-32.16788,0.632498,2026-04-27 09:09:44.425000+00:00,0.08,6.61157024793389,2026-04-27 09:10:13,0,47,Neutral,37.3,14,High,Mid,Bearish,0,0.7975071958841881,18.83263971455333,9.687675187286152,-0.30330966769566736,-32.16788,0.6815642458100558,0.00010674939577650799,1.0,0,9.14496452726718,0
gamer-tag,gmrt,The Game Company,0.412908,150682948,219,730.93,0.41406,0.413073,-0.0011524056600495,-0.27832,105.34361142933308,105.34361142933308,364931378.3992503,1000000000.0,0.41406,-0.27832,0.00031261,2026-04-25 12:43:23.641000+00:00,0.0009869999999999,0.2389408167563506,2026-04-27 09:10:13,0,47,Neutral,37.3,14,Low,Mid,Bullish,0,0.3456499918869792,18.83068851187348,6.595684880973322,63.09483885759985,-0.27832,0.997217794522533,4.850781124882159e-06,0.36493137839925033,0,12.235003630900156,1
gusd,gusd,GUSD,1.001,149957115,220,6854312.0,1.003,0.99435,1.923e-05,0.00192,0.0277480783636396,0.2242546730400683,149790000.0,320000000.0,1.022,-2.03507,0.979237,2026-04-27 09:09:45.641000+00:00,0.0086499999999999,0.8699150198622151,2026-04-27 09:10:13,0,47,Neutral,37.3,14,Low,Mid,Neutral,1,0.6936470556015963,18.825859917851908,15.74038864713793,0.13532080382404096,-2.03507,0.9794520547945205,0.045708481388162206,0.46809375,0,3.0854712707139775,1
zksync,zk,ZKsync,0.01544446,149816576,221,9187930.0,0.01618804,0.01533604,-0.000416580199141,-2.62644,-1.7247792164825682,-11.194781455933237,9703425807.0,21000000000.0,0.320983,-95.19736,0.01408359,2026-04-27 09:09:58.624000+00:00,0.000852,5.555541065359769,2026-04-27 09:10:13,0,47,Neutral,37.3,14,High,Mid,Bearish,0,0.015326408272807776,18.824922283806103,16.033401332967543,-7.767444873559942,-95.19736,0.04811613076081911,0.06132786000929563,0.4620678955714286,0,2.79152095083856,0
chip-2,chip,USD.AI,0.07518,149207820,216,38279932.75,0.085991,0.067983,0.00589866,7.652019999999999,,,2000000000.0,10000000000.0,0.138378,-45.22246,0.055791,2026-04-27 09:09:56.442000+00:00,0.0180079999999999,22.92596993405186,2026-04-27 09:10:13,0,47,Neutral,37.3,14,Extreme,Mid,Unknown,0,0.07248808942326757,18.82085066393112,17.460436393878773,3.0608079999999998,-45.22246,0.5432944543207735,0.2565544671184124,0.2,0,1.360414270052349,0
zano,zano,Zano,9.69,147911646,222,1167326.0,9.94,9.65,-0.071806466430619,-0.73547,-1.6632237610888263,-2.960629509775453,15258867.97,15259694.61,17.81,-45.57116,0.146452,2026-04-27 09:09:46.443000+00:00,0.2899999999999991,3.00518134715025,2026-04-27 09:10:13,0,47,Neutral,37.3,14,Medium,Mid,Bearish,0,2.3693087250369538,18.81212567373531,13.970227077673947,-2.0705657058652718,-45.57116,0.5440763615946098,0.007892049284611437,0.9999458285358177,0,4.8418985960613625,0
usa,usat,USAT,0.999025,146607938,223,11379307.0,0.999703,0.9981,-6.4430374725699e-05,-0.00645,0.0347560363726022,-0.1021826649028151,146750888.5,146750888.5,1.002,-0.33681,0.99608,2026-04-27 09:09:46.378000+00:00,0.001603,0.1606051497845928,2026-04-27 09:10:13,0,47,Neutral,37.3,14,Low,Mid,Bearish,0,0.6926595616931871,18.803272500111525,16.2473071763777,-0.06388959894168907,-0.33681,0.9970309381237525,0.07761726380736628,1.0,0,2.555965323733826,1
onyc,onyc,Onchain Yield Coin,1.097,144864548,224,415452.0,1.097,1.096,0.00038094,0.03475,0.234744502780875,0.762058078917382,132098713.1263687,132098713.1263687,1.097,-0.03228,1.005,2026-04-27 09:09:56.340000+00:00,0.0009999999999998,0.0912408759123987,2026-04-27 09:10:13,0,47,Neutral,37.3,14,Low,Mid,Neutral,0,0.7405077519197829,18.791309718972073,12.937124770152625,0.4711348473504292,-0.03228,1.0,0.002867865228144018,1.0,0,5.854184948819448,1
vaulta,a,Vaulta,0.088084,144287768,225,16238511.0,0.093057,0.087563,-0.0012809220882753,-1.43336,9.60816749788425,15.774620906597118,1637681794.4585,2100000000.0,0.778734,-88.70566,0.07098,2026-04-27 09:09:45.247000+00:00,0.0054939999999999,6.274339618331942,2026-04-27 09:10:13,0,47,Neutral,37.3,14,High,Mid,Bullish,0,0.08441835133588307,18.787320259236928,16.60289626288416,8.89142854395827,-88.70566,0.11311179427121455,0.11254253375102455,0.7798484735516666,0,2.18442399635277,1
akash-network,akt,Akash Network,0.48732,142303103,228,4739095.0,0.494371,0.473171,0.00079368,0.16313,6.009265594204026,-2.468060117448396,292078878.414427,292589927.432807,8.07,-94.0152,0.164994,2026-04-27 09:09:42.087000+00:00,0.0211999999999999,4.480409830695456,2026-04-27 09:10:13,0,47,Neutral,37.3,14,Medium,Mid,Bearish,0,0.3969758427121789,18.773469875893156,15.371356958182824,-1.4155840704690374,-94.0152,0.06038661710037174,0.03330282263767643,0.9982533608628841,0,3.4021129177103315,1
apecoin,ape,ApeCoin,0.142259,142259392,226,38279932.75,0.157512,0.141612,-0.0146995155707654,-9.3652,39.21387179457664,64.53543320391424,1000000000.0,1000000000.0,26.7,-99.46802,0.08172,2026-04-27 09:09:42.677000+00:00,0.0159,11.227862045589376,2026-04-27 09:10:13,0,47,Neutral,37.3,14,Extreme,Mid,Bullish,0,0.13300788061602067,18.773162660425168,17.460436393878773,34.975179922348545,-99.46802,0.0053280524344569286,0.2690854516656447,1.0,0,1.3127262665463952,1
immutable-x,imx,Immutable,0.168601,142037180,227,10247406.0,0.17884,0.167793,-0.0081793991827943,-4.62687,6.234051567265205,15.754266859544316,842444578.3296283,2000000000.0,9.52,-98.23132,0.13053,2026-04-27 09:09:42.513000+00:00,0.011047,6.583707306025878,2026-04-27 09:10:13,0,47,Neutral,37.3,14,High,Mid,Bullish,0,0.1558073068626324,18.77159941932011,16.142535255935208,7.601812115726589,-98.23132,0.017710189075630253,0.07214594094306857,0.4212222891648142,0,2.6290641633849035,1
ecash,xec,eCash,7.03e-06,140675375,229,3020863.0,7.18e-06,7.01e-06,-8.2986216769e-08,-1.16675,0.132079500915684,5.491590929449247,20020385922580.0,20020385922580.0,0.00038001,-98.15021,6.52e-06,2026-04-27 09:09:51.376000+00:00,1.700000000000001e-07,2.425106990014266,2026-04-27 09:10:13,0,47,Neutral,37.3,14,Medium,Mid,Neutral,0,7.029975289665809e-06,18.761965496107482,14.921053441149567,2.828254557669548,-98.15021,0.01849951317070603,0.021473999980451446,1.0,0,3.840912054957915,1
origintrail,trac,OriginTrail,0.308644,138440694,230,16382813.0,0.374206,0.286055,0.01521004,5.18346,7.053311872231262,7.427473004153071,447274118.0,500000000.0,3.5,-91.12841,0.00385262,2026-04-27 09:09:42.503000+00:00,0.0881509999999999,22.92596993405186,2026-04-27 09:10:13,0,47,Neutral,37.3,14,Extreme,Mid,Neutral,0,0.26899148660824285,18.745952596944186,16.611743416505945,6.529867802491843,-91.12841,0.088184,0.11833813112783154,0.894548236,0,2.1342091804382406,1
sentient,sent,Sentient,0.01888207,136699693,231,13206565.0,0.0192464,0.01864331,-2.302546326173e-05,-0.1218,15.643224454882922,15.88005372003112,7237882055.0,34359738368.0,0.04805315,-60.73574,0.01534282,2026-04-27 09:09:46.092000+00:00,0.00060309,3.2348869379954555,2026-04-27 09:10:13,0,47,Neutral,37.3,14,Medium,Mid,Bullish,0,0.018706016434295918,18.733297063213254,16.396224688124597,9.479312232018671,-60.73574,0.3929413576425271,0.09661005602989906,0.21065009219455533,0,2.337072375088656,1
theo-short-duration-us-treasury-fund,thbill,Theo Short Duration US Treasury Fund,1.021,134459850,232,191646.0,1.026,1.018,0.00012009,0.01177,0.5431401540347709,0.2883913722738302,131668780.859991,131668780.859991,1.11,-8.21514,0.906552,2026-04-27 09:09:45.456000+00:00,0.008,0.7858546168958749,2026-04-27 09:10:13,0,47,Neutral,37.3,14,Low,Mid,Neutral,0,0.7035924384214839,18.716776206868303,12.163410417151093,0.1777428233642981,-8.21514,0.9198198198198196,0.0014253027948491687,1.0,0,6.55336578971721,1
golem,glm,Golem,0.134216,134244301,236,5892637.0,0.137571,0.132386,-0.002608418605509,-1.9064,5.1964921641976165,1.9779921132373948,1000000000.0,1000000000.0,1.32,-89.89918,0.00913753,2026-04-27 09:09:44.677000+00:00,0.0051849999999999,3.916577281585663,2026-04-27 09:10:13,0,47,Neutral,37.3,14,Medium,Mid,Neutral,0,0.1259416633577502,18.71517184724953,15.589214333119376,0.4242352679424366,-89.89918,0.10167878787878788,0.043894876401494316,1.0,0,3.125957514130153,1
1inch,1inch,1INCH,0.095515,134162756,233,9700802.0,0.097948,0.094934,-0.0007225802108919,-0.75083,1.9210049680360877,9.144831951506662,1404673542.727503,1499999999.997,8.65,-98.89828,0.083617,2026-04-27 09:09:42.147000+00:00,0.0030139999999999,3.1748372553563406,2026-04-27 09:10:13,0,47,Neutral,37.3,14,Medium,Mid,Neutral,0,0.09122457233755404,18.714564225357524,16.0877192235524,5.186567170903997,-98.89828,0.011042196531791908,0.07230622185489392,0.936449028486875,0,2.6268450018051226,1
instadapp,fluid,Fluid,1.72,134079156,238,4893395.0,1.78,1.68,0.02966852,1.75472,8.754910585070009,4.0083672699331006,77946996.82034639,100000000.0,24.4,-92.98912,0.366538,2026-04-27 09:09:51.752000+00:00,0.1,5.952380952380958,2026-04-27 09:10:13,0,47,Neutral,37.3,14,High,Mid,Neutral,0,1.000631880307906,18.713940907387112,15.40339709894004,3.10690836195986,-92.98912,0.07049180327868852,0.03649631416235943,0.7794699682034638,0,3.310543808447072,1
tradable-latam-fintech-sstn,pc0000097,Tradable LatAm Fintech SSTN,1.0,134000000,235,0.0,1.0,1.0,0.0,0.0,0.0,0.0,134000000.0,134000000.0,1.0,0.0,1.0,2026-04-27 09:05:11.260000+00:00,0.0,0.0,2026-04-27 09:10:13,0,47,Neutral,37.3,14,Low,Mid,Bearish,0,0.6931471805599453,18.71335036537787,0.0,0.0,0.0,1.0,0.0,1.0,0,18.71335036537787,0
build-on,b,BUILDon,0.135537,133753556,234,9431097.0,0.14224,0.118275,0.01530137,7.652019999999999,42.793139042106645,-32.3655087585008,1000000000.0,1000000000.0,0.731588,-81.69294,0.082973,2026-04-27 09:09:52.784000+00:00,0.023965,20.262101035721837,2026-04-27 09:10:13,0,47,Neutral,37.3,14,Extreme,Mid,Strong Bear,0,0.12710566679702515,18.71150953777929,16.059523084734888,-16.35849725510048,-81.69294,0.18526411040093602,0.07051100009632641,1.0,0,2.651986453044401,1
frax-usd,frxusd,Frax USD,0.999661,133648770,237,2428869.0,1.0,0.999331,0.00016452,0.01646,-0.0005453265729944,-0.0360780939853474,133694329.7118002,133954789.7273052,1.007,-0.68602,0.97622,2026-04-27 09:09:44.652000+00:00,0.000669,0.0669447860618784,2026-04-27 09:10:13,0,47,Neutral,37.3,14,Low,Mid,Bearish,0,0.6929776661931968,18.710725804846614,14.702936686585,-0.01506285639120844,-0.68602,0.9927120158887787,0.018173523033545313,0.9980556125239327,0,4.0077891182616145,0
apollo-diversified-credit-securitize-fund,acred,Apollo Diversified Credit Securitize Fund,1096.41,132780893,239,0.0,1097.35,1094.52,0.094329,0.0086,0.1505117804647249,0.6274025339282672,121105.625053,121105.625053,1108.47,-1.08864,1004.33,2026-04-27 09:00:05.791000+00:00,2.8299999999999272,0.2585608303183064,2026-04-27 09:10:13,0,47,Neutral,37.3,14,Low,Mid,Neutral,0,7.00070813703096,18.70421091417433,0.0,0.37988152035696027,-1.08864,0.9891201385693794,0.0,1.0,0,18.70421091417433,1
sosovalue,soso,SoSoValue,0.423037,131976854,240,4520510.0,0.439158,0.417133,0.00129346,0.30669,-0.0164190016735867,2.174033572508045,312001548.0,1000000000.0,1.42,-70.22728,0.299484,2026-04-27 09:09:44.605000+00:00,0.022025,5.280090522687013,2026-04-27 09:10:13,0,47,Neutral,37.3,14,High,Mid,Neutral,0,0.35279332017516596,18.69813712426754,15.324135598515738,1.427096143504827,-70.22728,0.2979133802816902,0.034252293966637516,0.312001548,0,3.374001525751801,0
bnb48-club-token,koge,KOGE,38.74,130879897,241,341286.0,39.2,38.63,-0.1067432133691923,-0.27481,-19.3116810750649,-19.240964177873725,3379998.08,3379998.08,76.94,-49.52614,1.19,2026-04-27 09:09:41.761000+00:00,0.5700000000000003,1.4755371472948493,2026-04-27 09:10:13,0,47,Neutral,37.3,14,Low,Mid,Strong Bear,0,3.6823582371236707,18.689790651478553,12.740479044512176,-11.654502506724233,-49.52614,0.5035092279698467,0.0026076273577751974,1.0,0,5.949311606966377,0
asteroid-shiba,asteroid,Asteroid Shiba,0.00030729,129269357,242,38279932.75,0.00036938,0.0002792,-4.492324885063e-05,-9.850639999999999,-2.5201662307261365,609529.680235178,420690000000.0,420690000000.0,0.0004694,-34.17665,4.9546e-08,2026-04-27 09:09:44.146000+00:00,9.017999999999998e-05,22.92596993405186,2026-04-27 09:10:13,0,47,Neutral,37.3,14,Extreme,Mid,Bullish,0,0.00030724279609789377,18.677408831898298,17.460436393878773,365713.8678851068,-34.17665,0.6546442266723477,0.2961253435336574,1.0,0,1.2169724380195248,0
dydx-chain,dydx,dYdX,0.154174,128805992,243,9550122.0,0.163445,0.152298,-0.0084509721014009,-5.19659,15.069092946681002,64.28955839901634,835145568.8070294,958342751.0,4.52,-96.58574,0.078815,2026-04-27 09:09:43.299000+00:00,0.011147,7.319203141210008,2026-04-27 09:10:13,0,47,Neutral,37.3,14,High,Mid,Bullish,0,0.14338493661577567,18.67381790005517,16.072064591955122,36.4950990394098,-96.58574,0.03410929203539823,0.07414346065515337,0.8714476818816459,0,2.6017533081000472,1
elrond-erd-2,egld,MultiversX,4.27,127391553,244,6286094.0,4.52,4.25,-0.1643527169613703,-3.7062,5.388764513005003,11.470308529981429,29810594.0,29810594.0,545.64,-99.21715,3.62,2026-04-27 09:09:48.770000+00:00,0.2699999999999996,6.352941176470578,2026-04-27 09:10:13,0,47,Neutral,37.3,14,High,Mid,Bullish,0,1.6620303625532709,18.66277600377128,15.653850609174862,5.399705117988857,-99.21715,0.007825672604647753,0.0493446688729825,1.0,0,3.008925394596419,1
cap-usd,cusd,Cap USD,0.999899,127101723,245,9.59,0.999899,0.99985,4.897e-05,0.0049,0.00013201346273,-0.986478768967308,127114518.0014469,127114518.0014469,1.17,-14.55979,0.907113,2026-04-27 09:00:01.886000+00:00,4.899999999996574e-05,0.0049007351102631,2026-04-27 09:10:13,0,47,Neutral,37.3,14,Low,Mid,Bearish,0,0.6930966792847774,18.66049830019043,2.359910159613315,-0.5899272613803849,-14.55979,0.8546145299145299,7.545137684718877e-08,1.0,0,16.300588140577116,1
arweave,ar,Arweave,1.92,126388883,246,12564897.0,2.01,1.92,-0.0721887868941313,-3.61458,-7.5219327921255585,13.652641472654809,65652466.0,65652466.0,89.24,-97.8428,0.298788,2026-04-27 09:09:43.970000+00:00,0.0899999999999998,4.687499999999993,2026-04-27 09:10:13,0,47,Neutral,37.3,14,Medium,Mid,Bullish,0,1.0715836162801904,18.65487409277184,16.346417611139376,6.745752883592885,-97.8428,0.021515015688032272,0.09941457430239335,1.0,0,2.308456481632465,0
shuffle-2,shfl,Shuffle,0.305398,125964668,247,724052.0,0.310563,0.28744,0.01208114,4.11881,4.20080727124496,-0.3975843273734388,412461066.3245936,925465667.215615,0.787524,-61.19638,0.141225,2026-04-27 09:09:54.655000+00:00,0.023123,8.04446145282494,2026-04-27 09:10:13,0,47,Neutral,37.3,14,High,Mid,Bearish,0,0.26650797512036495,18.65151202083308,13.49261987310843,1.4089734035759367,-61.19638,0.3877951656076513,0.0057480562724144205,0.4456794897270872,0,5.158892147724652,1
ozone-chain,ozo,Ozone Chain,0.131042,125893076,248,233501.0,0.132103,0.12942,-0.0005683612857144,-0.43185,0.4842305560156167,0.1630318822464311,960933314.0,1000000000.0,0.485077,-73.02345,0.060046,2026-04-27 09:09:43.087000+00:00,0.0026829999999999,2.0730953484778167,2026-04-27 09:10:13,0,47,Neutral,37.3,14,Medium,Mid,Neutral,0,0.1231393317230006,18.650943509416894,12.3609459213649,-0.07492087065214136,-73.02345,0.27014680143564834,0.001854756491929707,0.960933314,0,6.289997588051994,1
eigenlayer,eigen,EigenCloud (prev. EigenLayer),0.18128,125271548,250,19364835.0,0.188487,0.179767,-0.0010292053648658,-0.56454,0.6340213845841651,5.800361531175862,691092488.0807501,1813518974.228418,5.65,-96.79574,0.148424,2026-04-27 09:09:48.452000+00:00,0.0087199999999999,4.850723436448279,2026-04-27 09:10:13,0,47,Neutral,37.3,14,Medium,Mid,Neutral,0,0.16659859632871837,18.645994331034895,16.77896940200796,3.254400918705517,-96.79574,0.03208495575221239,0.15458286665380713,0.38107816786134435,0,1.867024929026936,1
river,river,River,6.4,124922193,249,11692932.0,6.82,6.36,-0.2257428728202324,-3.40574,40.73275662095087,-55.864614964453374,19600000.0,100000000.0,87.73,-92.71727,1.58,2026-04-27 09:09:45.875000+00:00,0.4599999999999999,7.232704402515722,2026-04-27 09:10:13,0,47,Neutral,37.3,14,High,Mid,Strong Bear,0,2.0014800002101243,18.643201653465393,16.27449520018215,-34.88106497867202,-92.71727,0.07295109996580418,0.09360171895157172,0.196,0,2.3687064532832416,1
gmt-token,gomining,GoMining Token,0.302544,122511161,252,3971763.0,0.302581,0.297278,0.00304997,1.01837,1.8762182124643083,-2.239281953430728,404907866.419548,404907866.419548,0.564703,-46.42008,0.069487,2026-04-27 09:09:48.574000+00:00,0.005303,1.7838521518578578,2026-04-27 09:10:13,0,47,Neutral,37.3,14,Low,Mid,Bearish,0,0.26431927526483256,18.623712702165378,15.194720886470625,-0.9362211720584366,-46.42008,0.5357577345967703,0.03241960134554598,1.0,0,3.4289918156947525,1
unibase,ub,Unibase,0.04832208,121193008,251,21160396.0,0.053014,0.0444271,0.0013478,2.86922,15.460192246729736,92.49005175543772,2500000000.0,10000000000.0,0.091322,-46.77576,0.01029884,2026-04-27 09:10:00.769000+00:00,0.0085869,19.328067778450546,2026-04-27 09:10:13,0,47,Neutral,37.3,14,Extreme,Mid,Bullish,0,0.04719086692747393,18.612894948417694,16.867641926593116,56.641719053262634,-46.77576,0.5291395282626311,0.17460079875235046,0.25,0,1.7452530218245776,1
cash-4,cash,CASH,1.0,120493349,253,5752752.0,1.003,0.996617,0.00096469,0.09654,0.0701279933014706,-0.1903517022915666,120411264.721275,120411264.721275,1.058,-5.4575,0.721504,2026-04-27 09:09:56.777000+00:00,0.0063829999999999,0.6404666988421747,2026-04-27 09:10:13,0,47,Neutral,37.3,14,Low,Mid,Bearish,0,0.6931471805599453,18.60710512265015,15.565189080802407,-0.07559502137493995,-5.4575,0.9451795841209829,0.04774331569122541,1.0,0,3.0419160418477436,1
luxxcoin,lux,Luxxcoin,0.00120377,120361487,254,1612746.0,0.00123683,0.00119837,-1.5521674215841e-05,-1.27301,5.333001682025222,62.43539372574895,100000000000.0,100000000000.0,0.00156066,-22.95042,0.00015328,2026-04-27 09:09:46.111000+00:00,3.8459999999999927e-05,3.2093593798242552,2026-04-27 09:10:13,0,47,Neutral,37.3,14,Medium,Mid,Bullish,0,0.001203046049814983,18.606010172560964,14.293449494216041,36.95203223544937,-22.95042,0.7713211077364706,0.013399186402540873,1.0,0,4.312560678344923,1
astherus-usdf,usdf,Aster USDF,0.998909,119829090,255,45321.0,1.0,0.9989,-0.0007656350093602,-0.07659,-0.0876891343421491,0.1085621064496175,119960169.4656115,119960169.4656115,1.046,-4.52777,0.798494,2026-04-27 09:09:44.583000+00:00,0.0010999999999999,0.1101211332465702,2026-04-27 09:10:13,0,47,Neutral,37.3,14,Low,Mid,Neutral,0,0.69260153172069,18.601577043883452,10.72154784479487,0.03450126386977049,-4.52777,0.9549799235181644,0.00037821367082066634,1.0,0,7.8800291990885825,0
enjincoin,enj,Enjin Coin,0.061369,119731526,257,24543011.0,0.061585,0.059442,1.554e-05,0.02533,4.538265771017823,208.9435932949952,1956935520.102815,1984703504.020292,4.82,-98.7447,0.01740499,2026-04-27 09:09:47.300000+00:00,0.0021429999999999,3.605194979980483,2026-04-27 09:10:13,0,47,Neutral,37.3,14,Medium,Mid,Bullish,0,0.05955958427701199,18.600762519307516,17.01593772810161,125.3762879769971,-98.7447,0.012732157676348548,0.20498369827843002,0.9860090014144535,0,1.5848247912059072,1
centrifuge-2,cfg,Centrifuge,0.205159,118670142,258,8588008.0,0.224988,0.204225,-0.013199646608411,-6.04495,-27.353590938819465,30.82039524129404,577155241.0,680000000.0,0.400363,-48.8216,0.067185,2026-04-27 09:10:00.571000+00:00,0.020763,10.16672787366875,2026-04-27 09:10:13,0,47,Neutral,37.3,14,Extreme,Mid,Bullish,0,0.18661150844542432,18.591858294662927,15.965877485954177,16.074257144776425,-48.8216,0.5124324675357114,0.07236873450442151,0.8487577073529412,0,2.62598080870875,0
cheems-token,cheems,Cheems Token,5.82545e-07,118597441,256,1199823.0,6.0105e-07,5.69516e-07,1.0619e-08,1.85676,12.788751518259676,41.46828965486508,203672952113698.72,203672952113698.72,2.16e-06,-73.09549,5.725e-09,2026-04-27 09:09:43.083000+00:00,3.153400000000002e-08,5.536982279690126,2026-04-27 09:10:13,0,47,Neutral,37.3,14,High,Mid,Bullish,0,5.825448303207274e-07,18.591245475998505,13.997685437334955,25.623677792919047,-73.09549,0.26969675925925923,0.010116769720183086,1.0,0,4.593560038663551,1
ultima,ultima,Ultima,3128.32,118046238,259,14073111.0,3263.83,2923.54,43.78,1.4195,1.2717144519291257,-16.672019276317236,37772.135734,100000.0,22851.0,-86.40944,2038.41,2026-04-27 09:09:43.031000+00:00,340.29,11.639656033438913,2026-04-27 09:10:13,0,47,Neutral,37.3,14,Extreme,Mid,Strong Bear,0,8.048571007535312,18.586586961606656,16.45977658444913,-9.435411565790341,-86.40944,0.13690079208787362,0.11921693768843358,0.37772135734,0,2.1268103771575255,1
tokenize-xchange,tkx,Tokenize Xchange,1.45,116033213,260,2524.37,1.48,1.45,-0.0082112889955083,-0.56291,0.3232219900920151,8.254980443102216,79995997.76037452,100000000.0,50.43,-97.12381,0.111255,2026-04-27 09:09:44.132000+00:00,0.03,2.068965517241381,2026-04-27 09:10:13,0,47,Neutral,37.3,14,Medium,Mid,Neutral,0,0.8960880245566356,18.569387035672925,7.834142865627772,4.727824265861329,-97.12381,0.02875272655165576,2.175558130929288e-05,0.7999599776037452,0,10.735244170045153,1
societe-generale-forge-eurcv,eurcv,EUR CoinVertible,1.17,115747523,261,6466054.0,1.17,1.17,0.0026589,0.22703,-0.1226013559182114,2.0536183378664843,98607325.36,98607325.36,1.22,-3.65002,0.988513,2026-04-27 09:09:43.135000+00:00,0.0,0.0,2026-04-27 09:10:13,0,47,Neutral,37.3,14,Low,Mid,Neutral,0,0.7747271675523681,18.566921859773103,15.68207674326289,1.3229830027198903,-3.65002,0.9590163934426229,0.055863433034329384,1.0,0,2.8848451165102134,0
reserve-rights-token,rsr,Reserve Rights,0.00183904,114928940,262,20934104.0,0.00195723,0.00181715,1.58e-06,0.08576,2.699504612880869,12.939413571282335,62553174091.0,100000000000.0,0.117424,-98.43953,0.00121354,2026-04-27 09:09:46.518000+00:00,0.0001400799999999,7.708774729659075,2026-04-27 09:10:13,0,47,Neutral,37.3,14,High,Mid,Bullish,0,0.001837351036336657,18.55982459099813,16.856890205148215,7.7979521427694,-98.43953,0.015661534268973973,0.18214823872907904,0.62553174091,0,1.7029343858499146,1
tradable-singapore-fintech-ssl-2,pc0000023,Tradable Singapore Fintech SSL,1.0,114500000,263,0.0,1.0,1.0,0.0,0.0,0.0,0.0,114500000.0,114500000.0,1.0,0.0,1.0,2026-04-27 09:05:10.598000+00:00,0.0,0.0,2026-04-27 09:10:13,0,47,Neutral,37.3,14,Low,Mid,Bearish,0,0.6931471805599453,18.556085389692193,0.0,0.0,0.0,1.0,0.0,1.0,0,18.556085389692193,0
aethir,ath,Aethir,0.00583561,112248330,264,38279932.75,0.00635009,0.00579154,-0.0002395108965678,-3.94249,-0.2550031642911681,-17.543581126251322,19248226568.0,42000000000.0,0.118536,-95.07558,0.00487815,2026-04-27 09:09:54.658000+00:00,0.0005585499999999,9.64423970135749,2026-04-27 09:10:13,0,47,Neutral,37.3,14,High,Mid,Strong Bear,0,0.0058186487820099265,18.536224215879216,17.460436393878773,-12.103144675750793,-95.07558,0.04923069784706755,0.341028973437734,0.45829110876190476,0,1.0757878220004429,0
zero-gravity,0g,0G,0.526612,112242925,265,38279932.75,0.643133,0.523215,-0.0352873246230356,-6.28,-9.136035914972313,11.148842914192135,213199722.0,1000000000.0,7.05,-92.54018,0.455121,2026-04-27 09:09:50.128000+00:00,0.1199179999999999,22.919449939317484,2026-04-27 09:10:13,0,47,Neutral,37.3,14,Extreme,Mid,Bullish,0,0.42305090095660514,18.536176062556248,17.460436393878773,4.1773057485152805,-92.54018,0.07469673758865247,0.34104539551156565,0.213199722,0,1.0757396686774747,0
tradable-na-third-party-online-merchant-sstn,pc0000015,Tradable NA Third Party Online Merchant SSTN,1.0,110225974,267,0.0,1.0,1.0,0.0,0.0,0.0,0.0,110225973.775249,110225973.775249,1.0,0.0,1.0,2026-04-27 09:05:10.771000+00:00,0.0,0.0,2026-04-27 09:10:13,0,47,Neutral,37.3,14,Low,Mid,Bearish,0,0.6931471805599453,18.51804313471236,0.0,0.0,0.0,1.0,0.0,1.0,0,18.51804313471236,0
wemix-token,wemix,WEMIX,0.237972,110004578,268,1023895.0,0.240095,0.235617,-0.0019122219668478,-0.79714,-0.5405140445826369,-4.542719247459134,462277841.3255647,552473209.5478008,24.71,-99.0363,0.128398,2026-04-27 09:09:41.709000+00:00,0.004478,1.900541981266212,2026-04-27 09:10:13,0,47,Neutral,37.3,14,Low,Mid,Bearish,0,0.21347455688223915,18.516032550163025,13.83912551692377,-3.0444875484754803,-99.0363,0.009630594900849858,0.009307748992046495,0.8367425484829192,0,4.676907033239255,0
rollbit-coin,rlb,Rollbit Coin,0.064625,109549996,266,227164.0,0.066705,0.064072,-0.0015145973662675,-2.28999,4.836277861847123,18.080546544961926,1694712419.320192,1694712419.320192,0.264358,-75.3315,0.00093506,2026-04-27 09:09:53.565000+00:00,0.0026329999999999,4.109439380696711,2026-04-27 09:10:13,0,47,Neutral,37.3,14,Medium,Mid,Bullish,0,0.06262262447910791,18.511891596620995,12.333431904666547,9.932331926977156,-75.3315,0.24446016386869324,0.0020736102993559216,1.0,0,6.178459691954448,1
zencash,zen,Horizen,6.06,109291382,269,10188752.0,6.21,5.96,-0.070179185219283,-1.14489,0.5172548077040608,16.356668749552306,18025052.15891282,21000000.0,165.92,-96.34773,3.26,2026-04-27 09:09:45.823000+00:00,0.25,4.194630872483222,2026-04-27 09:10:13,0,47,Neutral,37.3,14,Medium,Mid,Bullish,0,1.9544450515051506,18.5095281119785,16.136795022833162,9.356045249731384,-96.34773,0.03652362584378013,0.09322557564511354,0.8583358170910866,0,2.3727330891453384,1
bitmart-token,bmx,BitMart,0.320501,108794476,270,9076436.0,0.322545,0.320251,-0.0004356347729136,-0.13574,-0.8866182465117455,-2.897377830548182,339412030.0,639412030.0,0.619048,-48.22554,0.00672692,2026-04-27 09:09:44.351000+00:00,0.002294,0.716313141879344,2026-04-27 09:10:13,0,47,Neutral,37.3,14,Low,Mid,Bearish,0,0.27801121004366885,18.50497112822999,16.021192272687045,-1.792722698328909,-48.22554,0.5177320660110363,0.08342736077886896,0.5308189619141197,0,2.483778855542944,0
gas,gas,Gas,1.67,108643687,271,3483398.0,1.7,1.66,0.00922923,0.55469,-0.1663228471319784,5.182792519828742,65093580.54427269,65093580.54427269,91.94,-98.18685,0.621309,2026-04-27 09:09:46.343000+00:00,0.04,2.40963855421687,2026-04-27 09:10:13,0,47,Neutral,37.3,14,Medium,Mid,Neutral,0,0.9820784724121582,18.50358416817933,15.063519099203935,3.331551511897245,-98.18685,0.01816402001305199,0.03206259007023574,1.0,0,3.440065068975395,0
stp-network,awe,AWE Network,0.05548,108243311,272,11648647.0,0.059872,0.054388,0.00029029,0.52599,11.545345356681093,15.819643539268949,1942420283.0270672,1942420283.0270672,0.270085,-79.2902,0.00646736,2026-04-27 09:09:49.249000+00:00,0.005484,10.083106567625215,2026-04-27 09:10:13,0,47,Neutral,37.3,14,Extreme,Mid,Bullish,0,0.053995639761012244,18.4998921400283,16.270700679739342,9.702182123561368,-79.2902,0.20541681322546604,0.10761539805448117,1.0,0,2.229191460288959,1
havven,snx,Synthetix,0.312555,107699081,273,38279932.75,0.347712,0.301777,0.01005603,3.32432,8.117762332075596,11.666468459322836,344516234.4572882,344939867.5556631,28.53,-98.90758,0.0347864,2026-04-27 09:09:43.671000+00:00,0.045935,15.221504620961838,2026-04-27 09:10:13,0,47,Neutral,37.3,14,Extreme,Mid,Bullish,0,0.27197561936756653,18.49485161841341,17.460436393878773,8.329609075593702,-98.90758,0.010955310199789696,0.3554341633611525,0.9987718639153633,0,1.0344152245346372,1
tradable-latam-middle-market-lender-sstl,pc0000085,Tradable LatAm Middle-Market Lender SSTL,1.0,106500000,274,0.0,1.0,1.0,0.0,0.0,0.0,0.0,106500000.0,106500000.0,1.0,0.0,1.0,2026-04-27 09:10:02.991000+00:00,0.0,0.0,2026-04-27 09:10:13,0,47,Neutral,37.3,14,Low,Mid,Bearish,0,0.6931471805599453,18.483655552503425,0.0,0.0,0.0,1.0,0.0,1.0,0,18.483655552503425,0
jusd,jusd,JUSD,0.99997,106222502,275,144271.0,1.0,0.999931,-0.0001432136112946,-0.01432,-0.0120848635069591,0.0704886598553675,106226423.93366016,50099699632.30019,1.034,-3.28597,0.925702,2026-04-27 09:09:56.557000+00:00,6.899999999998574e-05,0.0069004761328517,2026-04-27 09:10:13,0,47,Neutral,37.3,14,Low,Mid,Neutral,0,0.6931321804474442,18.481046536981403,11.879455685739687,0.036565195913220494,-3.28597,0.9670889748549323,0.0013581962134539063,0.002120300614839895,0,6.601590851241715,0
livepeer,lpt,Livepeer,2.14,106127782,276,16957220.0,2.24,2.12,-0.0925913546325403,-4.15575,2.490199663107521,1.9421217278415928,49688954.55,49688954.55,99.03,-97.84454,0.354051,2026-04-27 09:09:46.299000+00:00,0.1200000000000001,5.660377358490571,2026-04-27 09:10:13,0,47,Neutral,37.3,14,High,Mid,Neutral,0,1.144222799920162,18.480154426044646,16.646204318770074,-0.4970269632950446,-97.84454,0.021609613248510552,0.15978115890521485,1.0,0,1.8339501072745712,1
securitize-tokenized-aaa-clo-fund,stac,Securitize Tokenized AAA CLO Fund,1013.91,105056822,277,0.0,1014.17,1012.36,0.168756,0.01665,0.1825207815593257,0.5467695317275264,103609.694673,103609.694673,1015.04,-0.10546,997.66,2026-04-27 09:10:01.730000+00:00,1.8099999999999452,0.1787901537002593,2026-04-27 09:10:13,0,47,Neutral,37.3,14,Low,Mid,Neutral,0,6.922555217593736,18.47001193316992,0.0,0.3347217190365158,-0.10546,0.9988867433795713,0.0,1.0,0,18.47001193316992,1
melania-meme,melania,Melania Meme,0.109775,104542810,278,15189867.0,0.111833,0.108386,-0.0017121339478928,-1.53573,5.2140484110916585,-5.072752087003944,952496375.911841,999996222.700723,13.05,-99.15985,0.089932,2026-04-27 09:09:50.024000+00:00,0.003447,3.180300038750397,2026-04-27 09:10:13,0,47,Neutral,37.3,14,Medium,Mid,Bearish,0,0.10415729207457056,18.465107220116543,16.536139184606615,-3.657943252202366,-99.15985,0.008411877394636015,0.14529805540907118,0.9524999737893033,0,1.9289680355099286,1
cow-protocol,cow,CoW Protocol,0.188066,104357305,280,4507650.0,0.195751,0.187529,-0.0038215017380689,-1.99153,3.199048872591325,-6.243243181871479,554542909.662309,1000000000.0,2.22,-91.53154,0.03987045,2026-04-27 09:09:59.376000+00:00,0.008222,4.384388547904595,2026-04-27 09:10:13,0,47,Neutral,37.3,14,Medium,Mid,Bearish,0,0.172326774952856,18.463331203411293,15.321286733221191,-4.542557909122888,-91.53154,0.08471441441441441,0.043194388739724546,0.554542909662309,0,3.1420444701901022,1
ini,ini,INI,0.124012,104231781,279,1007563.0,0.125999,0.122801,-0.0019518601690332,-1.54954,20.5420720890234,15.001347925933306,840502243.1281799,6000000000.0,0.138116,-10.21231,0.02191215,2026-04-27 09:09:45.270000+00:00,0.003198,2.604213320738436,2026-04-27 09:10:13,0,47,Neutral,37.3,14,Medium,Mid,Bullish,0,0.1169044275710932,18.462127650374498,13.82304609435864,8.380992755559983,-10.21231,0.8978829389788294,0.009666562255134065,0.14008370718802998,0,4.639081556015858,1
safe,safe,Safe,0.142744,104012393,281,5169998.0,0.151524,0.138974,-0.0042977674156737,-2.92282,-3.5984733664659325,49.98617149120312,727407578.0,1000000000.0,3.56,-95.98359,0.091099,2026-04-27 09:09:54.415000+00:00,0.01255,9.030466130355324,2026-04-27 09:10:13,0,47,Neutral,37.3,14,High,Mid,Bullish,0,0.13343238772369917,18.460020623082023,15.458383053060995,28.82257489472187,-95.98359,0.04009662921348315,0.04970559613987537,0.727407578,0,3.0016375700210283,0
beam-2,beam,Beam,0.00201935,103604554,282,8282250.0,0.00210069,0.00200066,-5.6367538994934e-05,-2.71557,3.866853935244569,21.05362894271245,51300184687.0,58470184687.0,0.04416304,-95.44231,0.00157473,2026-04-27 09:09:43.029000+00:00,0.00010003,4.999850049483674,2026-04-27 09:10:13,0,47,Neutral,37.3,14,Medium,Mid,Bullish,0,0.0020173138534563197,18.456091854004598,15.929625349317616,11.54594936562747,-95.44231,0.045724886692582754,0.0799409840613763,0.8773733991369768,0,2.526466504686981,1
quantum-resistant-ledger,qrl,Quantum Resistant Ledger,1.31,102728414,283,94285.0,1.33,1.29,-0.0044881001230347,-0.34132,-5.96468465519305,12.47246545288233,78392960.0,78392960.0,3.87,-66.10891,0.04116971,2026-04-27 09:09:57.917000+00:00,0.04,3.1007751937984525,2026-04-27 09:10:13,0,47,Neutral,37.3,14,Medium,Mid,Bullish,0,0.8372475245337022,18.447599316279497,11.454087995245734,7.346951271729398,-66.10891,0.3385012919896641,0.0009178083874632777,1.0,0,6.993511321033763,0
mnee-usd-stablecoin,mnee,MNEE USD Stablecoin,1.0,101316019,285,143962.0,1.001,0.999,0.00019996,0.01999,-0.0099950024987555,0.0900500300180141,101305894.5522999,101305894.5522999,1.045,-4.35668,0.584655,2026-04-27 09:09:43.859000+00:00,0.0019999999999998,0.2002002002001892,2026-04-27 09:10:13,0,47,Neutral,37.3,14,Low,Mid,Neutral,0,0.6931471805599453,18.433755100841804,11.877311601097814,0.06202601801080846,-4.35668,0.9569377990430623,0.0014209204173330182,1.0,0,6.55644349974399,0
seeker,skr,Seeker,0.01620228,101295536,284,7285512.0,0.01774622,0.01612752,-7.4120088293765e-05,-0.45538,6.376470173643963,-11.61536037412111,6253666388.109123,10253666420.10912,0.055818,-70.94363,0.00542271,2026-04-27 09:09:46.215000+00:00,0.0016187,10.036881057968,2026-04-27 09:10:13,0,47,Neutral,37.3,14,Extreme,Mid,Bearish,0,0.01607242382780173,18.433552910992685,15.801398413800662,-7.151368224472666,-70.94363,0.29026980543910563,0.07192332740112062,0.6098956345843921,0,2.6321544971920225,1
palm-usd,pusd,Palm USD,0.999862,101271963,286,107185.0,1.0,0.999373,-4.908952500926e-05,-0.00491,0.0055468267548795,,101285937.115771,2826036007.115771,1.001,-0.06346,0.998331,2026-04-27 09:09:41.366000+00:00,0.000627,0.0627393375646574,2026-04-27 09:10:13,0,47,Neutral,37.3,14,Low,Mid,Unknown,0,0.6930781781793358,18.433320168820423,11.58232092207538,-0.001964,-0.06346,0.998863136863137,0.0010583877000587022,0.0358402854247928,0,6.850999246745042,1
grx-chain,grx,GRX Chain,10.59,100729173,287,20886331.0,10.76,9.87,0.501418,4.97052,-6.9299538455081136,10.91094121401558,9512395.0,9998039.0,13.26,-20.14278,0.868057,2026-04-27 09:09:46.080000+00:00,0.8900000000000006,9.017223910840938,2026-04-27 09:10:13,0,47,Neutral,37.3,14,High,Mid,Bullish,0,2.4501426573516603,18.427946027746255,16.85460553171067,8.534772728409347,-20.14278,0.7986425339366516,0.20735135986870457,0.9514260746532395,0,1.5733404960355841,0
avant-usd,avusd,Avant USD,0.999078,100581050,288,24694.0,0.999995,0.998325,-0.0002327971531602,-0.0233,0.2343407344275714,-0.0273069626666518,100673886.1641204,100673886.1641204,1.059,-5.63275,0.951733,2026-04-27 09:09:58.491000+00:00,0.0016699999999999,0.1672801943254901,2026-04-27 09:10:13,0,47,Neutral,37.3,14,Low,Mid,Bearish,0,0.6926860742667766,18.426474438047016,10.114356072974726,-0.02570417759999108,-5.63275,0.9434164305949009,0.000245513444132866,1.0,0,8.31211836507229,1
ring-usd,usdr,Ring USD,0.99906,100277128,289,5885.94,1.001,0.992587,-0.0013921227438018,-0.13915,-0.0633615156336036,-0.1260825904126712,100400000.0,100400000.0,1.08,-7.53288,0.941515,2026-04-27 09:09:45.702000+00:00,0.0084129999999998,0.847583133770631,2026-04-27 09:10:13,0,47,Neutral,37.3,14,Low,Mid,Bearish,0,0.6926770700753253,18.423448201008068,8.680491617027963,-0.1313095542476027,-7.53288,0.9250555555555554,5.869673491247176e-05,1.0,0,9.742956583980105,0
standx-dusd,dusd,StandX DUSD,0.999666,100233282,290,226084.0,1.001,0.998361,-0.0006843637031721,-0.06841,0.0268891742895446,0.0940959177280509,100267476.194164,100267476.194164,1.039,-3.82029,0.96504,2026-04-27 09:09:52.579000+00:00,0.0026389999999998,0.264333242183923,2026-04-27 09:10:13,0,47,Neutral,37.3,14,Low,Mid,Neutral,0,0.6929801666138927,18.423010857128897,12.328666313738907,0.029093550636830535,-3.82029,0.9621424446583254,0.0022555781421983168,1.0,0,6.09434454338999,1
unity-usd,uusd,Unity USD,1.0,100006557,291,694181.0,1.001,0.995143,0.00025332,0.02533,0.0476902773774065,0.1282682834502805,100000000.0,100000000.0,1.023,-2.2208,0.989845,2026-04-27 09:10:01.190000+00:00,0.0058569999999998,0.5885586292623161,2026-04-27 09:10:13,0,47,Neutral,37.3,14,Low,Mid,Neutral,0,0.6931471805599453,18.420746321802092,13.450489452946604,0.0870929700701683,-2.2208,0.9775171065493647,0.006941354855362134,1.0,0,4.970256868855488,1
tradable-singapore-fintech-ssl,pc0000077,Tradable Singapore Fintech SSL,1.0,100000000,292,0.0,1.0,1.0,0.0,0.0,0.0,0.0,100000000.0,100000000.0,1.0,0.0,1.0,2026-04-27 09:05:11.446000+00:00,0.0,0.0,2026-04-27 09:10:13,0,47,Neutral,37.3,14,Low,Small,Bearish,0,0.6931471805599453,18.420680753952364,0.0,0.0,0.0,1.0,0.0,1.0,0,18.420680753952364,0
kaito,kaito,KAITO,0.413809,99845676,293,8540022.0,0.420634,0.405956,0.0024303,0.59077,1.6793658690306468,7.389620011136468,241388889.0,1000000000.0,2.88,-85.67252,0.275928,2026-04-27 09:09:50.714000+00:00,0.014678,3.615662781188115,2026-04-27 09:10:13,0,47,Neutral,37.3,14,Medium,Small,Neutral,0,0.3462874805570606,18.419136321946432,15.960274258969557,4.67008000668188,-85.67252,0.14368368055555555,0.085532216738159,0.241388889,0,2.458862062976875,1
chutes,sn64,Chutes,20.38,99717962,294,737812.0,21.08,20.02,0.30781,1.53334,0.7718608665569902,-28.051007727132728,4882645.60890862,4882645.60890862,104.42,-80.50312,13.04,2026-04-27 09:09:44.950000+00:00,1.0599999999999987,5.294705294705288,2026-04-27 09:10:13,0,47,Neutral,37.3,14,High,Small,Strong Bear,0,3.062455905596899,18.417856389214844,13.51144568394069,-16.217268636279634,-80.50312,0.1951733384409117,0.007398987957656014,1.0,0,4.906410705274155,1
precious-metals-usd,pmusd,Precious Metals USD,0.991244,99323807,295,10731.34,0.991116,0.988921,0.00095725,0.09666,0.1845352087111448,-0.181522091050443,100201203.6222222,100201203.6222222,1.037,-4.4095,0.955534,2026-04-27 09:09:47.419000+00:00,0.0021949999999999,0.2219590846993791,2026-04-27 09:10:13,0,47,Neutral,37.3,14,Low,Small,Bearish,0,0.6887595690549074,18.413895858586127,9.28101689199784,-0.0702492546302658,-4.4095,0.9558765670202508,0.00010804398586936967,1.0,0,9.132878966588287,1
nxm,nxm,Nexus Mutual,55.4,99278021,296,0.0,58.44,55.21,-0.7579420327376383,-1.34976,-5.438165241693543,5.832635357464709,1792157.972545678,1791736.716226246,185.97,-70.21308,6.96,2026-04-27 09:00:17.609000+00:00,3.229999999999997,5.850389422206116,2026-04-27 09:10:13,0,47,Neutral,37.3,14,High,Small,Neutral,0,4.032469158504013,18.413434775213318,0.0,2.9596772144788255,-70.21308,0.2978975103511319,0.0,1.0,0,18.413434775213318,0
qubic-network,qubic,Qubic,7.11824e-07,97854386,297,1819529.0,7.40053e-07,7.11124e-07,-2.5339749128e-08,-3.43747,-9.104414993074904,-27.50610581663629,137238010982641.0,169037055530867.0,1.256e-05,-94.30685,4.34669e-07,2026-04-27 09:09:43.317000+00:00,2.8929000000000007e-08,4.068066891287597,2026-04-27 09:10:13,0,47,Neutral,37.3,14,Medium,Small,Strong Bear,0,7.118237466534168e-07,18.39899108473083,14.414088783944592,-17.87865148998177,-94.30685,0.056673885350318476,0.01859425084942028,0.8118812206686874,0,3.9849023007862385,0
yearn-finance,yfi,yearn.finance,2718.54,97070213,298,5187368.0,2783.89,2703.87,-23.09546939861048,-0.8424,0.9746936802113016,9.009666253378796,35715.948082478506,36666.0,90787.0,-97.01109,31.65,2026-04-27 09:09:41.596000+00:00,80.01999999999998,2.959461808444932,2026-04-27 09:10:13,0,47,Neutral,37.3,14,Medium,Small,Neutral,0,7.908218027340983,18.390945130280603,15.46173719019018,5.068839752027277,-97.01109,0.029944155000165222,0.05343933880108,0.9740890220498147,0,2.929207940090423,1
four,form,Four,0.253863,96918709,299,3077136.0,0.262094,0.251856,-0.0027517978522251,-1.07235,1.2594592877572324,2.167209821424873,381867255.14,572301922.1,4.19,-93.9543,0.180888,2026-04-27 09:09:44.937000+00:00,0.0102379999999999,4.065021282002402,2026-04-27 09:10:13,0,47,Neutral,37.3,14,Medium,Small,Neutral,0,0.22622918584374538,18.389383143877673,14.939510177199923,0.871385892854924,-93.9543,0.06058782816229116,0.03174965939754728,0.6672478990438813,0,3.4498729666777503,1
spark-2,spk,Spark,0.0360047,96043581,300,32374746.0,0.03946048,0.03560978,-0.002135164471726,-5.59825,36.02577208302791,75.72280816417708,2654427841.123425,10000000000.0,0.184472,-80.45597,0.01772413,2026-04-27 09:09:43.968000+00:00,0.0038506999999999,10.81360233059569,2026-04-27 09:10:13,0,47,Neutral,37.3,14,Extreme,Small,Bullish,0,0.035371680506537294,18.380312625581414,17.292889263281626,43.19438489850625,-80.45597,0.19517704583893491,0.3370839119378525,0.2654427841123425,0,1.0874233622997878,1
get-ai,get,Get AI,0.175375,95950199,305,22922.0,0.177923,0.145284,0.02510764,7.652019999999999,42.333608060404366,77.63039394260285,547000000.0,547000000.0,7.99,-97.81519,0.03340714,2026-04-27 09:09:44.622000+00:00,0.032639,22.465653478703786,2026-04-27 09:10:13,0,47,Neutral,37.3,14,Extreme,Small,Bullish,0,0.16158724561510393,18.37933986483478,10.039896052315676,49.63904436556171,-97.81519,0.021949311639549437,0.00023889476247985686,1.0,0,8.339443812519104,1
banana-for-scale-2,bananas31,Banana For Scale,0.00960545,95934373,301,30367943.0,0.00977694,0.00922034,4.174e-05,0.43645,2.349222822404645,-23.35793234352655,10000000000.0,10000000000.0,0.057741,-83.4089,0.00072336,2026-04-27 09:09:59.428000+00:00,0.0005565999999999,6.036653745957297,2026-04-27 09:10:13,0,47,Neutral,37.3,14,High,Small,Strong Bear,0,0.00955961096773759,18.379174911501575,17.228898136343727,-13.84017940611593,-83.4089,0.1663540638367884,0.3165491371898579,1.0,0,1.1502767751578489,1
0x,zrx,0x Protocol,0.112872,95847849,303,9254672.0,0.117913,0.112094,-0.0029838991623756,-2.57552,6.1064327545536194,11.517697942748278,848396562.906836,1000000000.0,2.5,-95.48816,0.089536,2026-04-27 09:10:01.944000+00:00,0.005819,5.191178832051675,2026-04-27 09:10:13,0,47,Neutral,37.3,14,High,Small,Bullish,0,0.1069440611875211,18.378272596322766,16.0406391711127,5.880410765648967,-95.48816,0.0451488,0.09655586532776547,0.8483965629068361,0,2.337633425210065,1
flying-tulip,ft,Flying Tulip,0.074047,95750593,302,175469.0,0.076072,0.071514,-0.0007294819351868,-0.97556,-0.3107041045318925,-23.29002781710449,1293123163.4537785,9987139864.231934,0.299855,-75.29146,0.0679,2026-04-27 09:09:45.495000+00:00,0.004558,6.373577201666817,2026-04-27 09:10:13,0,47,Neutral,37.3,14,High,Small,Strong Bear,0,0.07143375676789408,18.37725738966114,12.075223367105181,-14.364240690262694,-75.29146,0.24694268896633376,0.0018325630630820218,0.12947882787593532,0,6.302034022555958,0
ravencoin,rvn,Ravencoin,0.00589899,95527776,304,5743051.0,0.00608775,0.00585711,-0.0001691163500043,-2.78697,0.7886035870648819,4.870158669888482,16209623281.65048,16210954526.55048,0.285218,-97.93441,0.00511046,2026-04-27 09:09:43.562000+00:00,0.00023064,3.937778187536186,2026-04-27 09:10:13,0,47,Neutral,37.3,14,Medium,Small,Neutral,0,0.005881659081699527,18.374927621798527,15.563501334306574,1.807307201933089,-97.93441,0.02068239031197189,0.060119174134232956,0.9999178799189264,0,2.811426287491953,1
qtum,qtum,Qtum,0.892641,94626583,306,4295219.0,0.917372,0.888345,-0.0115118202149738,-1.27322,-1.3520944124723155,7.026528660071002,106012586.25,107822406.0,100.22,-99.1088,0.783142,2026-04-27 09:09:46.719000+00:00,0.0290269999999999,3.2675368240942326,2026-04-27 09:10:13,0,47,Neutral,37.3,14,Medium,Small,Neutral,0,0.637973208177649,18.365449009343997,15.273013334440245,3.7066291960426008,-99.1088,0.008906815006984634,0.04539125120897581,0.9832148083395579,0,3.0924356749037525,0
impossible-cloud-network-token,icnt,Impossible Cloud Network Token,0.372541,94174909,307,3633664.0,0.393938,0.366787,-0.0091307442278817,-2.3923,-3.758638574313405,-15.57096149966334,253006129.72647312,700000000.0,0.59106,-37.16014,0.109937,2026-04-27 09:09:45.075000+00:00,0.027151,7.402388852385727,2026-04-27 09:10:13,0,47,Neutral,37.3,14,High,Small,Strong Bear,0,0.31666376645082084,18.36066435587428,15.105752338768765,-10.299496899798005,-37.16014,0.6302930328562244,0.038584205056147174,0.36143732818067587,0,3.254912017105516,0
usdu,usdu,USDu,1.0,92940663,308,849940.0,1.001,0.999015,6.595e-05,0.0066,0.0280670116841471,0.0392713335290322,92936280.39445296,92936280.39445296,1.018,-1.79676,0.957425,2026-04-27 09:09:45.387000+00:00,0.0019849999999999,0.1986957152795407,2026-04-27 09:10:13,0,47,Neutral,37.3,14,Low,Small,Neutral,0,0.6931471805599453,18.347471825989818,13.652922214292685,0.02620280011741932,-1.79676,0.9823182711198428,0.009144974573723453,1.0,0,4.694549611697132,1
berachain-bera,bera,Berachain,0.373316,91606419,309,19857049.0,0.399185,0.371341,-0.0189913306229533,-4.84093,-5.550106697938389,-18.08038283968757,245756663.9867119,537956358.3018463,14.83,-97.48852,0.349389,2026-04-27 09:09:46.713000+00:00,0.027844,7.498229390237015,2026-04-27 09:10:13,0,47,Neutral,37.3,14,High,Small,Strong Bear,0,0.317228253254452,18.3330119145246,16.804069665769727,-12.784601703812541,-97.48852,0.02517302764666217,0.21676482081457632,0.4568338308380367,0,1.5289422487548734,0
pleasing-gold,pgold,Pleasing Gold,4686.21,91404834,310,6.71,4723.81,4642.4,-12.609984103191891,-0.26836,-1.804339515432408,4.110342125230285,19505.05044,19505.05044,5507.64,-14.90458,511.44,2026-04-27 09:04:08.703000+00:00,81.41000000000076,1.7536188178528511,2026-04-27 09:10:13,0,47,Neutral,37.3,14,Low,Small,Neutral,0,8.452592801698179,18.330808934368804,2.0425181875752383,2.358861275138171,-14.90458,0.8508562651153669,7.340968421867054e-08,1.0,0,16.288290746793564,0
ordinals,ordi,ORDI,4.33,91012623,311,38279932.75,4.83,4.3,-0.4511612825174831,-9.42868,-4.154452353827097,96.98943838626062,21000000.0,21000000.0,95.52,-95.47122,2.12,2026-04-27 09:09:45.835000+00:00,0.5300000000000002,12.325581395348843,2026-04-27 09:10:13,0,47,Neutral,37.3,14,Extreme,Small,Bullish,0,1.673351238177753,18.32650878013439,17.460436393878773,54.42219103175636,-95.47122,0.04533082077051927,0.42060025838393866,1.0,0,0.8660723862556168,0
linea,linea,Linea,0.00364383,90970033,312,18879899.0,0.00369732,0.00352174,6.065e-05,1.69272,10.62414347799655,22.157189294341347,24913105589.37352,72009990000.0,0.04666898,-92.16518,0.00284356,2026-04-27 09:09:45.745000+00:00,0.0001755799999999,4.985603707258339,2026-04-27 09:10:13,0,47,Neutral,37.3,14,Medium,Small,Bullish,0,0.0036372073345013693,18.326040713547762,16.753608422057432,13.971401576604807,-92.16518,0.07807820098060853,0.20753976202251131,0.3459673524378148,0,1.5724322914903297,1
kamino,kmno,Kamino,0.01997751,89483241,313,10835035.0,0.02138361,0.01975912,0.00011558,0.58194,-2.6842086269459995,15.529570803851453,4469863257.25,9999958341.55231,0.247842,-91.9252,0.01642885,2026-04-27 09:09:58.639000+00:00,0.0016244899999999,8.221469377178735,2026-04-27 09:10:13,0,47,Neutral,37.3,14,High,Small,Bullish,0,0.019780578033488667,18.30956192548998,16.198295515512836,9.55051848231087,-91.9252,0.08060582952042027,0.12108451682030605,0.44698818780840394,0,2.1112664099771443,0
lombard-protocol,bard,Lombard,0.285838,89116119,314,19143064.0,0.310637,0.283802,-0.0183902638393919,-6.0449,-3.434849045275582,-20.932172580302925,312187500.0,1000000000.0,1.7,-83.22179,0.283802,2026-04-27 09:10:01.771000+00:00,0.0268349999999999,9.455535901790684,2026-04-27 09:10:13,0,47,Neutral,37.3,14,High,Small,Strong Bear,0,0.2514106458740672,18.305450796391185,16.767451067009876,-14.977263548181755,-83.22179,0.16813999999999998,0.2148103419988476,0.3121875,0,1.5379997293813084,0
derive,drv,Derive,0.088486,88464552,315,113980.0,0.091276,0.088406,-0.0005518003973009,-0.61974,11.651125782623916,7.151602744436714,999812432.843442,1500000000.0,0.228265,-61.25115,0.01243699,2026-04-27 09:09:49.280000+00:00,0.0028699999999999,3.246385991901,2026-04-27 09:10:13,0,47,Neutral,37.3,14,Medium,Small,Neutral,0,0.08478773987341783,18.298112498670715,11.643787046819533,4.043065646662028,-61.25115,0.38764593783541057,0.0012884256735963575,0.6665416218956279,0,6.654325451851182,1
dmt-nat,nat,DMT-NAT,2.26961e-07,88090940,320,2119307.0,2.63326e-07,2.18639e-07,-2.2522396185e-08,-9.0276,9.941143975333285,309.2771651014885,388133597130973.0,388133597130973.0,3.86688e-07,-41.6469,2.672e-08,2026-04-27 09:09:45.862000+00:00,4.4687000000000015e-08,20.438714044612357,2026-04-27 09:10:13,0,47,Neutral,37.3,14,Extreme,Small,Bullish,0,2.2696097424435612e-07,18.293880259285707,14.566600178268853,181.9552590608931,-41.6469,0.5869357207878186,0.024058172157091297,1.0,0,3.727280081016854,1
mag7-ssi,mag7.ssi,MAG7.ssi,0.521404,87937909,316,555525.0,0.5321,0.518754,-0.0009658585476258,-0.1849,2.500655637214257,9.464946114630262,169466886.5195511,169466886.5195511,1.35,-61.24163,0.424931,2026-04-27 09:09:44.404000+00:00,0.0133459999999999,2.572703053855964,2026-04-27 09:10:13,0,47,Neutral,37.3,14,Medium,Small,Neutral,0,0.4196335927349626,18.292141555230288,13.227670691646985,5.605007668778158,-61.24163,0.38622518518518517,0.00631724140722973,1.0,0,5.064470863583303,1
lovebit,lb,LoveBit,2.08978e-07,87770874,317,70707.0,2.11313e-07,2.02173e-07,6.797e-09,3.36165,3.3930891109483228,1.715414466984859,420000000000000.0,420000000000000.0,9.989e-05,-99.79079,1.24968e-07,2026-04-27 09:09:58.191000+00:00,9.140000000000014e-09,4.520880631934044,2026-04-27 09:10:13,0,47,Neutral,37.3,14,Medium,Small,Neutral,0,2.089779781641008e-07,18.29024028375639,11.166313999655774,2.3739086801909153,-99.79079,0.0020920812894183603,0.0008055861446702695,1.0,0,7.123926284100616,1
keeta,kta,Keeta,0.164896,87101289,318,1814975.0,0.172191,0.163079,0.00115591,0.70595,3.788419982210405,15.141211187073123,528127193.9177529,1000000000.0,1.68,-90.19708,0.0068199,2026-04-27 09:09:49.350000+00:00,0.009112,5.587476008560274,2026-04-27 09:10:13,0,47,Neutral,37.3,14,High,Small,Bullish,0,0.1526318126465597,18.282582252275628,14.411582802453166,9.367106712243874,-90.19708,0.09815238095238095,0.020837521704185114,0.5281271939177529,0,3.8709994498224614,1
dog-go-to-the-moon-rune,dog,Dog (Bitcoin),0.00087181,86821687,321,926299.0,0.00090308,0.0008284,3.158e-05,3.75905,15.032751500866704,15.865815095389864,100000000000.0,100000000000.0,0.0099237,-91.2584,0.00060776,2026-04-27 09:09:43.586000+00:00,7.468000000000004e-05,9.014968614196045,2026-04-27 09:10:13,0,47,Neutral,37.3,14,High,Small,Bullish,0,0.0008714301943914717,18.279367010171484,13.738953435242118,11.023109057233919,-91.2584,0.08785130546066487,0.010668981817872302,1.0,0,4.5404135749293655,1
usda-3,usda,USDA,0.99867,86730180,319,1210061.0,1.001,0.949587,-0.0005379018882261,-0.05383,0.5313257006521059,-0.0039776676849481,87118799.17254063,87118799.17254063,1.19,-16.55968,0.590562,2026-04-27 09:10:00.735000+00:00,0.0514129999999999,5.41424851014177,2026-04-27 09:10:13,0,47,Neutral,37.3,14,High,Small,Bearish,0,0.6924819593493698,18.27831248959493,14.006182155929638,-0.023918600610968864,-16.55968,0.839218487394958,0.013952017625237258,1.0,0,4.272130333665293,1
xdai,xdai,XDAI,0.999834,86541940,323,156236.0,1.0,0.999712,-0.000273324958163,-0.02733,0.0158189804316878,-0.0217860445568047,86556356.05681254,86556356.05681254,9.92,-89.9179,0.17845,2026-04-27 09:09:41.505000+00:00,0.0002879999999999,0.0288082967894708,2026-04-27 09:10:13,0,47,Neutral,37.3,14,Low,Small,Bearish,0,0.6930641771152548,18.276139721444085,11.959129364137336,-0.024003626734082822,-89.9179,0.10078971774193549,0.0018053212118887096,1.0,0,6.317010357306749,1
amp-token,amp,Amp,0.00098498,85878489,322,38279932.75,0.00110681,0.00088687,9.812e-05,7.652019999999999,12.44693925813401,-10.387452687068354,86781022996.56946,99720178909.70996,0.120813,-99.16586,0.00084186,2026-04-27 09:09:48.654000+00:00,0.0002199399999999,22.92596993405186,2026-04-27 09:10:13,0,47,Neutral,37.3,14,Extreme,Small,Bearish,0,0.0009844952255024747,18.26844394814678,17.460436393878773,-3.1716636122410122,-99.16586,0.008152930562108383,0.44574529891880144,0.8702453600203018,0,0.8080075542680056,1
kusama,ksm,Kusama,4.73,85719608,325,4448118.0,4.9,4.71,-0.0842863389383605,-1.74957,1.9606929083257647,14.46201000040544,18120003.33931779,18120003.33931779,621.71,-99.23996,0.876572,2026-04-27 09:09:46.457000+00:00,0.1900000000000004,4.0339702760085006,2026-04-27 09:10:13,0,47,Neutral,37.3,14,Medium,Small,Bullish,0,1.7457155307266483,18.26659216719667,15.307991868151806,7.977378000243263,-99.23996,0.007608048768718534,0.051891487884545624,1.0,0,2.958600299044864,1
exod,exod,EXOD,8.2,85657200,324,0.0,8.2,8.2,0.0,0.0,2.7568922305764265,26.543209876543187,10446000.0,10446000.0,13.09,-37.35676,6.1,2026-04-27 08:55:03.166000+00:00,0.0,0.0,2026-04-27 09:10:13,0,47,Neutral,37.3,14,Low,Small,Bullish,0,2.2192034840549946,18.26586385392303,0.0,15.925925925925911,-37.35676,0.6264323911382734,0.0,1.0,0,18.26586385392303,1
railgun,rail,Railgun,1.49,85591130,326,434400.0,1.56,1.49,-0.0451927518965402,-2.94653,10.307629200640667,61.22373734791523,57500000.0,57500000.0,5.66,-73.65857,0.228324,2026-04-27 09:09:48.157000+00:00,0.07,4.697986577181212,2026-04-27 09:10:13,0,47,Neutral,37.3,14,Medium,Small,Bullish,0,0.9122827104766162,18.26509222593102,12.981723349624996,35.55563040874914,-73.65857,0.26325088339222613,0.005075292264513858,1.0,0,5.2833688763060245,1
vicicoin,vcnt,ViciCoin,17.45,85015529,328,117077.0,17.56,17.41,-0.0371999248534926,-0.21268,-3.556268456493665,-5.623169214011008,4871125.954080936,10000000.0,25.01,-30.18029,4.15,2026-04-27 09:09:42.972000+00:00,0.1499999999999985,0.8615738081562239,2026-04-27 09:10:13,0,47,Neutral,37.3,14,Low,Small,Bearish,0,2.915064370486536,18.258344503648257,11.670595658323053,-3.4589735284066045,-30.18029,0.6977209116353458,0.001377124877973764,0.48711259540809354,0,6.587748845325203,0
theta-fuel,tfuel,Theta Fuel,0.01161781,84849549,327,1633184.0,0.01203909,0.01161012,-0.0003477650219592,-2.90638,1.8610044997735529,0.849991308906186,7310264937.0,7310540016.0,0.68159,-98.29166,0.00090804,2026-04-27 09:09:46.397000+00:00,0.00042897,3.694793852259931,2026-04-27 09:10:13,0,47,Neutral,37.3,14,Medium,Small,Neutral,0,0.011550841431726046,18.25639024615372,14.306042653962162,-0.6525572146562885,-98.29166,0.0170451591132499,0.019247998595726182,0.9999623722735396,0,3.9503475921915587,1
tria,tria,TRIA,0.03821759,83622686,329,3947619.0,0.03891381,0.034864,0.002479,6.93647,52.40265494227825,37.38134171051739,2157670000.0,10000000000.0,0.04979036,-21.82077,0.01329543,2026-04-27 09:09:41.248000+00:00,0.00404981,11.616022257916478,2026-04-27 09:10:13,0,47,Neutral,37.3,14,Extreme,Small,Bullish,0,0.03750538705305468,18.24182541683732,15.188623423636594,25.203393026310433,-21.82077,0.7675700677801889,0.04720751256423406,0.215767,0,3.053201993200725,1
superfarm,super,SuperVerse,0.12901,82663466,330,9441100.0,0.132641,0.126409,0.00227746,1.79706,-15.161007644158472,14.84310046232705,640164549.0,1000000000.0,4.74,-97.28639,0.070397,2026-04-27 09:09:41.898000+00:00,0.006232,4.930028716309769,2026-04-27 09:10:13,0,47,Neutral,37.3,14,Medium,Small,Bullish,0,0.12134114252422407,18.230288309066903,16.060583162676707,9.624684277396229,-97.28639,0.027217299578059073,0.11421127684145255,0.640164549,0,2.1697051463901964,0
mina-protocol,mina,Mina Protocol,0.063458,81546580,331,12190667.0,0.065807,0.063031,-0.0015692094921215,-2.41317,7.8072845133562625,19.38378383821031,1283762692.840039,1283762692.840039,9.09,-99.3017,0.052408,2026-04-27 09:09:42.125000+00:00,0.002776,4.404182069140583,2026-04-27 09:10:13,0,47,Neutral,37.3,14,Medium,Small,Bullish,0,0.06152586263572048,18.216684960953145,16.316181298971628,10.665002302926185,-99.3017,0.006981078107810781,0.149493295733555,1.0,0,1.9005036619815172,1
meteora,met,Meteora,0.157683,81055395,332,9102093.0,0.165333,0.156847,-0.0038213181677659,-2.36607,10.994744391283024,10.510330956564568,513845407.71681,997734296.606287,0.686913,-77.06047,0.123968,2026-04-27 09:09:45.845000+00:00,0.008486,5.410368065694608,2026-04-27 09:10:13,0,47,Neutral,37.3,14,High,Small,Bullish,0,0.14642059383391845,18.210643380117403,16.02401505490597,5.35977057393874,-77.06047,0.2295530875088985,0.1122947214062679,0.5150122727710311,0,2.1866283252114336,1
infinifi-usd,iusd,InfiniFi USD,0.998955,80829420,333,49244.0,1.0,0.998596,0.00011038,0.01105,-0.0437382447992059,-0.0998976677773162,80914221.25279407,80914221.25279407,1.38,-27.51529,0.243118,2026-04-27 09:09:48.464000+00:00,0.0014039999999999,0.140597398747838,2026-04-27 09:10:13,0,47,Neutral,37.3,14,Low,Small,Bearish,0,0.6926245440092531,18.207851578502385,10.804563118603802,-0.055518600666389716,-27.51529,0.7238804347826088,0.0006092336181553697,1.0,0,7.403288459898583,0
mbg-by-multibank-group,mbg,MBG By Multibank Group,0.300397,79874427,334,4557620.0,0.302138,0.297601,0.00037487,0.12495,-12.322104893700844,-17.501304423151787,265876911.19015044,995140000.0,2.56,-88.25055,0.282385,2026-04-27 09:09:45.388000+00:00,0.004537,1.5245244471624804,2026-04-27 09:10:13,0,47,Neutral,37.3,14,Low,Small,Strong Bear,0,0.2626696024624852,18.195966309446973,15.332311334825965,-10.450802653891072,-88.25055,0.11734257812500001,0.05705981465131512,0.267175383554224,0,2.8636549746210083,0
everything,ev,Everything,0.00080087,79848866,335,494.81,0.00082697,0.00079985,-6.958810884285e-06,-0.86142,-4.804284519403476,29.3088186451455,99702143253.6724,99702143253.6724,0.00090745,-11.74427,0.00031577,2026-04-27 06:13:28.928000+00:00,2.712000000000005e-05,3.3906357442020445,2026-04-27 09:10:13,0,47,Neutral,37.3,14,Medium,Small,Bullish,0,0.000800549474742842,18.195646243420057,6.206192788820845,17.2407231870873,-11.74427,0.8825500027549728,6.196831899904502e-06,1.0,0,11.989453454599213,0
zilliqa,zil,Zilliqa,0.00407402,79552608,338,10904552.0,0.00421508,0.00405583,-8.470550515952e-05,-2.03682,3.723131419261963,7.462225863173841,19513551525.0,20432942555.75182,0.255376,-98.40623,0.00239616,2026-04-27 09:09:42.923000+00:00,0.00015925,3.92644662128345,2026-04-27 09:10:13,0,47,Neutral,37.3,14,Medium,Small,Neutral,0,0.004065743651577459,18.19192910919329,16.20469096640635,3.6626075179043043,-98.40623,0.01595302612618257,0.13707346967179254,0.9550044723982737,0,1.9872381427869392,1
turbo,turbo,Turbo,0.00115333,79544353,336,11127291.0,0.0012159,0.00114527,-4.3926926937174e-05,-3.66895,2.047360396809294,11.271941176134618,69000000000.0,69000000000.0,0.01431669,-91.96029,6.518e-05,2026-04-27 09:09:57.812000+00:00,7.062999999999991e-05,6.1671047002016905,2026-04-27 09:10:13,0,47,Neutral,37.3,14,High,Small,Bullish,0,0.0011526654258886425,18.191825335999237,16.224911387268772,5.2955847056807706,-91.96029,0.08055842516671102,0.1398878811673784,1.0,0,1.9669139487304648,1
holotoken,hot,Holo,0.00044701,79352615,339,4663214.0,0.00045727,0.00044096,-9.563576187835e-06,-2.09466,6.394584195574192,7.49773204914722,177619433541.1413,177619433541.1413,0.03126682,-98.57538,0.0002202,2026-04-27 09:09:43.257000+00:00,1.631000000000001e-05,3.6987481857764894,2026-04-27 09:10:13,0,47,Neutral,37.3,14,Medium,Small,Neutral,0,0.0004469101207935109,18.189411972257158,15.355215682383548,3.660775229488331,-98.57538,0.014296624984568306,0.058765725615973714,1.0,0,2.83419628987361,1
unifai-network,uai,UnifAI Network,0.331702,79198075,337,2896489.0,0.332953,0.298393,0.0294341,7.652019999999999,54.71088865239752,58.53140561035451,239000000.0,1000000000.0,0.609072,-45.32474,0.06003,2026-04-27 09:09:46.095000+00:00,0.0345599999999999,11.5820411336727,2026-04-27 09:10:13,0,47,Neutral,37.3,14,Extreme,Small,Bullish,0,0.28645782336458814,18.187462563560285,14.879010217070253,38.17965136621271,-45.32474,0.544602280190191,0.036572719728351986,0.239,0,3.308452346490032,1
nexpace,nxpc,Nexpace,0.296009,79094691,340,5063666.0,0.303989,0.294747,-0.007873125728212,-2.59085,1.5399482382029028,6.258419354161762,267248709.1697733,994552574.1697732,3.77,-92.17116,0.246863,2026-04-27 09:09:45.213000+00:00,0.009242,3.135570506230777,2026-04-27 09:10:13,0,47,Neutral,37.3,14,Medium,Small,Neutral,0,0.2592895423504149,18.18615632555578,15.43760148235014,2.718711612497057,-92.17116,0.07851697612732096,0.06402030194415956,0.26871250058637236,0,2.748554843205639,1
basedhype,basedhype,BasedHype,0.00788133,78814775,341,110.18,0.00823015,0.00783633,-9.969237696698e-06,-0.12633,18.251352732198896,34.61903815249367,10000000000.0,10000000000.0,0.01997093,-60.53319,0.00403031,2026-04-27 09:09:45.597000+00:00,0.0003938199999999,5.025566815077971,2026-04-27 09:10:13,0,47,Neutral,37.3,14,High,Small,Bullish,0,0.007850434544068202,18.182611049940157,4.711150509525323,20.720890891496204,-60.53319,0.39464010939901145,1.397961232522709e-06,1.0,0,13.471460540414833,1
creditcoin-2,ctc,Creditcoin,0.146678,78571957,342,5761528.0,0.152714,0.145458,-0.0028530225991952,-1.90798,1.245745769179025,1.3080818731949555,535658812.0,599999997.0,8.67,-98.3089,0.128298,2026-04-27 09:09:41.505000+00:00,0.0072559999999999,4.988381525938748,2026-04-27 09:10:13,0,47,Neutral,37.3,14,Medium,Small,Neutral,0,0.13686906638928387,18.179525425294592,15.566713448834976,0.021657123916973164,-98.3089,0.016917877739331028,0.0733280450173845,0.8927646911304902,0,2.612811976459616,1
rosa-inu,rosa,Rosa Inu,0.00078463,78463292,349,8321375.0,0.00081661,0.00076173,-4.659484531055e-06,-0.59034,71.93673456371309,461.4601813012528,100000000000.0,100000000000.0,0.02197204,-96.51608,0.00012343,2026-04-27 09:09:43.691000+00:00,5.487999999999999e-05,7.204652567182597,2026-04-27 09:10:13,0,47,Neutral,37.3,14,High,Small,Bullish,0,0.0007843223388045008,18.17814146829574,15.934338183738248,276.6399727807517,-96.51608,0.035710384652494716,0.10605436998488414,1.0,0,2.2438032845574902,1
comedian,ban,Comedian,0.078219,78109624,343,18954213.0,0.09103,0.071887,-0.0101063151090245,-9.850639999999999,17.76382377302191,38.19976928960359,999961859.27,999961859.27,0.37799,-79.36373,0.00929085,2026-04-27 09:09:59.167000+00:00,0.0191429999999999,22.92596993405186,2026-04-27 09:10:13,0,47,Neutral,37.3,14,Extreme,Small,Bullish,0,0.07531060584269648,18.17362384665318,16.75753683944131,18.97960557376215,-79.36373,0.20693404587422948,0.24266168532574167,1.0,0,1.4160870072118676,1
gauntlet-usd-alpha,gtusda,Gauntlet USD Alpha,1.064,77652783,344,4.12,1.064,1.064,0.000126,0.01185,0.0901426474462733,0.3908163351979092,73240414.01,1072065.669854757,1.064,0.0,1.053,2026-04-27 09:05:10.454000+00:00,0.0,0.0,2026-04-27 09:10:13,0,47,Neutral,37.3,14,Low,Small,Neutral,0,0.7246458476193163,18.16775796010364,1.6331544390514163,0.2392298011187455,0.0,1.0,5.305669469695632e-08,1.0,0,16.534603521052222,1
bitcastle-token,bce,bitcastle Token,0.193005,77175041,348,119653.0,0.197025,0.19151,-0.0004661326101995,-0.24093,3.3919452352691044,13.48011816666282,400000000.0,1000000000.0,0.208795,-7.87288,0.051889,2026-04-27 09:09:45.910000+00:00,0.0055149999999999,2.879745183019159,2026-04-27 09:10:13,0,47,Neutral,37.3,14,Medium,Small,Bullish,0,0.1764753342218329,18.161586672570035,11.692359523617672,7.991698899997691,-7.87288,0.9243755837065064,0.0015504105789849855,0.4,0,6.469227148952363,1
toshi,toshi,Toshi,0.00018394,77141608,345,9800585.0,0.00019411,0.00018165,-2.298358572181e-06,-1.23409,4.393151030432367,-2.3432492943078187,420690000000.0,420690000000.0,0.00226012,-91.89739,1.8963e-08,2026-04-27 09:09:54.370000+00:00,1.246e-05,6.859344894026975,2026-04-27 09:10:13,0,47,Neutral,37.3,14,High,Small,Bearish,0,0.00018392308511238451,18.16115336870676,16.097952737771465,-1.8995855765846912,-91.89739,0.08138505920039645,0.12704667758546076,1.0,0,2.0632006309352953,1
blur,blur,Blur,0.02772062,77126480,346,13686509.0,0.02899449,0.0269535,-0.0012552551337327,-4.33207,-8.439435435414868,58.5430070813384,2785858030.964611,3000000000.0,5.02,-99.45246,0.01672914,2026-04-27 09:09:52.980000+00:00,0.00204099,7.572263342423073,2026-04-27 09:10:13,0,47,Neutral,37.3,14,High,Small,Bullish,0,0.027343359668682756,18.160957242598652,16.43192123415802,33.392976248803045,-99.45246,0.005522035856573706,0.17745538237969632,0.9286193436548703,0,1.7290360084406338,0
proton,xpr,XPR Network,0.00267556,76913563,347,5300995.0,0.00296749,0.00250568,0.00013257,5.21312,14.070537294811258,15.88456518091625,28652669445.0618,31935995392.13039,0.100088,-97.32419,0.00054716,2026-04-27 09:09:41.518000+00:00,0.00046181,18.43052584527953,2026-04-27 09:10:13,0,47,Neutral,37.3,14,Extreme,Small,Bullish,0,0.002671987060999377,18.158192803837355,15.48340528539505,11.61598710854975,-97.32419,0.02673207577331948,0.06892145927500459,0.8971904302103682,0,2.6747875184423062,1
metal-blockchain,metal,Metal Blockchain,0.15238,76305198,350,664141.0,0.158315,0.144991,0.00379461,2.55382,12.200988065948096,18.184276527059303,507639839.0528355,666666666.0,1.65,-90.78238,0.03510303,2026-04-27 09:09:42.519000+00:00,0.013324,9.189535902228416,2026-04-27 09:10:13,0,47,Neutral,37.3,14,High,Small,Bullish,0,0.1418293689925952,18.15025163285863,13.406251261016447,11.932093916235582,-90.78238,0.09235151515151514,0.008703745189154741,0.7614597593407131,0,4.7440003718421835,1
helio-protocol-hay,lisusd,Lista USD,0.998424,76207156,351,84706.0,0.998875,0.998374,-0.0001023016840402,-0.01025,-0.0324878183873828,0.0170549052026266,76326841.87243524,76326841.87243524,2.0,-50.11196,0.208609,2026-04-27 09:09:42.572000+00:00,0.0005009999999999,0.0501815952739127,2026-04-27 09:10:13,0,47,Neutral,37.3,14,Low,Small,Neutral,0,0.6923588699247476,18.148965940130818,11.346953521853365,0.00613294312157596,-50.11196,0.499212,0.0011115229126251608,1.0,0,6.802012418277453,0
oasis-network,rose,Oasis,0.01002665,76108214,352,4300368.0,0.01029973,0.00991118,-0.0002069804503947,-2.02255,-8.31738980575652,-5.724408500906187,7588559299.0,10000000000.0,0.597347,-98.32599,0.00932462,2026-04-27 09:09:49.905000+00:00,0.0003885499999999,3.920320284769317,2026-04-27 09:10:13,0,47,Neutral,37.3,14,Medium,Small,Bearish,0,0.009976716643673913,18.147666767071428,15.274211390935472,-4.243665100543712,-98.32599,0.01678530234520304,0.05650333615764522,0.7588559299,0,2.873455376135956,0
deep,deep,DeepBook,0.03031975,75818770,353,5622451.0,0.03230518,0.03017146,-0.0005310848766977,-1.72146,1.168278008277981,18.09966990956242,2500000000.0,10000000000.0,0.341085,-91.13169,0.01073218,2026-04-27 09:09:56.896000+00:00,0.00213372,7.071981269716487,2026-04-27 09:10:13,0,47,Neutral,37.3,14,High,Small,Bullish,0,0.029869190959186012,18.14385645847767,15.542278425651554,10.17121794573745,-91.13169,0.088892065027779,0.07415645228747446,0.25,0,2.601578032826117,1
ronin,ron,Ronin,0.098126,75792337,354,4132853.0,0.102566,0.097193,-0.0029956895548301,-2.96247,3.743726473519204,12.825368894526768,772401679.4337813,1000000000.0,4.45,-97.7976,0.080897,2026-04-27 09:09:42.392000+00:00,0.005373,5.5281758974411765,2026-04-27 09:10:13,0,47,Neutral,37.3,14,High,Small,Bullish,0,0.09360509060195168,18.143507763709295,15.234478767440441,6.510233336716061,-97.7976,0.022050786516853934,0.0545286392211392,0.7724016794337812,0,2.9090289962688534,1
aioz-network,aioz,AIOZ Network,0.060753,75616977,358,6389071.0,0.062917,0.060444,-0.0014333681331762,-2.30496,0.977332380795912,3.2170855391281763,1244656772.64892,1249907871.029073,2.65,-97.71863,0.01099588,2026-04-27 09:09:45.050000+00:00,0.002473,4.091390377870431,2026-04-27 09:10:13,0,47,Neutral,37.3,14,Medium,Small,Neutral,0,0.05897903328390098,18.141191392655763,15.67009958889021,1.0082673234769057,-97.71863,0.022925660377358492,0.08449254722256352,0.9957988116549505,0,2.471091803765553,1
gmx,gmx,GMX,7.28,75613009,355,8314833.0,7.48,7.01,0.274229,3.91416,15.440500432624107,16.689218572938454,10385802.64508524,10385802.64508524,91.07,-92.003,5.41,2026-04-27 09:09:42.292000+00:00,0.4700000000000006,6.704707560627685,2026-04-27 09:10:13,0,47,Neutral,37.3,14,High,Small,Bullish,0,2.1138429683971687,18.141138916291077,15.933551706489258,11.579195143763073,-92.003,0.07993850883935436,0.10996564096530004,1.0,0,2.2075872098018188,1
would,would,would,0.075619,75553388,356,15973.03,0.079047,0.075467,-0.0016820720329361,-2.17601,-4.397963775948154,59.99112784630526,999452550.730586,999452550.730586,0.701724,-89.17709,0.00142393,2026-04-27 09:09:44.370000+00:00,0.00358,4.743795301257503,2026-04-27 09:10:13,0,47,Neutral,37.3,14,Medium,Small,Bullish,0,0.0728963098158718,18.14035010338707,9.678719557527405,35.124272707783156,-89.17709,0.10776174108338891,0.00021141381508927172,1.0,0,8.461630545859666,0
tradable-na-neobank-sstl,pc0000023,Tradable NA Neobank SSTL,1.0,75000000,360,0.0,1.0,1.0,0.0,0.0,0.0,0.0,75000000.0,75000000.0,1.0,0.0,1.0,2026-04-27 09:05:10.195000+00:00,0.0,0.0,2026-04-27 09:10:13,0,47,Neutral,37.3,14,Low,Small,Bearish,0,0.6931471805599453,18.132998684833918,0.0,0.0,0.0,1.0,0.0,1.0,0,18.132998684833918,0
apyusd,apyusd,apyUSD,1.36,74995394,359,128393.0,1.36,1.35,-0.0006188481352704,-0.04556,3.2582267009259915,0.9086008703439202,55239318.07617428,55239318.07617428,1.52,-10.40515,1.31,2026-04-27 09:09:52.737000+00:00,0.01,0.7407407407407414,2026-04-27 09:10:13,0,47,Neutral,37.3,14,Low,Small,Neutral,0,0.8586616190375187,18.132937269615528,11.762858940174203,0.5269365222063521,-10.40515,0.8947368421052632,0.0017120118070184417,1.0,0,6.370078329441325,1
cygnus-finance-global-usd,cgusd,Cygnus Finance Global USD,0.994377,74982846,361,11.12,0.994483,0.994267,-2.9365925640068e-05,-0.00295,-0.0289221992632326,-0.1524275897011015,75406829.066893,75406829.066893,1.089,-8.64847,0.724325,2026-04-27 09:09:43.439000+00:00,0.0002159999999999,0.0217245468269583,2026-04-27 09:10:13,0,47,Neutral,37.3,14,Low,Small,Bearish,0,0.6903317208703005,18.13276993867656,2.4948569806411682,-0.09263655382066091,-8.64847,0.9131101928374655,1.4830058597669125e-07,1.0,0,15.637912958035391,0
sahara-ai,sahara,Sahara AI,0.02287474,74903088,362,38279932.75,0.02711448,0.02265807,-0.0027968805111026,-9.850639999999999,7.899773487868922,-9.104849927414756,3274375000.0,10000000000.0,0.160529,-85.75636,0.01354919,2026-04-27 09:09:47.071000+00:00,0.00445641,19.668091765980076,2026-04-27 09:10:13,0,47,Neutral,37.3,14,Extreme,Small,Bearish,0,0.022617035679869894,18.131705689292573,17.460436393878773,-9.403165956448852,-85.75636,0.14249599760790885,0.5110594739431837,0.3274375,0,0.6712692954138006,1
wormhole,w,Wormhole,0.01302495,74902426,363,21040772.0,0.0138927,0.01293954,-0.000867747745429,-6.24607,3.832364794859432,-13.50362687303513,5750688748.0,10000000000.0,1.66,-99.21599,0.01174426,2026-04-27 09:09:43.612000+00:00,0.0009531599999999,7.366258769631686,2026-04-27 09:10:13,0,47,Neutral,37.3,14,High,Small,Bearish,0,0.01294085477567578,18.131696851166748,16.86197268470263,-10.600604123821078,-99.21599,0.007846355421686747,0.280909085641632,0.5750688748,0,1.269724166464119,1
felix-feusd,feusd,Felix feUSD,0.997628,74811175,364,73583.0,1.0,0.993094,0.00040083,0.04019,-0.104906626372367,-0.278912389803295,75004069.0,8903072264.514801,1.067,-6.62017,0.705908,2026-04-27 09:09:45.358000+00:00,0.0069059999999999,0.6954024493149659,2026-04-27 09:10:13,0,47,Neutral,37.3,14,Low,Small,Bearish,0,0.6919604767053759,18.130477843548586,11.206182889779704,-0.151271433881977,-6.62017,0.9349840674789128,0.000983583000801685,0.008424515355103385,0,6.924294953768882,0
baby-doge-coin,babydoge,Baby Doge Coin,4.10877e-10,74682466,365,2845939.0,4.27069e-10,4.08414e-10,-1.0498666e-11,-2.49152,-1.8704093177009276,6.503424737153038,1.817276438071444e+17,4.2e+17,6.498e-09,-93.67338,9.4771e-11,2026-04-27 09:09:54.365000+00:00,1.8654999999999973e-11,4.567669080883607,2026-04-27 09:10:13,0,47,Neutral,37.3,14,Medium,Small,Neutral,0,4.1087699991559005e-10,18.12875591037177,14.861403975189042,2.9054468422918225,-93.67338,0.06323130193905818,0.03810719105070794,0.43268486620748664,0,3.2673519351827274,0
cysic,cys,Cysic,0.461412,74509023,357,21692251.0,0.484932,0.416696,0.02109336,4.79048,8.917399679957722,26.661237776393225,160800000.0,1000000000.0,0.750805,-37.68113,0.133183,2026-04-27 09:09:46.057000+00:00,0.0682359999999999,16.375487165703525,2026-04-27 09:10:13,0,47,Neutral,37.3,14,Extreme,Small,Bullish,0,0.3794030916454966,18.12643080353122,16.892465704061667,17.912934665835934,-37.68113,0.614556376156259,0.2911358937024312,0.1608,0,1.233965099469554,1
bc-token,bc,BCGame Coin,0.00742906,74205098,368,187059.0,0.00856868,0.00720456,-1.8881032930962e-05,-0.25351,-4.157933646886368,9.42871214672316,9989326216.13088,9989326216.13088,0.01195521,-37.89239,0.00291432,2026-04-27 09:09:52.238000+00:00,0.00136412,18.93411950209313,2026-04-27 09:10:13,0,47,Neutral,37.3,14,Extreme,Small,Neutral,0,0.007401600448996068,18.12234342545307,12.139184699988542,5.5558232880338965,-37.89239,0.6214077377143521,0.0025208375845012696,1.0,0,5.983158725464529,0
matrixdock-gold,xaum,Matrixdock Gold,4718.91,74020178,369,1564521.0,4744.07,4689.12,-13.907449116336466,-0.29385,-1.5297447860419937,5.093021114659789,15688.223888739,15688.223888739,5574.96,-15.29108,2563.55,2026-04-27 09:09:51.167000+00:00,54.94999999999982,1.171861671273071,2026-04-27 09:10:13,0,47,Neutral,37.3,14,Low,Small,Neutral,0,8.459545010601198,18.119848303184693,14.263090903992843,2.938272668795873,-15.29108,0.8464473287700719,0.021136412290173094,1.0,0,3.8567573991918493,0
zetachain,zeta,ZetaChain,0.054248,74003610,367,5683021.0,0.059179,0.053991,-0.0032822896388178,-5.70532,2.122406144487317,8.040467540323336,1363906250.0,2100000000.0,2.85,-98.0973,0.04581773,2026-04-27 09:09:43.081000+00:00,0.005188,9.609008908892234,2026-04-27 09:10:13,0,47,Neutral,37.3,14,High,Small,Neutral,0,0.0528277165594982,18.119624447275193,15.552993691466558,2.542152524194001,-98.0973,0.01903438596491228,0.0767938347872489,0.6494791666666667,0,2.566630755808635,1
nervos-network,ckb,Nervos Network,0.0015192,73930107,366,24283055.0,0.00172252,0.00151462,-0.0001025393366974,-6.32281,0.5735051674431092,9.853358944939702,48658326450.45074,49450786955.95978,0.04370633,-96.52394,0.00132283,2026-04-27 09:09:57.042000+00:00,0.0002079,13.726215156276822,2026-04-27 09:10:13,0,47,Neutral,37.3,14,Extreme,Small,Neutral,0,0.001518047183105256,18.118630718373552,17.00528938114464,3.3828913669638205,-96.52394,0.03475926713590457,0.3284596220048755,0.9839747645226598,0,1.1133413372289134,1
orca,orca,Orca,1.21,73246166,370,38279932.75,1.83,1.2,-0.5211251327191226,-9.850639999999999,33.825890267703855,40.20278578636682,60798790.37384,74999558.710979,20.33,-94.07629,0.351125,2026-04-27 09:09:42.274000+00:00,0.6300000000000001,22.92596993405186,2026-04-27 09:10:13,0,47,Neutral,37.3,14,Extreme,Small,Bullish,0,0.7929925155296614,18.10933647684726,17.460436393878773,20.181415471820088,-94.07629,0.059517953762911954,0.5226202931904995,0.8106553080950303,0,0.6489000829684883,1
coinex-token,cet,CoinEx,0.02898326,73241523,371,44754.0,0.02918867,0.02897301,-0.0001410592759758,-0.48433,-3.2049207045001764,-2.525345687504117,2527028027.79,2527028027.79,0.150293,-80.72084,0.00410696,2026-04-27 09:09:59.840000+00:00,0.0002156599999999,0.7443479293314691,2026-04-27 09:10:13,0,47,Neutral,37.3,14,Low,Small,Bearish,0,0.02857118849800926,18.10927308585557,10.708958449305038,-1.7089394125024702,-80.72084,0.19284504268329195,0.0006110468238078556,1.0,0,7.400314636550531,0
tagger,tag,TAGGER,0.00067155,72993502,373,3734272.0,0.00069462,0.00066453,1.42e-06,0.21224,3.871087042952497,16.728954033582983,108864805114.17,405380800000.0,0.00126186,-46.91625,1.934e-05,2026-04-27 09:09:54.015000+00:00,3.0089999999999974e-05,4.52801227935533,2026-04-27 09:10:13,0,47,Neutral,37.3,14,Medium,Small,Bullish,0,0.0006713246111996709,18.10588099515193,15.133063712355552,10.12226842014979,-46.91625,0.5321905758166516,0.05115896480757972,0.2685494851117024,0,2.9728172827963792,1
fogo,fogo,Fogo,0.01907317,72710501,374,5063784.0,0.01992531,0.01894738,0.00012095,0.63821,-0.848642825333912,12.83909976205832,3812813872.582935,9986791092.72024,0.062549,-69.47716,0.01581099,2026-04-27 09:09:45.640000+00:00,0.00097793,5.16129406809808,2026-04-27 09:10:13,0,47,Neutral,37.3,14,High,Small,Bullish,0,0.018893557354537235,18.10199638874214,15.437624785348762,7.958743857234991,-69.47716,0.3049316535835905,0.0696430904801495,0.38178568442892963,0,2.664371603393379,0
audiera,beat,Audiera,0.520835,72599121,375,6364612.0,0.573202,0.520191,-0.0279920838983971,-5.10035,9.930148257512768,2.042182358379024,139300000.0,1000000000.0,4.91,-89.38836,0.067925,2026-04-27 09:10:02.621000+00:00,0.053011,10.190679961783276,2026-04-27 09:10:13,0,47,Neutral,37.3,14,Extreme,Small,Neutral,0,0.4192595261303107,18.100463386057985,15.6662639868683,-0.8148305849725856,-89.38836,0.10607637474541752,0.08766789338950812,0.1393,0,2.4341993991896853,1
mimblewimblecoin,mwc,MimbleWimbleCoin,6.65,72303775,372,145377.0,6.84,6.07,-0.0709605248024765,-1.05584,11.938362899944991,-7.188111215257449,11005651.16778802,11005921.41778802,38.81,-82.94362,0.298733,2026-04-27 09:09:46.406000+00:00,0.7699999999999996,12.68533772652388,2026-04-27 09:10:13,0,47,Neutral,37.3,14,Extreme,Small,Bearish,0,2.0347056478384444,18.09638691259786,11.88709252589351,-4.735202729154469,-82.94362,0.1713475908271064,0.0020106419063181695,0.9999754450363817,0,6.209294386704352,1
arkham,arkm,Arkham,0.115999,72221007,376,8609805.0,0.122168,0.115124,-0.0061689831631389,-5.04958,-11.675158450803504,19.996864284175807,622760291.0,1000000000.0,3.98,-97.09039,0.091695,2026-04-27 09:09:54.288000+00:00,0.0070439999999999,6.118619922865775,2026-04-27 09:10:13,0,47,Neutral,37.3,14,High,Small,Bullish,0,0.10974996790137008,18.095241531068716,15.96841234421046,9.978286570505485,-97.09039,0.029145477386934675,0.11921469054010836,0.622760291,0,2.126829186858256,0
dai-on-pulsechain,dai,DAI on PulseChain,0.00162597,72120127,378,536782.0,0.0018072,0.00158918,-0.00015317220232,-8.60933,-14.812181708540216,44.27293246207722,44358948572.01558,44358948572.01558,0.03373531,-95.18586,1.02312e-13,2026-04-27 09:09:43.726000+00:00,0.0002180199999999,13.719024905926323,2026-04-27 09:10:13,0,47,Neutral,37.3,14,Extreme,Small,Bullish,1,0.001624649541935906,18.09384373111756,13.19334919498761,23.12002747724633,-95.18586,0.048197867456976094,0.007442887614438061,1.0,0,4.9004945361299495,0
debridge,dbr,deBridge,0.01347233,71652534,377,6187376.0,0.0138135,0.01334175,-9.27954269936e-05,-0.68407,7.766531536793006,-18.337081340790967,5325146909.0,10000000000.0,0.05521,-75.62896,0.01238776,2026-04-27 09:09:44.399000+00:00,0.0004717499999999,3.5358929675642248,2026-04-27 09:10:13,0,47,Neutral,37.3,14,Medium,Small,Strong Bear,0,0.013382385106541089,18.08733909193359,15.638021806873619,-11.27587680447458,-75.62896,0.24401974280021732,0.0863525077843025,0.5325146909,0,2.449317285059971,1
plume,plume,Plume,0.0128328,71171612,379,29570978.0,0.0140302,0.01280555,-0.0005355943164276,-4.00642,4.902938240164845,23.776051324994345,5545561594.0,10000000000.0,0.247537,-94.81642,0.00854877,2026-04-27 09:09:44.712000+00:00,0.0012246499999999,9.563431480881327,2026-04-27 09:10:13,0,47,Neutral,37.3,14,High,Small,Bullish,0,0.012751157349411561,18.08060460306247,17.202303999160215,12.663062794996607,-94.81642,0.05184194686046934,0.4154883832053713,0.5545561594,0,0.8783006039022538,1
temple,temple,TempleDAO,2.99,70873572,380,15818.99,2.99,2.96,-0.0018602754538799,-0.06223,1.6953367782579771,-4.879253113075222,23722422.590706147,23769704.54225455,4.11,-27.35155,0.186329,2026-04-27 09:09:54.963000+00:00,0.0300000000000002,1.0135135135135218,2026-04-27 09:10:13,0,47,Neutral,37.3,14,Low,Small,Bearish,0,1.3837912309017721,18.076408185770696,9.669029609210193,-2.9524438678451332,-27.35155,0.7274939172749392,0.0002232001231714411,0.9980108313309343,0,8.407378576560502,1
ontology,ont,Ontology,0.070382,70419057,381,8323450.0,0.074303,0.070205,-0.0038305779042761,-5.16161,-5.468755027121085,6.81143582868064,1000000000.0,1000000000.0,10.92,-99.35587,0.0390593,2026-04-27 09:09:43.901000+00:00,0.0040979999999999,5.837191083256164,2026-04-27 09:10:13,0,47,Neutral,37.3,14,High,Small,Neutral,0,0.06801559410693628,18.069974494720142,15.934587510452278,2.0222174972083837,-99.35587,0.006445238095238095,0.11819882791102983,1.0,0,2.135386984267864,0
apes-2-2,apes,APES,0.078168,70317166,382,315359.0,0.079758,0.077694,-0.0002022308431985,-0.25805,4.00407897663826,16.804613372858878,900000000.0,900000000.0,0.07976,-1.95341,0.065435,2026-04-27 09:09:49.667000+00:00,0.0020639999999999,2.656575797358865,2026-04-27 09:10:13,0,47,Neutral,37.3,14,Medium,Small,Bullish,0,0.07526330450021065,18.068526523271395,12.661470122386547,9.979548023715326,-1.95341,0.9800401203610833,0.0044848081619216565,1.0,0,5.407056400884848,1
midas-mf-one,mf-one,Midas mF-ONE,1.08,70185002,383,0.0,1.08,1.079,-0.0001250273205659,-0.01158,0.219231611850544,0.8412456574008527,65024601.28194067,65024601.28194067,1.08,-0.06149,1.008,2026-04-27 09:10:01.570000+00:00,0.0010000000000001,0.0926784059314283,2026-04-27 09:10:13,0,47,Neutral,37.3,14,Low,Small,Neutral,0,0.7323678937132266,18.066645213694738,0.0,0.5001153944405116,-0.06149,1.0,0.0,1.0,0,18.066645213694738,1
digibyte,dgb,DigiByte,0.00383019,69928162,384,2979394.0,0.00402625,0.00365143,3.078e-05,0.81016,-12.305892617890091,-4.968864547563853,18259577583.99197,18259814407.52112,0.178084,-97.85725,3.099e-05,2026-04-27 09:09:45.245000+00:00,0.00037482,10.265019458130103,2026-04-27 09:10:13,0,47,Neutral,37.3,14,Extreme,Small,Bearish,0,0.0038228734987243553,18.06297903020874,14.907230817735982,-2.657254728538312,-97.85725,0.021507771613395926,0.042606496650090704,0.9999870303430329,0,3.1557482124727585,0
astar,astr,Astar,0.00811297,69620330,385,1715219.0,0.00845232,0.00806495,-0.0002425294012417,-2.90263,0.0585420357808819,7.160400049590876,8587834020.0,8680054890.0,0.421574,-98.07901,0.00666508,2026-04-27 09:09:52.936000+00:00,0.0003873699999999,4.803129591627967,2026-04-27 09:10:13,0,47,Neutral,37.3,14,Medium,Small,Neutral,0,0.008080236782119561,18.058567194717188,14.355051910238398,3.1351880297545263,-98.07901,0.019244474279723135,0.02463675480998151,0.989375542992678,0,3.70351528447879,1
fasttoken,ftn,Fasttoken,0.159833,69345834,386,64819.0,,,,,0.0,-85.30465725495054,433865414.6,870742437.0,4.61,-96.53095,0.159798,2026-04-02 03:55:53.306000+00:00,,,2026-04-27 09:10:13,0,47,Neutral,37.3,14,Unknown,Small,Strong Bear,0,0.1482760292370021,18.054616645243136,11.079369476695538,-51.182794352970326,-96.53095,0.034670932754880694,0.0009347208946971494,0.49827066669084374,0,6.9752471685475985,0
based-brett,brett,Brett,0.00695984,68969251,387,17642537.0,0.00732526,0.00688351,1.97e-05,0.28381,1.886093866248592,15.000390283445752,9909607465.14937,9909607465.14937,0.234204,-97.02952,0.00084753,2026-04-27 09:09:43.706000+00:00,0.00044175,6.41751083386238,2026-04-27 09:10:13,0,47,Neutral,37.3,14,High,Small,Bullish,0,0.006935732107002758,18.049171340053608,16.685823475744556,9.11375817006745,-97.02952,0.02971699885569845,0.25580293745686755,1.0,0,1.363347864309052,1
ai-rig-complex,arc,AI Rig Complex,0.068887,68890167,389,6142704.0,0.069755,0.064776,0.00388416,5.9754,-1.6650145160021077,42.70292533472605,999983259.337419,999983259.337419,0.623197,-89.04779,0.00987155,2026-04-27 09:09:48.734000+00:00,0.0049789999999999,7.686488823020868,2026-04-27 09:10:13,0,47,Neutral,37.3,14,High,Small,Bullish,0,0.06661792018806718,18.04802402623675,15.630775756853945,28.011915200835624,-89.04779,0.11053808025391651,0.08916662954235544,1.0,0,2.417248269382805,0
irys,irys,Irys,0.03435948,68747519,388,6015276.0,0.03569641,0.03423025,-0.0006053444226233,-1.7313,5.068526314681595,68.65495138857254,2000000000.0,10000000000.0,0.068025,-49.27822,0.01652714,2026-04-27 09:09:46.073000+00:00,0.00146616,4.283229015271584,2026-04-27 09:10:13,0,47,Neutral,37.3,14,Medium,Small,Bullish,0,0.03378237524111884,18.045951221133045,15.6098129578684,40.500450833143525,-49.27822,0.5051007717750826,0.08749808120348314,0.2,0,2.4361382632646453,1
threshold-network-token,t,Threshold Network,0.00613378,68422271,390,3356547.0,0.00634255,0.00608847,-0.000148179459047,-2.35881,-2.645941239784453,-0.0816715650658888,11155000000.0,11155000000.0,0.226934,-97.30166,0.00587541,2026-04-27 09:09:57.121000+00:00,0.0002540799999999,4.173133808657995,2026-04-27 09:10:13,0,47,Neutral,37.3,14,Medium,Small,Bearish,0,0.006115044943566708,18.041208943627122,15.026423622869446,-0.9925269390395333,-97.30166,0.027028915896251775,0.0490563518419317,1.0,0,3.0147853207576762,0
usdgo,usdgo,USDGO,0.999782,67984962,391,3316338.0,1.0,0.999761,-0.0001714558386707,-0.01715,-0.0075223706784442,0.0082693356026267,68000230.0,68000230.0,1.002,-0.25939,0.998967,2026-04-27 09:09:41.409000+00:00,0.0002389999999999,0.0239057134655171,2026-04-27 09:10:13,0,47,Neutral,37.3,14,Low,Small,Neutral,0,0.6930381746190136,18.034797106334075,15.01437202161637,-0.0018983986384239803,-0.25939,0.9977864271457085,0.04878046412675791,1.0,0,3.0204250847177043,0
targon,sn4,Targon,14.78,67792534,394,1028345.0,15.33,14.44,0.217517,1.49378,6.760558349173931,-26.34709362005488,4574673.131833556,4574673.131833556,39.23,-62.56332,5.99,2026-04-27 09:09:55.358000+00:00,0.8900000000000006,6.163434903047095,2026-04-27 09:10:13,0,47,Neutral,37.3,14,High,Small,Strong Bear,0,2.7587433154177283,18.03196264360398,13.84346224424378,-15.210744172032928,-62.56332,0.3767524853428499,0.015169000763417399,1.0,0,4.1885003993601995,1
vaneck-treasury-fund,vbill,VanEck Treasury Fund,1.0,67337246,392,0.0,1.0,1.0,0.0,0.0,0.0,0.0,67337245.95278999,67337245.95278999,1.0,0.0,1.0,2026-04-27 09:00:13.154000+00:00,0.0,0.0,2026-04-27 09:10:13,0,47,Neutral,37.3,14,Low,Small,Bearish,0,0.6931471805599453,18.025224088770624,0.0,0.0,0.0,1.0,0.0,1.0,0,18.025224088770624,0
dola-usd,dola,DOLA,0.991347,67174247,393,22114.0,0.994009,0.988251,0.0010343,0.10444,0.0870927408457424,-0.117695921843383,67758305.5719453,77008118.24093905,1.87,-47.04762,0.088407,2026-04-27 09:09:42.289000+00:00,0.005758,0.5826455020030378,2026-04-27 09:10:13,0,47,Neutral,37.3,14,Low,Small,Bearish,0,0.6888112941755753,18.022800517762306,10.004011390302427,-0.028841553106029788,-47.04762,0.5301320855614973,0.0003292035413511967,0.8798852266451517,0,8.018789127459879,1
saturn-dollar,usdat,Saturn Dollar,0.999916,66721644,395,896652.0,1.0,0.99935,-7.7837601241137e-05,-0.00778,0.024961700276239,,66727722.199807,66727722.199807,1.043,-4.09152,0.994073,2026-04-27 09:09:41.337000+00:00,0.00065,0.0650422774803661,2026-04-27 09:10:13,0,47,Neutral,37.3,14,Low,Small,Unknown,0,0.6931051796779206,18.016039970986608,13.70642422115807,-0.003112,-4.09152,0.9586922339405561,0.013438697643601227,1.0,0,4.309615749828538,1
nano,xno,Nano,0.500368,66619378,396,869179.0,0.531971,0.496939,-0.0081184384070149,-1.59659,-5.151399525436318,11.50657918395767,133248297.0,133248297.0,33.69,-98.51762,0.026179,2026-04-27 09:09:46.292000+00:00,0.0350319999999999,7.049557390343675,2026-04-27 09:10:13,0,47,Neutral,37.3,14,High,Small,Bullish,0,0.40571041135219665,18.014506069161296,13.675305517435627,6.265311510374603,-98.51762,0.014852122291481154,0.013046939585656293,1.0,0,4.3392005517256695,0
alchemist-ai,alch,Alchemist AI,0.078153,66478216,397,9268666.0,0.080283,0.077559,-0.0018821203878965,-2.35162,8.75802697971452,11.596214250055196,850000000.0,999953818.653936,0.243323,-67.83807,0.01435554,2026-04-27 09:09:50.045000+00:00,0.0027239999999999,3.512164932502985,2026-04-27 09:10:13,0,47,Neutral,37.3,14,Medium,Small,Bullish,0,0.07524939191483933,18.012384888055532,16.042150130006977,6.017080550033117,-67.83807,0.3211903519190541,0.13942410849292344,0.8500392559570473,0,1.970234758048555,1
movement,move,Movement,0.01809629,66462495,398,12115799.0,0.018986,0.0180702,-0.0006385881137583,-3.40855,-3.729135771202128,1.7230048122444126,3672916667.0,10000000000.0,1.45,-98.7518,0.01675458,2026-04-27 09:09:46.388000+00:00,0.0009157999999999,5.068012528914997,2026-04-27 09:10:13,0,47,Neutral,37.3,14,High,Small,Neutral,0,0.017934501081548586,18.012148376610416,16.31002094389497,-0.3296171126533525,-98.7518,0.0124802,0.18229527796090111,0.3672916667,0,1.7021274327154465,0
non-playable-coin,npc,Non-Playable Coin,0.00827126,66409064,399,5199011.0,0.00857998,0.00823618,-0.0001288995894738,-1.53449,9.338186303289056,11.581692622098313,8050126520.0,8050126520.0,0.066169,-87.53114,4.561e-05,2026-04-27 09:09:42.966000+00:00,0.0003438,4.174265254037674,2026-04-27 09:10:13,0,47,Neutral,37.3,14,Medium,Small,Bullish,0,0.008237240589201663,18.011344126212844,15.463979165499369,6.335219573258987,-87.53114,0.12500204023031933,0.0782876716949361,1.0,0,2.547364960713475,1
mindwavedao,nila,MindWaveDAO,0.078758,66323689,401,115515.0,0.079277,0.078249,-0.0004220198537137,-0.53299,0.382989687457273,-4.164012164871729,842766176.55,1057021569.0,0.39007,-79.88421,0.0014606,2026-04-27 09:10:00.205000+00:00,0.001028,1.3137548083681596,2026-04-27 09:10:13,0,47,Neutral,37.3,14,Low,Small,Bearish,0,0.07581037937873233,18.01005770656799,11.657164327488378,-2.711603298923037,-79.88421,0.2019073499628272,0.0017416853878559138,0.7973027242455446,0,6.352893379079614,1
axelar,axl,Axelar,0.057109,66272688,400,17986823.0,0.060986,0.055821,0.00106397,1.89841,4.542170500410714,19.019045538537235,1159570513.100035,1238745190.832003,2.64,-97.8446,0.04272336,2026-04-27 09:09:42.677000+00:00,0.0051649999999999,9.252790168574542,2026-04-27 09:10:13,0,47,Neutral,37.3,14,High,Small,Bullish,0,0.05553782361490756,18.009288439670964,16.705150047817625,12.17079132312234,-97.8446,0.021632196969696968,0.2714062692009716,0.9360847748851477,0,1.3041383918533391,1
megausd,usdm,MegaUSD,0.999337,65794252,402,667691.0,1.003,0.996564,-0.0004251618689316,-0.04253,-0.0217568923503147,0.0100836947089364,65832275.04971,65832275.04971,1.017,-1.75108,0.977115,2026-04-27 09:09:45.872000+00:00,0.0064359999999998,0.645819034201505,2026-04-27 09:10:13,0,47,Neutral,37.3,14,Low,Small,Neutral,0,0.6928156256016742,18.002043052055615,13.411582268345397,-0.01096178317463816,-1.75108,0.9826322517207474,0.010148166134634375,1.0,0,4.590460783710219,0
kava,kava,Kava,0.060569,65561925,403,3841631.0,0.064125,0.060281,-0.0019096675847354,-3.0565,7.410796345623903,16.06936915173815,1082847040.0,1082847040.0,9.12,-99.33746,0.04569939,2026-04-27 09:09:46.420000+00:00,0.003844,6.376801977405816,2026-04-27 09:10:13,0,47,Neutral,37.3,14,High,Small,Bullish,0,0.05880555655527473,17.9985056890777,15.16140783427699,8.41902149104289,-99.33746,0.006641337719298246,0.05859545765320344,1.0,0,2.83709785480071,1
puff-the-dragon,puff,Puff The Dragon,0.073521,65512105,404,4711.98,0.074116,0.06965,-0.0002544050526785,-0.34484,-0.885222702210696,-1.9757219926871576,888888888.0,888888888.0,0.330448,-77.70493,0.03916614,2026-04-27 09:10:00.525000+00:00,0.0044659999999999,6.412060301507534,2026-04-27 09:10:13,0,47,Neutral,37.3,14,High,Small,Bearish,0,0.07094390032514748,17.99774550795503,8.458075683333144,-1.3233691956122946,-77.70493,0.2224888636033506,7.192533349371081e-05,1.0,0,9.539669824621887,0
rekt-4,rekt,Rekt,1.53761e-07,64683818,405,748588.0,1.58013e-07,1.48666e-07,4.353e-09,2.91333,13.297008680411851,8.760134252846681,420690000000000.0,420690000000000.0,1.41e-06,-89.09623,3.1106e-08,2026-04-27 09:09:44.338000+00:00,9.347000000000012e-09,6.287247924878595,2026-04-27 09:10:13,0,47,Neutral,37.3,14,High,Small,Neutral,0,1.5376098817877867e-07,17.985021635457024,13.525945380248862,6.421412551708009,-89.09623,0.10905035460992907,0.01157303361406403,1.0,0,4.459076255208162,1
bio-protocol,bio,Bio Protocol,0.03000046,64338462,407,38279932.75,0.0319169,0.02863641,0.00031308,1.05459,12.536294298854155,83.78539996398884,2145029070.25,3320000000.0,0.888995,-96.64025,0.01589991,2026-04-27 09:09:44.556000+00:00,0.0032804899999999,11.455660817818982,2026-04-27 09:10:13,0,47,Neutral,37.3,14,Extreme,Small,Bullish,0,0.029559248843386423,17.97966819077362,17.460436393878773,50.6930759783933,-96.64025,0.03374648901287409,0.5949774296749587,0.6460930934487952,0,0.5192317968948466,1
aelf,elf,aelf,0.078452,64302600,406,1091941.0,0.07905,0.07814,-0.0003858024189606,-0.48936,-1.10661724329988,0.5703751302291602,819518115.3863482,996445610.3521582,2.6,-96.98979,0.03545756,2026-04-27 09:09:41.986000+00:00,0.0009099999999999,1.1645764013309368,2026-04-27 09:10:13,0,47,Neutral,37.3,14,Low,Small,Neutral,0,0.07552667959794847,17.979110639400613,13.903468320323299,0.14648107813749606,-96.98979,0.030173846153846152,0.01698128847045065,0.8224413925580131,0,4.075642319077314,0
numeraire,nmr,Numeraire,9.06,63777965,408,6171326.0,9.35,8.96,0.00810814,0.08961,9.572147719526152,37.03515276596335,7041756.576167998,10638307.1676395,93.15,-90.30579,2.06,2026-04-27 09:09:46.323000+00:00,0.3899999999999988,4.352678571428557,2026-04-27 09:10:13,0,47,Neutral,37.3,14,Medium,Small,Bullish,0,2.3085671646715933,17.970918328162778,15.635424445690251,22.256935659578012,-90.30579,0.09726247987117552,0.09676266716882548,0.661924539797855,0,2.3354938824725266,1
greyhunt,hunt,Greyhunt,2.94,63382927,409,7032.66,2.95,2.94,-0.0004218195452567,-0.01432,0.6854810834654951,-33.71108442205531,21526688.476661596,100000000.0,8.28,-64.43003,0.633867,2026-04-27 09:09:41.237000+00:00,0.0100000000000002,0.3401360544217766,2026-04-27 09:10:13,0,47,Neutral,37.3,14,Low,Small,Strong Bear,0,1.3711807233098425,17.96470510869863,8.85846247521512,-20.232378653233184,-64.43003,0.35507246376811596,0.00011095511572067348,0.21526688476661596,0,9.106242633483511,1
dusk-network,dusk,DUSK,0.126497,63283357,411,5838047.0,0.131112,0.125355,-0.0046150034366687,-3.5199,-11.114992588809338,12.616761158112592,500000000.0,500000000.0,1.09,-88.42591,0.01113274,2026-04-27 09:09:47.105000+00:00,0.005757,4.5925571377288605,2026-04-27 09:10:13,0,47,Neutral,37.3,14,Medium,Small,Bullish,0,0.11911281777077044,17.963132945755305,15.57990705235623,6.162096694867555,-88.42591,0.11605229357798164,0.09225248591031604,1.0,0,2.383225893399075,0
flow,flow,Flow,0.03804923,63078829,410,6113095.0,0.03968523,0.03769289,-0.0011411406140338,-2.91179,10.299155424995153,24.269973662978508,1657277323.422009,1657277323.422009,42.4,-99.90996,0.02821586,2026-04-27 09:09:46.385000+00:00,0.00199234,5.285718341045227,2026-04-27 09:10:13,0,47,Neutral,37.3,14,High,Small,Bullish,0,0.03734321136470167,17.959895772011386,15.625943913124425,13.397268197787104,-99.90996,0.0008973875000000001,0.0969119924531256,1.0,0,2.3339518588869606,1
polymesh,polyx,Polymesh,0.04956489,62949810,412,1860808.0,0.051326,0.04929749,-0.0015722598265237,-3.07459,-1.3440481781938585,11.570790984942356,1270048487.161879,1270048487.161879,0.748771,-93.379,0.03831383,2026-04-27 09:09:42.626000+00:00,0.0020285099999999,4.114834244096397,2026-04-27 09:10:13,0,47,Neutral,37.3,14,Medium,Small,Bullish,0,0.04837568780978114,17.95784831606728,14.436521897364248,5.712638590965414,-93.379,0.06619499152611413,0.029560184534313923,1.0,0,3.5213264187030333,0
straitsx-xusd,xusd,StraitsX XUSD,0.999965,62910192,413,12556024.0,0.999976,0.999534,0.0002413,0.02414,0.0474186838401687,0.0113454874755528,62913176.001,62913176.001,1.77,-43.54421,0.936389,2026-04-27 09:09:43.806000+00:00,0.0004419999999999,0.0442206068027643,2026-04-27 09:10:13,0,47,Neutral,37.3,14,Low,Small,Neutral,0,0.6931296804068185,17.957218759416246,16.345711188021962,0.016463292485331682,-43.54421,0.5649519774011299,0.19958648353831124,1.0,0,1.6115075713942844,1
tronbank,tbk,TronBank,0.628125,62812453,414,111709.0,0.648304,0.625317,-0.0015291849296096,-0.24286,-3.587172380382224,29.63154016310707,100000000.0,1000000000.0,2.98,-78.91533,0.319163,2026-04-27 09:09:46.127000+00:00,0.0229869999999999,3.676055504648039,2026-04-27 09:10:13,0,47,Neutral,37.3,14,Medium,Small,Bullish,0,0.4874290459595947,17.955663923879094,11.623661506564893,17.68178009786424,-78.91533,0.2107802013422819,0.0017784530720365275,0.1,0,6.3320024173142,0
tradable-north-america-pos-lender-sstn,pc0000019,Tradable North America PoS Lender SSTN,1.0,62500000,415,0.0,1.0,1.0,0.0,0.0,0.0,0.0,62500000.0,62500000.0,1.0,0.0,1.0,2026-04-27 09:05:08.354000+00:00,0.0,0.0,2026-04-27 09:10:13,0,47,Neutral,37.3,14,Low,Small,Bearish,0,0.6931471805599453,17.95067713070663,0.0,0.0,0.0,1.0,0.0,1.0,0,17.95067713070663,0
aztec,aztec,Aztec,0.02104157,62334913,416,8185439.0,0.0223921,0.0208631,-0.0007995668899314,-3.66083,-3.8515745503498975,11.71096999691399,2962545090.0,10350000000.0,0.03989623,-47.42369,0.01756324,2026-04-27 09:09:46.062000+00:00,0.001529,7.328728712415714,2026-04-27 09:10:13,0,47,Neutral,37.3,14,High,Small,Bullish,0,0.02082325333900451,17.948032244118004,15.91786752421485,5.562249998148394,-47.42369,0.5274074768468099,0.13131387542002346,0.28623624057971014,0,2.030164719903153,0
chainopera-ai,coai,ChainOpera AI,0.33094,62188248,417,4696975.0,0.35763,0.328725,-0.0147804731372359,-4.27527,10.879094058066404,25.58915155778919,188000098.0,1000000000.0,43.81,-99.2445,0.138148,2026-04-27 09:09:45.799000+00:00,0.028905,8.79306411133927,2026-04-27 09:10:13,0,47,Neutral,37.3,14,High,Small,Bullish,0,0.28588545950883687,17.94567661703166,15.362429455351624,13.643382934673513,-99.2445,0.007553983108879251,0.07552833776568203,0.188000098,0,2.5832471616800348,1
bitkub-coin,kub,KUB Coin,0.889585,61392562,418,213840.0,0.904872,0.888047,-0.0055272954269973,-0.6175,3.949577030229561,3.401780098859072,68974776.0,110000000.0,17.24,-94.83686,0.381968,2026-04-27 09:09:41.975000+00:00,0.0168249999999999,1.894606929588184,2026-04-27 09:10:13,0,47,Neutral,37.3,14,Low,Small,Neutral,0,0.636357228241477,17.932799262002792,12.272988027195431,1.7940680593154432,-94.83686,0.051600058004640376,0.003483158106351711,0.6270434181818182,0,5.659811234807361,1
agentfun-ai,agentfun,AgentFun.AI,0.612216,61224483,419,50.49,0.617312,0.608748,0.00279458,0.45856,1.632214873480849,-4.5317837768974805,100000000.0,100000000.0,25.25,-97.57491,0.593806,2026-04-27 09:09:44.279000+00:00,0.008564,1.406821870462,2026-04-27 09:10:13,0,47,Neutral,37.3,14,Low,Small,Bearish,0,0.47760963014512425,17.930057732837223,3.94138761405805,-2.535646266138488,-97.57491,0.02424617821782178,8.246700915383802e-07,1.0,0,13.988670118779174,1
swop-2,swop,Swop,0.00607179,60717843,420,3.31,0.00619514,0.00607119,5.9154e-07,0.00974,0.1599410094269104,0.1067224827516548,9999998190.50924,9999998190.50924,0.01391529,-56.36168,0.00604693,2026-04-27 09:09:45.171000+00:00,0.00012395,2.041609635013898,2026-04-27 09:10:13,0,47,Neutral,37.3,14,Medium,Small,Neutral,0,0.006053430960439117,17.921748183174874,1.4609379041156565,0.06792948965099288,-56.36168,0.4363394510642609,5.4514453024953475e-08,1.0,0,16.460810279059217,1
soon-2,soon,SOON,0.177682,60691666,421,6784210.0,0.195166,0.176486,-0.0141894397847271,-7.39529,1.0617068209796443,57.61377277523388,339791742.36,997233354.9052756,4.3,-95.85712,0.101005,2026-04-27 09:10:00.152000+00:00,0.01868,10.584408961617353,2026-04-27 09:10:13,0,47,Neutral,37.3,14,Extreme,Small,Bullish,0,0.16354809972037324,17.921316964892384,15.73010855856454,31.610147665140328,-95.85712,0.04132139534883721,0.11178157475525552,0.340734433609349,0,2.191208406327844,1
zora,zora,Zora,0.0134244,60038529,422,8207254.0,0.01436328,0.01337057,-0.0008346630887319,-5.85356,-4.602083132253541,-8.429897327010877,4469999998.0,10000000000.0,0.145579,-90.78528,0.00778286,2026-04-27 09:09:47.773000+00:00,0.00099271,7.424589976343572,2026-04-27 09:10:13,0,47,Neutral,37.3,14,High,Small,Bearish,0,0.013335091133148637,17.910497080752258,15.920529077166075,-7.399362396206526,-90.78528,0.09221384952500018,0.13669978489979326,0.4469999998,0,1.989968003586183,0
eurite,euri,Eurite,1.17,59869138,423,2888326.0,1.17,1.17,0.00370508,0.31638,-0.014291619626814,2.167091490315627,50968733.99990108,50968733.99990108,1.21,-2.6685,1.008,2026-04-27 09:09:58.245000+00:00,0.0,0.0,2026-04-27 09:10:13,0,47,Neutral,37.3,14,Low,Small,Neutral,0,0.7747271675523681,17.90767172163895,14.87618799973196,1.4268068941893761,-2.6685,0.9669421487603306,0.048243988413529525,1.0,0,3.031483721906989,0
quantixai,qfi,Quantix Finance,59.57,59566017,424,1461641.0,61.3,59.5,-1.386995295578913,-2.27537,-4.0313275280508005,-14.736061109203607,1000000.0,10000000.0,109.6,-45.6561,0.228366,2026-04-27 09:09:43.398000+00:00,1.7999999999999972,3.0252100840336085,2026-04-27 09:10:13,0,47,Neutral,37.3,14,Medium,Small,Bearish,0,4.103799720992856,17.902595801642878,14.195071019265258,-9.751784665522164,-45.6561,0.543521897810219,0.024538169137614155,0.1,0,3.70752478237762,0
mog-coin,mog,Mog Coin,1.52031e-07,59500325,425,10166626.0,1.61611e-07,1.50842e-07,-2.708397741e-09,-1.7503,8.589694936807925,8.778429090079978,390561998053223.3,390561998053223.3,4.02e-06,-96.22186,4.526e-09,2026-04-27 09:09:43.021000+00:00,1.0769000000000009e-08,7.139258296760855,2026-04-27 09:10:13,0,47,Neutral,37.3,14,High,Small,Neutral,0,1.520309884432887e-07,17.901492349492447,16.134621051262574,4.566937454047987,-96.22186,0.03781865671641791,0.17086673055987509,1.0,0,1.7668712982298729,1
main-street-usd,msusd,Main Street USD,0.999938,59445154,426,848323.0,1.0,0.999696,0.00012562,0.01256,0.0232024887655278,-0.3119301458213757,59448897.70288141,59448897.70288141,2.0,-50.08975,0.978907,2026-04-27 09:09:55.366000+00:00,0.0003039999999999,0.0304092444102978,2026-04-27 09:10:13,0,47,Neutral,37.3,14,Low,Small,Bearish,0,0.6931161800794354,17.90056468072365,13.651017917273492,-0.1821340874928254,-50.08975,0.499969,0.01427068386432307,1.0,0,4.249546763450159,1
lab,lab,LAB,0.778834,58960634,432,38279932.75,0.951724,0.73365,-0.1640424841222983,-9.850639999999999,40.62527565778312,256.88632180031794,76546099.142,1000000000.0,0.95589,-20.42923,0.074235,2026-04-27 09:09:45.991000+00:00,0.218074,22.92596993405186,2026-04-27 09:10:13,0,47,Neutral,37.3,14,Extreme,Small,Bullish,0,0.5759580934811785,17.892380575800928,17.460436393878773,150.19153708019076,-20.42923,0.8147736664260532,0.6492456093670906,0.076546099142,0,0.4319441819221552,1
popcat,popcat,Popcat,0.060202,58953268,427,15016271.0,0.064878,0.059757,-0.0016950840972486,-2.73856,3.0691008905967565,27.132132402726665,979978669.96,979978669.96,2.05,-97.08097,0.00379728,2026-04-27 09:09:43.580000+00:00,0.005121,8.56970731462424,2026-04-27 09:10:13,0,47,Neutral,37.3,14,High,Small,Bullish,0,0.05845945600631076,17.892255637184537,16.524644971096144,15.183855441636,-97.08097,0.029366829268292684,0.2547148192022196,1.0,0,1.3676106660883924,1
pythia,pythia,PYTHIA,0.058912,58791944,428,846756.0,0.05907,0.058489,0.00020948,0.35685,-5.516949493606493,-3.196153050453334,998158306.139888,998158306.139888,0.125047,-52.91628,0.00413184,2026-04-27 09:09:45.066000+00:00,0.0005809999999999,0.993349176768278,2026-04-27 09:10:13,0,47,Neutral,37.3,14,Low,Small,Bearish,0,0.057241965904933176,17.88951541368898,13.649169037548711,-1.7749518302720004,-52.91628,0.47111885930889985,0.014402585497087832,1.0,0,4.240346376140268,0
usdx,usdx,USDX,0.526586,58731233,429,1683.98,0.533301,0.524361,-0.0013871898039272,-0.26274,-8.792655167133471,1.0114212576297337,111568045.0,111568045.0,3.89,-86.4608,0.100156,2026-04-27 09:09:41.777000+00:00,0.00894,1.7049322890146406,2026-04-27 09:10:13,0,47,Neutral,37.3,14,Low,Small,Neutral,0,0.4230338696340374,17.888482238686105,7.429508973279818,0.5017567545778402,-86.4608,0.13536915167095115,2.8672648503735652e-05,1.0,0,10.458973265406287,0
sushi,sushi,Sushi,0.214254,58518291,430,8338326.0,0.224473,0.212704,-0.0096014537638855,-4.28914,1.8976566276579707,11.992401479803217,273012266.12632084,291514753.9009228,23.38,-99.08491,0.176242,2026-04-27 09:09:43.126000+00:00,0.011769,5.533041221603732,2026-04-27 09:10:13,0,47,Neutral,37.3,14,High,Small,Bullish,0,0.19412989645282697,17.88484994708739,15.93637315469177,5.47978488788193,-99.08491,0.00916398631308811,0.1424909350138062,0.9365298410217331,0,1.9484767923956188,1
home,home,HOME,0.01577209,58384152,433,2743309.0,0.01612676,0.0157244,-6.2352428579115e-05,-0.39378,1.7035128648076758,-18.89566454465904,3703611111.35,10000000000.0,0.04886411,-67.76795,0.01533261,2026-04-27 09:09:45.302000+00:00,0.00040236,2.558825773956405,2026-04-27 09:10:13,0,47,Neutral,37.3,14,Medium,Small,Strong Bear,0,0.01564900312645969,17.882555058235912,14.82467577848117,-11.494910726795425,-67.76795,0.32277452715295535,0.046987220093562376,0.370361111135,0,3.057879279754742,1
jupusd,jupusd,JupUSD,1.001,58193333,434,2803066.0,1.001,0.999346,0.00040886,0.04088,0.102109054209342,-0.0242910142098172,58160858.45568,58160858.45568,1.021,-1.96024,0.885214,2026-04-27 09:09:45.969000+00:00,0.0016539999999999,0.1655082423905167,2026-04-27 09:10:13,0,47,Neutral,37.3,14,Low,Small,Bearish,0,0.6936470556015963,17.879281370059434,14.846224732822368,0.0017773914741096818,-1.96024,0.980411361410382,0.04816816386853112,1.0,0,3.033056637237067,1
vethor-token,vtho,VeThor,0.00057812,57542865,437,1095386.0,0.00059047,0.00057333,-8.307501563615e-06,-1.41664,1.85117587960286,6.896726932200174,99561284614.0,99604485549.0,0.04671227,-98.7643,0.00015238,2026-04-27 09:09:44.384000+00:00,1.7139999999999907e-05,2.989552264838733,2026-04-27 09:10:13,0,47,Neutral,37.3,14,Medium,Small,Neutral,0,0.0005779529530118357,17.868040723675897,13.90661828345049,3.571380159320104,-98.7643,0.012376191523126578,0.019036000379890713,0.9995662752057612,0,3.961422440225407,1
zama,zama,Zama,0.02615944,57513134,435,7900196.0,0.02818576,0.02601359,-0.0019588267744341,-6.96638,-0.3346529509313367,11.728875537558494,2200000000.0,11000000000.0,0.04103617,-36.35376,0.01673142,2026-04-27 09:09:46.127000+00:00,0.00217217,8.350135448432919,2026-04-27 09:10:13,0,47,Neutral,37.3,14,High,Small,Bullish,0,0.0258231342854456,17.867523914462936,15.882398253835197,4.250773322535096,-36.35376,0.6374727466037888,0.13736333686840993,0.2,0,1.9851256606277392,0
babylon,baby,Babylon,0.01535329,57498952,436,6935586.0,0.01575934,0.01522199,-0.0001302241716477,-0.84105,-0.8356478960825942,21.55240630743393,3745291954.98,10751516265.0,0.166134,-90.76223,0.0107208,2026-04-27 09:09:45.060000+00:00,0.00053735,3.5300903495535123,2026-04-27 09:10:13,0,47,Neutral,37.3,14,Medium,Small,Bullish,0,0.015236620897318268,17.867277296906146,15.752176251263679,12.595023784460357,-90.76223,0.09241509865530234,0.12062108540691316,0.348350117571068,0,2.115101045642467,0
verus-coin,vrsc,Verus,0.723089,57395562,438,2439.24,0.780538,0.71517,-0.047422558618843,-6.15468,-3.108589259508623,3.787637007423031,80236491.82754937,80236491.82754937,6.74,-89.38735,0.00177843,2026-04-27 09:09:45.443000+00:00,0.0653679999999999,9.140204426919473,2026-04-27 09:10:13,0,47,Neutral,37.3,14,High,Small,Neutral,0,0.5441186103034664,17.865477558650454,7.799851674105893,-0.18928979554618142,-89.38735,0.10728323442136498,4.249875626272289e-05,1.0,0,10.065625884544561,0
moo-deng,moodeng,Moo Deng,0.057802,57353846,439,12081460.0,0.062418,0.057249,-0.0006667287247474,-1.14032,7.614732170905179,27.92888820751717,989938372.29505,989938372.29505,0.680378,-91.50219,0.01544782,2026-04-27 09:09:53.974000+00:00,0.005169,9.028978672116542,2026-04-27 09:10:13,0,47,Neutral,37.3,14,High,Small,Bullish,0,0.05619317036453667,17.864750478627336,16.30718268686645,16.3012049245103,-91.50219,0.08495571579327961,0.21064777417019254,1.0,0,1.557567791760885,1
hashkey-ecopoints,hsk,HashKey Platform Token,0.165713,57165558,440,119360.0,0.166978,0.165717,-0.0011733957669234,-0.70311,0.7745750158353513,5.359994466815444,344960009.0,1000000000.0,2.56,-93.52307,0.137712,2026-04-27 09:10:01.297000+00:00,0.0012609999999999,0.760935812258238,2026-04-27 09:10:13,0,47,Neutral,37.3,14,Low,Small,Neutral,0,0.15333291697891763,17.861462159621144,11.689907793418579,2.934752680089266,-93.52307,0.064731640625,0.0020879705223904228,0.344960009,0,6.171554366202566,1
loaded-lions,lion,Loaded Lions,0.00185122,56719225,443,824360.0,0.00202853,0.0018431,-0.0001511717492596,-7.54955,-16.282864755603825,-30.95788829355568,30642643274.0,100000000000.0,0.03159196,-94.16269,0.0018431,2026-04-27 09:09:44.735000+00:00,0.00018543,10.060767185719715,2026-04-27 09:10:13,0,47,Neutral,37.3,14,Extreme,Small,Strong Bear,0,0.0018495086040439036,17.853623794114785,13.622363819746964,-21.594552976133407,-94.16269,0.058597820458116553,0.014534049081241854,0.30642643274,0,4.231259974367822,0
mocaverse,moca,Moca Network,0.01383664,56593623,441,8087879.0,0.01481465,0.01378495,-0.0008960552601721,-6.08209,4.022807781601285,9.186398882676302,4092939316.7625,8888888888.0,0.477373,-97.09478,0.01211243,2026-04-27 09:10:01.132000+00:00,0.0010296999999999,7.469740550382843,2026-04-27 09:10:13,0,47,Neutral,37.3,14,High,Small,Neutral,0,0.013741787653772458,17.851406886651226,15.905877202777125,3.079003329605781,-97.09478,0.028984965634839006,0.1429114902221404,0.4604556731818268,0,1.945529683874101,1
vvs-finance,vvs,VVS Finance,1.3e-06,56588865,442,73748.0,1.31e-06,1.29e-06,7.868e-09,0.60921,1.2146970346273809,-5.764926253738516,43550331472463.74,95109375759623.4,0.00033093,-99.60702,1.27e-06,2026-04-27 09:09:42.312000+00:00,2.000000000000002e-08,1.5503875968992265,2026-04-27 09:10:13,0,47,Neutral,37.3,14,Low,Small,Bearish,0,1.2999991550007325e-06,17.8513228100418,11.208422714788103,-3.2152717522431096,-99.60702,0.003928323210346599,0.0013032245831401637,0.4578973537007702,0,6.642900095253697,1
strategy-pp-variable-xstock,strcx,Strategy PP Variable xStock,102.87,56450005,444,30199.0,103.32,102.76,-0.3386793902720626,-0.32815,0.1652698856423199,-3.5116283892148146,548748.5397293777,1311547.001915571,110.13,-6.55564,94.51,2026-04-27 09:09:52.694000+00:00,0.5599999999999881,0.5449591280653835,2026-04-27 09:10:13,0,47,Neutral,37.3,14,Low,Small,Bearish,0,4.64314011723972,17.84886595484869,10.31559720336296,-2.238237033528889,-6.55564,0.9340779079269954,0.0005349689517299423,0.4183979216359816,0,7.53326875148573,1
bitdca,bdca,BitDCA,0.686945,56432855,446,230776.0,0.701068,0.684299,-0.0064696656365959,-0.93302,0.4653238129564312,-2.832599047229861,82150522.73552142,142665333.0,1.18,-41.67452,0.364545,2026-04-27 09:09:44.755000+00:00,0.016769,2.4505369728729742,2026-04-27 09:10:13,0,47,Neutral,37.3,14,Medium,Small,Bearish,0,0.522919200779847,17.848562100041537,12.349207155270804,-2.0727674283379165,-41.67452,0.582156779661017,0.004089390834470452,0.5758268039476796,0,5.499354944770733,1
unit-pump,upump,Unit Pump,0.0017671,56394880,445,975038.0,0.00185113,0.00174185,1.728e-05,0.98731,-2.3485323894101438,2.419662528104527,31901834623.08,1000000000000.0,0.00878431,-79.91688,0.00157343,2026-04-27 09:09:57.504000+00:00,0.00010928,6.273789361885353,2026-04-27 09:10:13,0,47,Neutral,37.3,14,High,Small,Neutral,0,0.0017655405157011846,17.847888949937783,13.790232749180005,1.8467215168627162,-79.91688,0.20116548710143425,0.01728947734262401,0.03190183462308,0,4.057656200757778,0
wiki-cat,wkc,Wiki Cat,1.03111e-07,56108156,431,909348.0,1.34149e-07,1.0068e-07,1.306e-09,1.28297,2.556526871702024,0.9915790460433752,538637424979836.7,538637424979836.7,4.64579e-07,-76.66392,5.6845e-11,2026-04-27 09:09:42.476000+00:00,3.3468999999999994e-08,22.92596993405186,2026-04-27 09:10:13,0,47,Neutral,37.3,14,Extreme,Small,Neutral,0,1.0311099468406121e-07,17.842791760992732,13.72048423786797,1.1081354276260251,-76.66392,0.22194502980117484,0.016207055530393834,1.0,0,4.122307523124762,1
celium,sn51,lium,14.41,55995761,447,2388002.0,14.87,13.93,0.01488916,0.10343,11.904583839064191,7.897409264714578,3878306.508984695,3878306.508984695,37.11,-61.20141,6.04,2026-04-27 09:09:45.119000+00:00,0.9399999999999996,6.748025843503227,2026-04-27 09:10:13,0,47,Neutral,37.3,14,High,Small,Neutral,0,2.7350166493320245,17.840786567264228,14.685968009775248,4.779817558828746,-61.20141,0.38830503907302616,0.042646121016196206,1.0,0,3.15481855748898,1
verge,xvg,Verge,0.00336609,55587941,448,2672092.0,0.00345658,0.0033066,-1.1728480458344e-05,-0.34722,-8.747587135156294,-25.956570764046877,16521951235.74134,16555000000.0,0.261874,-98.71549,2.23e-06,2026-04-27 09:09:50.861000+00:00,0.00014998,4.535776930986515,2026-04-27 09:10:13,0,47,Neutral,37.3,14,Medium,Small,Strong Bear,0,0.0033604374002770845,17.833476865197404,14.798372618422201,-15.712830458428124,-98.71549,0.012853853379869709,0.04806963438347177,0.9980036989272933,0,3.0351042467752034,0
concordium,ccd,Concordium,0.00461718,55582405,449,221923.0,0.00464275,0.00455019,1.341e-05,0.29136,-5.525549361790393,-0.7468373539429156,12038166454.88862,14435671001.0526,0.149407,-96.91046,0.00262306,2026-04-27 09:09:42.384000+00:00,9.25600000000002e-05,2.034200769638196,2026-04-27 09:10:13,0,47,Neutral,37.3,14,Medium,Small,Bearish,0,0.004606553521445369,17.83337727029455,12.310090259899557,-0.33155841236574934,-96.91046,0.030903371327983292,0.003992684375568132,0.8339180391414321,0,5.523287010394995,0
request-network,req,Request,0.073789,54922132,450,771796.0,0.077691,0.073704,-0.0025326172234366,-3.31834,-14.702524609334583,11.494869661624186,744291192.2591633,999416740.9347086,1.059,-93.0367,0.00454707,2026-04-27 09:09:51.513000+00:00,0.0039869999999999,5.409475740801028,2026-04-27 09:10:13,0,47,Neutral,37.3,14,High,Small,Bullish,0,0.07119351496056717,17.821426976420128,13.55647684106074,5.569585796974511,-93.0367,0.06967799811142587,0.014052549890088025,0.7447255601933003,0,4.264950135359388,0
openledger-2,open,OpenLedger,0.253669,54834696,451,19615655.0,0.257876,0.234444,0.01043244,4.28901,17.541622990361645,49.986698587899085,215500000.0,1000000000.0,1.82,-86.08125,0.139449,2026-04-27 09:10:01.412000+00:00,0.0234319999999999,9.994710890447177,2026-04-27 09:10:13,0,47,Neutral,37.3,14,High,Small,Bullish,0,0.22607445202548337,17.819833708493267,16.791838580859576,31.707623152739448,-86.08125,0.1393785714285714,0.35772342022284576,0.2155,0,1.027995127633691,1
main-street-yield,msy,Main Street Yield,1.034,54816158,452,25.83,,,,,-0.5282148138999261,0.0576631936502082,53015769.8372226,53015769.8372226,1.045,-1.05883,1.003,2026-04-25 08:04:47.412000+00:00,,,2026-04-27 09:10:13,0,47,Neutral,37.3,14,Unknown,Small,Neutral,0,0.7100042976263682,17.819495580714737,3.2895206644375325,0.03459791619012492,-1.05883,0.9894736842105264,4.7121142638270995e-07,1.0,0,14.529974916277204,0
naoris,naoris,Naoris Protocol,0.091348,54750343,455,6509202.0,0.094785,0.074047,0.01696166,7.652019999999999,76.78693757026498,42.235120889705016,599260000.0,4000000000.0,0.152579,-40.62774,0.0143726,2026-04-27 09:09:45.502000+00:00,0.0207379999999999,22.92596993405186,2026-04-27 09:10:13,0,47,Neutral,37.3,14,Extreme,Small,Bullish,0,0.08741362940860985,17.818294209746167,15.688727579654621,28.40188053382301,-40.62774,0.5986931360147858,0.11888878942731007,0.149815,0,2.1295666300915457,1
velo,velo,Velo,0.00309614,54386575,453,2581328.0,0.00315616,0.00305641,2.179e-05,0.70869,-4.380313864406952,-17.221797803637166,17563876115.0,23999758357.06241,2.29,-99.86431,0.00103046,2026-04-27 09:10:00.218000+00:00,9.975e-05,3.2636328241302714,2026-04-27 09:10:13,0,47,Neutral,37.3,14,Medium,Small,Strong Bear,0,0.0030913568289186125,17.81162791666887,14.763814940550024,-10.049602682182298,-99.86431,0.0013520262008733623,0.04746259531878961,0.7318355399120707,0,3.047812976118845,0
magic-eden,me,Magic Eden,0.107758,54292357,454,8037893.0,0.113331,0.107158,-0.0046294429326597,-4.11919,2.7618970631292394,10.297031860745127,504003693.124124,999991117.027209,17.0,-99.36562,0.095551,2026-04-27 09:09:44.292000+00:00,0.0061729999999999,5.760652494447449,2026-04-27 09:10:13,0,47,Neutral,37.3,14,High,Small,Bullish,0,0.10233815291746882,17.809894038351583,15.89967766654429,4.530543116447077,-99.36562,0.006338705882352942,0.1480483339487361,0.5040081702149865,0,1.9102163718072926,1
celo,celo,Celo,0.090178,54037671,457,2806781.0,0.094703,0.089545,-0.0027936444166433,-3.00484,8.72514031047136,17.608260425203778,599105369.0,1000000000.0,9.82,-99.08415,0.071419,2026-04-27 09:09:50.133000+00:00,0.0051579999999999,5.760232285443069,2026-04-27 09:10:13,0,47,Neutral,37.3,14,High,Small,Bullish,0,0.08634098566090292,17.805191990927746,14.8475491893427,9.363020255122267,-99.08415,0.009183095723014257,0.05194119117383871,0.599105369,0,2.9576428015850453,1
cat-in-a-dogs-world,mew,cat in a dogs world,0.00060759,53998581,456,5985693.0,0.00064818,0.00060478,-6.241106451615e-06,-1.01674,4.722094524129294,8.16811977426981,88888888888.88,88888888888.88,0.01288153,-95.28181,0.00051113,2026-04-27 09:09:43.619000+00:00,4.340000000000008e-05,7.176163232911155,2026-04-27 09:10:13,0,47,Neutral,37.3,14,High,Small,Neutral,0,0.0006074054919290063,17.80446834492451,15.604882846809831,4.4941758645618854,-95.28181,0.04716753367030158,0.11084907953414554,1.0,0,2.1995854981146774,1
affine,sn120,affine,17.83,53537055,458,340525.0,18.14,17.41,0.326933,1.86803,-2.9729620259063814,-33.07557194614577,2996914.965942458,2996914.965942458,31.56,-43.46859,9.88,2026-04-27 09:09:56.048000+00:00,0.7300000000000004,4.192992533026999,2026-04-27 09:10:13,0,47,Neutral,37.3,14,Medium,Small,Strong Bear,0,2.935451342669061,17.79588460761898,12.73824675995318,-19.098131167687463,-43.46859,0.5649556400506971,0.006360547848588235,1.0,0,5.0576378476658,0
tradable-na-legal-receivables-ssl,pc0000081,Tradable NA Legal Receivables SSL,1.0,53443370,459,0.0,1.0,1.0,0.0,0.0,0.0,0.0,53443370.25041,53443370.25041,1.0,0.0,0.999999,2026-04-27 09:05:11.478000+00:00,0.0,0.0,2026-04-27 09:10:13,0,47,Neutral,37.3,14,Low,Small,Bearish,0,0.6931471805599453,17.79413316529302,0.0,0.0,0.0,1.0,0.0,1.0,0,17.79413316529302,0
midas-mtbill,mtbill,Midas mTBILL,1.059,53271059,460,9.14,1.059,1.059,0.0,0.0,0.0610960046681672,0.2485880514766177,50319641.56957097,50319641.56957097,1.059,0.0,0.937036,2026-04-27 09:10:01.507000+00:00,0.0,0.0,2026-04-27 09:10:13,0,47,Neutral,37.3,14,Low,Small,Neutral,0,0.7222204280456523,17.79090377732483,2.316487998163037,0.14915283088597062,0.0,1.0,1.7157533887208814e-07,1.0,0,15.474415779161792,1
brz,brz,Brazilian Digital,0.199529,53056032,461,65444.0,0.20008,0.199537,-0.0003641734736172,-0.18218,-0.0078332854815621,5.129449436549158,265887803.6184968,265887803.6184968,9.99,-98.00172,0.00196567,2026-04-27 09:09:46.495000+00:00,0.000543,0.2721299809058048,2026-04-27 09:10:13,0,47,Neutral,37.3,14,Low,Small,Neutral,0,0.181928979745668,17.786859139461228,11.08896537422582,3.0047976619294947,-98.00172,0.019972872872872874,0.0012334883995848013,1.0,0,6.697893765235408,0
tesla-xstock,tslax,Tesla xStock,374.49,52573658,463,5132120.0,377.77,374.47,-0.5802858235261397,-0.15471,-5.506087122407864,3.7461423638993576,140298.8782276934,426228.42714696,496.55,-24.58318,292.26,2026-04-27 09:09:45.190000+00:00,3.2999999999999545,0.8812454936309863,2026-04-27 09:10:13,0,47,Neutral,37.3,14,Low,Small,Neutral,0,5.928231839691119,17.777725772808342,15.451029581992328,2.1858014183396146,-24.58318,0.7541838686939886,0.0976177080925204,0.32916358762556097,0,2.3266961908160138,0
escoin-token,elg,Escoin,0.284952,52490687,464,342635.0,0.291225,0.284392,-0.0062737731395104,-2.15427,-1.9803982141112195,-2.018901971768964,184209191.10459572,250000000.0,3.61,-92.10842,0.00064644,2026-04-27 09:09:41.768000+00:00,0.006833,2.4026695546991594,2026-04-27 09:10:13,0,47,Neutral,37.3,14,Medium,Small,Bearish,0,0.25072136356389874,17.77614634040111,12.744423938160873,-2.073049183061378,-92.10842,0.07893407202216066,0.006527538875610449,0.7368367644183829,0,5.031722402240236,0
mask-network,mask,Mask Network,0.524648,52435225,462,38279932.75,0.721788,0.521112,-0.0245027005442719,-4.46193,12.171595814786446,27.25717613775675,100000000.0,100000000.0,41.45,-98.73499,0.391486,2026-04-27 09:09:41.916000+00:00,0.2006759999999999,22.92596993405186,2026-04-27 09:10:13,0,47,Neutral,37.3,14,Extreme,Small,Bullish,0,0.42176356374428337,17.77508917533957,17.460436393878773,14.56953368265405,-98.73499,0.012657370325693605,0.7300423093445294,1.0,0,0.3146527814607971,1
peanut-the-squirrel,pnut,Peanut the Squirrel,0.052377,52360369,466,15482851.0,0.055704,0.052106,-0.0016254533174744,-3.00996,-8.787656381587082,35.83688221339558,999842220.24735,999842220.24735,2.44,-97.85514,0.03187374,2026-04-27 09:09:58.450000+00:00,0.0035979999999999,6.9051548765977,2026-04-27 09:10:13,0,47,Neutral,37.3,14,High,Small,Bullish,0,0.051051415137123045,17.773660565443954,16.555243646882268,20.29814532803735,-97.85514,0.021465983606557378,0.2956978970106188,1.0,0,1.2184169185616867,0
meta-2-2,meta,MetaDAO,2.31,52266967,465,703869.0,2.36,2.2,-0.0268583172575569,-1.14883,4.550773753448454,-23.16536210649394,22684697.988625,22684697.988625,10.84,-78.68337,0.724356,2026-04-27 09:10:02.085000+00:00,0.1599999999999997,7.272727272727258,2026-04-27 09:10:13,0,47,Neutral,37.3,14,High,Small,Strong Bear,0,1.1969481893889715,17.771875142501976,13.46434895899768,-14.358749263896364,-78.68337,0.21309963099630996,0.013466803994959187,1.0,0,4.3075261835042955,1
pay-coin,pci,Paycoin,0.051011,52169908,467,4594045.0,0.052044,0.05096,-0.0006697664439711,-1.29598,-1.52847861321254,14.113182553252926,1022576439.0,1900000000.0,4.22,-98.79142,0.01816581,2026-04-27 09:10:00.719000+00:00,0.001084,2.1271585557299875,2026-04-27 09:10:13,0,47,Neutral,37.3,14,Medium,Small,Bullish,0,0.04975255806268865,17.770016430699567,15.340271675241564,7.949517531951756,-98.79142,0.01208791469194313,0.08805928889121292,0.5381981257894737,0,2.429744755458003,0
world-mobile-token,wmtx,World Mobile Token,0.061135,52078715,468,11324273.0,0.063171,0.06099,-0.0020142091941991,-3.18962,-9.472852492980044,-11.670260387796525,851874782.302587,2000000000.0,0.979732,-93.76276,0.04603633,2026-04-27 09:10:01.268000+00:00,0.002181,3.5759960649286806,2026-04-27 09:10:13,0,47,Neutral,37.3,14,Medium,Small,Bearish,0,0.059339089992008945,17.768266901182784,16.24245912131823,-8.278004232677915,-93.76276,0.06239971747375813,0.21744532291167323,0.42593739115129353,0,1.5258077798645537,0
geodnet,geod,Geodnet,0.120796,51920055,469,1164309.0,0.127525,0.119008,-0.0022242860945678,-1.80806,1.2228445828969,-14.16755559308734,429818902.618101,966831567.618101,0.374342,-67.74669,0.03417228,2026-04-27 09:09:51.937000+00:00,0.0085169999999999,7.156661737026079,2026-04-27 09:10:13,0,47,Neutral,37.3,14,High,Small,Bearish,0,0.11403914715491985,17.765215708941962,13.967639194839894,-9.223757355852403,-67.74669,0.32268887808474606,0.022425034025869196,0.44456440709420414,0,3.7975765141020688,1
mantra,mantra,MANTRA,0.01031281,51255660,470,6578003.0,0.01063398,0.01024656,-3.4572453404146e-05,-0.33412,0.6564037465598093,-13.854011558894234,4969826547.442136,7144882234.672186,0.0262739,-60.79442,0.01009039,2026-04-27 09:09:43.129000+00:00,0.0003874199999999,3.780976249590101,2026-04-27 09:10:13,0,47,Neutral,37.3,14,Medium,Small,Bearish,0,0.010259995773324357,17.752336628419283,15.699241913818518,-8.44605493533654,-60.79442,0.3925115799329373,0.12833710462415274,0.6955785111929359,0,2.053094714600764,1
jelly-my-jelly,jellyjelly,Jelly-My-Jelly,0.051072,51073123,471,5938938.0,0.051712,0.04606972,0.00371243,7.652019999999999,16.003757419699177,-7.9447690769513715,999999099.34,999999099.34,0.473157,-89.25409,0.00372817,2026-04-27 09:09:45.028000+00:00,0.0056422799999999,12.24726349541521,2026-04-27 09:10:13,0,47,Neutral,37.3,14,Extreme,Small,Bearish,0,0.04981059573295868,17.748768967694804,15.59704105585584,-1.7060534461708228,-89.25409,0.10793880255390917,0.11628303990731094,1.0,0,2.1517279118389645,1
tellor,trb,Tellor Tributes,18.26,50731096,472,9751279.0,18.94,18.12,-0.319308266151534,-1.71861,1.0921626603692325,21.867735833957127,2778771.020786097,2850765.572697911,593.09,-96.92882,0.01001379,2026-04-27 09:09:54.982000+00:00,0.8200000000000003,4.525386313465785,2026-04-27 09:10:13,0,47,Neutral,37.3,14,Medium,Small,Bullish,0,2.9580304063699794,17.742049633594505,16.092909116408578,12.433197500374277,-96.92882,0.030787907400225936,0.19221502724877065,0.974745537619328,0,1.649140517185927,1
ankr,ankr,Ankr Network,0.00504996,50497122,474,6288412.0,0.00518358,0.00500987,-0.0001184776466792,-2.29233,0.9387382073574472,0.6849771153130799,10000000000.0,10000000000.0,0.213513,-97.64283,0.00070728,2026-04-27 09:09:44.329000+00:00,0.00017371,3.4673554403607385,2026-04-27 09:10:13,0,47,Neutral,37.3,14,Medium,Small,Neutral,0,0.005037251718252319,17.73742692232569,15.654219291595878,-0.5059457308121522,-97.64283,0.023651768276404715,0.12453010688411113,1.0,0,2.0832076307298113,1
mimbogamegroup,mgg,MimboGameGroup,0.00301128,50439939,473,610827.0,0.00301604,0.00301075,-4.113532206411e-06,-0.13642,-0.1669344661151497,-0.1360986462969554,16749787558.90125,110059787559.0,0.00324066,-7.07449,0.00028,2026-04-27 09:09:45.260000+00:00,5.290000000000242e-06,0.1757037283069083,2026-04-27 09:10:13,0,47,Neutral,37.3,14,Low,Small,Bearish,0,0.0030067551777761083,17.73629387952817,13.322570692795242,-0.13622718777817322,-7.07449,0.9292181222343597,0.012109986889555913,0.1521880782290458,0,4.413723186732927,0
fidelity-digital-dollar,fidd,Fidelity Digital Dollar,1.0,50342744,475,3615393.0,1.001,0.998486,0.00071763,0.07181,0.0567262217778657,0.0389432409443525,50351102.58999999,50351102.58999999,1.011,-1.08541,0.994161,2026-04-27 09:09:41.226000+00:00,0.0025139999999999,0.2517811967318425,2026-04-27 09:10:13,0,47,Neutral,37.3,14,Low,Small,Neutral,0,0.6931471805599453,17.73436507538621,15.100711397954107,0.0520899445666115,-1.08541,0.9891196834817014,0.07181557286587319,1.0,0,2.633653677432104,1
yooldo-games,esports,Yooldo Games,0.329795,50113472,476,2780097.0,0.351941,0.32946,-0.0136369382146068,-3.97079,-14.628986545438172,-8.82121068382071,151800000.0,900000000.0,0.554574,-40.30958,0.052256,2026-04-27 09:09:54.033000+00:00,0.022481,6.823590117161425,2026-04-27 09:10:13,0,47,Neutral,37.3,14,High,Small,Bearish,0,0.28502479501524447,17.7298004520577,14.837996736844051,-6.881042410292425,-40.30958,0.594681683598582,0.055476040454750374,0.16866666666666666,0,2.8918037152136478,0
fractal-bitcoin,fb,Fractal Bitcoin,0.497722,50109858,477,4749208.0,0.507891,0.496047,0.00156423,0.31527,3.77506508222628,12.558055511076022,100634949.9459796,147876250.0,38.8,-98.71701,0.334207,2026-04-27 09:09:44.118000+00:00,0.0118439999999999,2.387676974157684,2026-04-27 09:10:13,0,47,Neutral,37.3,14,Medium,Small,Bullish,0,0.4039452870984192,17.72972833312233,15.373488635827988,7.660941306645613,-98.71701,0.012827886597938145,0.09477592213492203,0.6805349063556831,0,2.3562396972943436,1
xyo-network,xyo,XYO Network,0.00359406,50071490,478,7135946.0,0.00361131,0.00356691,1.395e-05,0.38979,-0.3619332558032915,-4.254328256763559,13931216938.01129,13931216938.01129,0.081391,-95.58721,9.672e-05,2026-04-27 09:09:44.097000+00:00,4.44e-05,1.2447748891898027,2026-04-27 09:10:13,0,47,Neutral,37.3,14,Low,Small,Bearish,0,0.0035876167999083827,17.728962362173128,15.780655526084356,-2.3966809540581355,-95.58721,0.04415795358209138,0.14251515183590502,1.0,0,1.948306836088772,0
usdkg,usdkg,USDKG,0.999871,49993374,479,63834.0,1.0,0.999772,-5.452534274752e-06,-0.00055,0.0156879862720037,-0.0203035239006575,50000000.0,50000000.0,1.021,-2.07768,0.989786,2026-04-27 09:09:49.331000+00:00,0.000228,0.022805199585506,2026-04-27 09:10:13,0,47,Neutral,37.3,14,Low,Small,Bearish,0,0.6930826784797308,17.72740105461352,11.064056908254452,-0.0124021143403945,-2.07768,0.9793055827619981,0.0012768492080570517,1.0,0,6.6633441463590675,1
deso,deso,Decentralized Social,4.75,49979981,481,12803.32,4.77,4.73,-0.0252157331901115,-0.52856,1.7968800887915124,-10.53459642108816,10532253.8854,10808492.6854,198.68,-97.61501,2.7,2026-04-27 09:09:41.995000+00:00,0.0399999999999991,0.8456659619450135,2026-04-27 09:10:13,0,47,Neutral,37.3,14,Low,Small,Bearish,0,1.749199854809259,17.72713312322696,9.457537892967395,-6.532181852652896,-97.61501,0.0239077914233944,0.00025616896493017876,0.9744424307773145,0,8.269595230259565,1
alloy-tether,ausdt,Alloy Tether,0.999394,49969343,480,125.03,1.0,0.999208,-0.0003163145020808,-0.03164,-0.0131248931347223,0.0440185083834381,50000005.0,50000005.0,1.072,-6.7293,0.969947,2026-04-27 09:09:43.736000+00:00,0.000792,0.0792627761186874,2026-04-27 09:10:13,0,47,Neutral,37.3,14,Low,Small,Neutral,0,0.6928441346461705,17.72692025535749,4.8365199738494,0.013755105030062859,-6.7293,0.9322705223880596,2.502134158537966e-06,1.0,0,12.890400281508091,0
merlin-chain,merl,Merlin Chain,0.04028288,49807671,485,16352344.0,0.04280309,0.03651782,0.00376506,7.652019999999999,-7.662101407591468,62.90344110506304,1236647716.0,2100000000.0,1.45,-97.25701,0.02130297,2026-04-27 09:09:43.796000+00:00,0.00628527,17.211514816601873,2026-04-27 09:10:13,0,47,Neutral,37.3,14,Extreme,Small,Bullish,0,0.03949267616798781,17.72367958635434,16.609881870099596,40.802872663037824,-97.25701,0.02778129655172414,0.32830974971706667,0.5888798647619048,0,1.1137977162547443,0
dual,dual,Dual,0.006711,49532420,484,141609.0,0.00694404,0.00669205,-8.8471727601534e-05,-1.30116,-8.259900496291074,,7381784879.327256,10000000000.0,0.00992344,-32.50001,0.00548112,2026-04-27 09:09:41.306000+00:00,0.00025199,3.7655128099760247,2026-04-27 09:10:13,0,47,Neutral,37.3,14,Medium,Small,Unknown,0,0.0066885814840472535,17.718137982836847,11.860832079217104,-0.520464,-32.50001,0.6762775811613714,0.0028589154335685596,0.7381784879327257,0,5.857305903619743,0
ondo-u-s-dollar-token,usdon,Ondo U.S. Dollar Token,1.0,49531849,482,12389655.0,1.0,1.0,0.0,0.0,0.0,0.0,49531849.18321631,49531849.18321631,1.0,0.0,1.0,2026-04-27 09:10:02.130000+00:00,0.0,0.0,2026-04-27 09:10:13,0,47,Neutral,37.3,14,Low,Small,Bearish,0,0.6931471805599453,17.71812645496723,16.33237248889382,0.0,0.0,1.0,0.25013512013250305,1.0,0,1.385753966073409,0
law-blocks,lbt,Law Blocks AI,0.202065,49514627,483,506016.0,0.202446,0.201777,-9.8761525428231e-05,-0.04885,0.035996677008587,-8.132874481648,244997999.0,1000000000.0,0.291525,-30.72544,0.01953918,2026-04-27 09:09:58.309000+00:00,0.0006689999999999,0.3315541414531761,2026-04-27 09:10:13,0,47,Neutral,37.3,14,Low,Small,Bearish,0,0.18404091119003402,17.717778699034433,13.134325544543186,-4.899264688988801,-30.72544,0.6931309493182404,0.010219525636333684,0.244997999,0,4.583453154491247,1
tradable-eu-latam-pos-financing-sstl,pc0000049,Tradable Eu/LatAm PoS Financing SSTL,1.0,49300000,487,0.0,1.0,1.0,0.0,0.0,0.0,0.0,49300000.0,49300000.0,1.0,0.0,1.0,2026-04-27 09:05:04.324000+00:00,0.0,0.0,2026-04-27 09:10:13,0,47,Neutral,37.3,14,Low,Small,Bearish,0,0.6931471805599453,17.713434659296894,0.0,0.0,0.0,1.0,0.0,1.0,0,17.713434659296894,0
opengradient,opg,OpenGradient,0.259155,49232588,486,38279932.75,0.358365,0.258279,-0.044404627529042,-9.850639999999999,,,190000000.0,1000000000.0,0.475875,-45.44238,0.180773,2026-04-27 09:09:41.381000+00:00,0.100086,22.92596993405186,2026-04-27 09:10:13,0,47,Neutral,37.3,14,Extreme,Small,Unknown,0,0.2304408610665631,17.7120663402358,17.460436393878773,-3.9402559999999998,-45.44238,0.5445862884160757,0.7775324090214392,0.19,0,0.25162994635702773,0
avantis,avnt,Avantis,0.153714,49142002,488,38279932.75,0.179812,0.152962,-0.0023054944901104,-1.4777,13.826311722835186,14.153225840707895,320006151.09196377,1000000000.0,2.64,-94.17138,0.121118,2026-04-27 09:09:50.664000+00:00,0.02685,17.553379270668543,2026-04-27 09:10:13,0,47,Neutral,37.3,14,Extreme,Small,Bullish,0,0.14298630374789692,17.710224685317357,17.460436393878773,7.900855504424737,-94.17138,0.05822499999999999,0.7789656748213066,0.3200061510919638,0,0.24978829143858405,1
sierra-2,sierra,Sierra,1.02,48891573,489,16850.14,1.02,1.013,0.0010373,0.10178,0.1234573141621786,0.2172644044533828,47925718.020078,47925718.020078,1.2,-14.69826,0.879701,2026-04-27 09:09:50.329000+00:00,0.0070000000000001,0.6910167818361419,2026-04-27 09:10:13,0,47,Neutral,37.3,14,Low,Small,Neutral,0,0.7030975114131134,17.705115628759437,9.73217358927831,0.17107064267202968,-14.69826,0.8500000000000001,0.00034464303285967093,1.0,0,7.9729420394811275,1
redstone-oracles,red,RedStone,0.131959,48384928,490,6886265.0,0.136072,0.131008,-0.0004547578095028,-0.34344,-3.963240935524909,20.799270316008403,366953695.0,1000000000.0,0.932461,-85.85639,0.099727,2026-04-27 09:09:50.665000+00:00,0.0050639999999999,3.865412799218357,2026-04-27 09:10:13,0,47,Neutral,37.3,14,Medium,Small,Bullish,0,0.12394976004379235,17.694698938899183,15.74503955123705,12.342186189605043,-85.85639,0.14151691062682514,0.1423225224185515,0.366953695,0,1.949659387662134,0
aleo,aleo,ALEO,0.04516144,48234300,491,1560393.0,0.04669267,0.04460041,6.688e-05,0.14831,-2.475814257859676,-13.02611599410196,1067952126.075438,1977984832.000095,6.72,-99.32734,0.04065353,2026-04-27 09:10:01.014000+00:00,0.0020922599999999,4.691122794611078,2026-04-27 09:10:13,0,47,Neutral,37.3,14,Medium,Small,Bearish,0,0.044171361523003744,17.691580964930008,14.26044891143934,-7.756345596461176,-99.32734,0.006720452380952381,0.03235027770694299,0.5399192697527151,0,3.4311320534906677,0
succinct,prove,Succinct,0.245599,47894899,492,8930810.0,0.255517,0.244424,-0.0094675985327534,-3.71182,6.384730258002986,-3.150408698453256,195000000.0,1000000000.0,1.71,-85.6668,0.209719,2026-04-27 09:09:45.581000+00:00,0.0110929999999999,4.538425031911757,2026-04-27 09:10:13,0,47,Neutral,37.3,14,Medium,Small,Bearish,0,0.21961653871138193,17.684519584896332,16.00501776619823,-3.3749732190719537,-85.6668,0.1436251461988304,0.18646683021505067,0.195,0,1.6795018186981032,1
api3,api3,Api3,0.332541,47539065,493,21156656.0,0.357114,0.330598,-0.0188496289129022,-5.36429,4.7072239932573305,22.95166669873867,142975279.0861368,166796412.5595321,10.3,-96.77787,0.257119,2026-04-27 09:09:41.744000+00:00,0.0265159999999999,8.020617184616961,2026-04-27 09:10:13,0,47,Neutral,37.3,14,High,Small,Bullish,0,0.2870876458152687,17.677062373089946,16.867465165705664,11.625284019243201,-96.77787,0.03228553398058252,0.44503727618538563,0.8571843776022868,0,0.8095972073842823,1
sygnum-fiusd-liquidity-fund,fiusd,Sygnum FIUSD Liquidity Fund,11855.14,47392819,494,0.0,11855.14,11855.14,0.0,0.0,0.0697229987979976,0.2782042335426794,3997.66,3997.66,11855.14,0.0,11251.76,2026-04-27 09:05:12.617000+00:00,0.0,0.0,2026-04-27 09:10:13,0,47,Neutral,37.3,14,Low,Small,Neutral,0,9.38060115583322,17.67398129839829,0.0,0.16692254012560764,0.0,1.0,0.0,1.0,0,17.67398129839829,1
altlayer,alt,AltLayer,0.00765618,47186549,495,4588749.0,0.00799026,0.0076168,-0.0003008505475551,-3.78094,8.063949293536297,21.13590613271859,6163194441.0,10000000000.0,0.676743,-98.87069,0.00600213,2026-04-27 09:09:58.117000+00:00,0.00037346,4.903108917130564,2026-04-27 09:10:13,0,47,Neutral,37.3,14,Medium,Small,Bullish,0,0.007627020194477149,17.669619452320525,15.339118213793181,11.169167679631153,-98.87069,0.01131327549749314,0.09724697180122242,0.6163194441,0,2.3305012385273436,1
circle-xstock,crclx,Circle xStock,99.16,46771050,496,5622669.0,101.87,98.84,-0.5478752509557694,-0.54951,-3.65322355948952,6.890978170815175,472031.4546143354,2517167.51946647,257.13,-61.48052,48.02,2026-04-27 09:09:52.317000+00:00,3.030000000000001,3.065560501821126,2026-04-27 09:10:13,0,47,Neutral,37.3,14,Medium,Small,Neutral,0,4.606768907351788,17.660775001119458,15.542317198018813,3.9147829024891045,-61.48052,0.3856415042974371,0.12021686491964581,0.18752484725942495,0,2.118457803100645,0
siacoin,sc,Siacoin,0.00093853,46720265,497,3104050.0,0.00096336,0.00093624,-1.573215185538e-05,-1.64862,-2.9706536250023974,0.8543584909893182,49751295000.0225,49751295000.0225,0.092868,-98.9885,1.262e-05,2026-04-27 09:09:43.434000+00:00,2.712000000000005e-05,2.8966931556011337,2026-04-27 09:10:13,0,47,Neutral,37.3,14,Medium,Small,Neutral,0,0.0009380898560901979,17.65968858996119,14.94821859056264,-0.14683290540640914,-98.9885,0.010106064521686695,0.06643904952165833,1.0,0,2.711469999398549,0
myx-finance,myx,MYX Finance,0.247842,46690751,498,11842879.0,0.263987,0.242755,-0.0065197705247414,-2.56319,14.42742269678666,-3.451382337676242,190768939.69,1000000000.0,19.03,-98.71642,0.04700553,2026-04-27 09:09:44.982000+00:00,0.021232,8.74626681221809,2026-04-27 09:10:13,0,47,Neutral,37.3,14,High,Small,Bearish,0,0.22141565936835228,17.659056673050014,16.287237401084536,-3.096105402605745,-98.71642,0.01302375197057278,0.25364507416040494,0.19076893969,0,1.371819271965478,1
palladium-network,plld,Palladium Network,0.896837,46503523,501,206481.0,0.915772,0.843325,0.01224365,1.3841,-0.1194483615618777,16.157623278578274,51852795.20435881,52643000.0,5.83,-84.71729,0.221161,2026-04-27 09:09:45.332000+00:00,0.072447,8.590638247413516,2026-04-27 09:10:13,0,47,Neutral,37.3,14,High,Small,Bullish,0,0.6401877621161346,17.65503865263229,12.237968520513737,10.248213967146963,-84.71729,0.15383138936535162,0.0044401152144967595,0.984989366190354,0,5.4170701321185515,0
frax-share,frax,Frax (prev. FXS),0.486539,46461521,499,4244614.0,0.539273,0.486613,-0.0306472054508558,-5.92576,2.2926846777535435,11.349019359662485,95474632.94572628,99681495.5911336,42.8,-98.86312,0.384577,2026-04-27 09:09:41.863000+00:00,0.0526599999999999,10.821741301609284,2026-04-27 09:10:13,0,47,Neutral,37.3,14,Extreme,Small,Bullish,1,0.39645059923698034,17.654135044132854,15.261161678679333,4.439107615797491,-98.86312,0.011367733644859815,0.09135762042745006,0.9577969549868841,0,2.3929733654535212,1
robo-token-2,robo,Fabric Protocol,0.02075296,46298238,500,17024604.0,0.02279391,0.02041186,-0.0010182626473154,-4.6771,10.159056065785354,-10.66908524321948,2231000000.0,10000000000.0,0.060714,-65.82388,0.01611105,2026-04-27 09:09:41.287000+00:00,0.00238205,11.669931108678972,2026-04-27 09:10:13,0,47,Neutral,37.3,14,Extreme,Small,Bearish,0,0.020540551041901032,17.650614483775897,16.650170208555956,-8.272291145931687,-65.82388,0.34181506736502293,0.3677160240957766,0.2231,0,1.000444275219941,1
tdccp,tdccp,TDCCP,0.071903,46007436,503,216268.0,0.081254,0.071181,-0.0084361760970835,-9.850639999999999,-14.497930411541812,-26.963171088366494,639999980.9,639999980.9,0.441232,-83.71233,0.064382,2026-04-27 09:09:52.070000+00:00,0.010073,14.151248226352555,2026-04-27 09:10:13,0,47,Neutral,37.3,14,Extreme,Small,Strong Bear,0,0.06943557347996204,17.644313615298593,12.284278282206227,-20.118158653019897,-83.71233,0.16295962214889217,0.004700718379524562,1.0,0,5.360035333092366,0
casper-network,cspr,Casper Network,0.00289573,45948125,504,1547557.0,0.00301521,0.00287987,7.92e-06,0.27424,-2.0249662363250915,-16.07968267453367,15868895983.0,19357622353.0,1.33,-99.78161,0.00279074,2026-04-27 09:09:42.072000+00:00,0.0001353399999999,4.699517686562235,2026-04-27 09:10:13,0,47,Neutral,37.3,14,Medium,Small,Strong Bear,0,0.0028915454501548758,17.64302362247402,14.252188762644677,-9.538113604720204,-99.78161,0.002177240601503759,0.03368052559272005,0.8197750577844429,0,3.390834859829342,0
rif-token,rif,Rootstock Infrastructure Framework,0.04585625,45887402,502,894483.0,0.04661768,0.04380046,0.00060768,1.34297,2.8838790024621184,27.81286970143045,1000000000.0,1000000000.0,0.455938,-89.91393,0.0091475,2026-04-27 09:09:57.519000+00:00,0.00281722,6.431941582348684,2026-04-27 09:10:13,0,47,Neutral,37.3,14,High,Small,Bullish,0,0.04483592790031815,17.641701192919562,13.704002294683177,17.22490982085827,-89.91393,0.10057562651062206,0.019492997228302444,1.0,0,3.937698898236386,1
gohome,gohome,GOHOME,86.71,45491196,505,873015.0,87.32,86.28,0.132779,0.15336,0.7936487557048384,-1.665797487021793,524619.425812,9999619.425812,277.7,-68.64246,77.85,2026-04-27 09:09:44.923000+00:00,1.039999999999992,1.2053778395920167,2026-04-27 09:10:13,0,47,Neutral,37.3,14,Low,Small,Bearish,0,4.47403591796329,17.633029392675482,13.679709162259748,-0.9381344922130759,-68.64246,0.31224342815988476,0.019190856182369882,0.05246393922330691,0,3.953320230415734,1
unipoly,unp,Unipoly,0.162422,45353191,506,257543.0,0.165508,0.161765,-0.000181799394509,-0.1118,3.0308914095825417,5.926272306088574,279230000.0,1000000000.0,0.299372,-45.77054,0.00980688,2026-04-27 09:09:43.285000+00:00,0.0037429999999999,2.313850338453928,2026-04-27 09:10:13,0,47,Neutral,37.3,14,Medium,Small,Neutral,0,0.15050575945409153,17.62999111793599,12.458945858275072,3.5110433836531443,-45.77054,0.5425423887337493,0.005678608149093632,0.27923,0,5.171045259660918,1
purr-2,purr,Purr,0.075796,45150493,507,583367.0,0.077939,0.070523,0.00431893,6.04239,1.1651689411179365,-4.318765037880663,595538110.29629,595538110.29629,0.690036,-89.01299,0.04236339,2026-04-27 09:09:43.679000+00:00,0.0074159999999999,10.515718276307007,2026-04-27 09:10:13,0,47,Neutral,37.3,14,Extreme,Small,Bearish,0,0.0730608526868654,17.625511779074166,13.276573484037208,-0.17430302272839748,-89.01299,0.1098435443947852,0.01292050122243405,1.0,0,4.348938295036959,1
iotex,iotx,IoTeX,0.0047321,44682304,508,2364277.0,0.00490841,0.00471093,-0.0001040778450224,-2.15207,2.1657313129630187,-1.7158688893735872,9441368550.0,9441368555.0,0.255593,-98.15101,0.00121576,2026-04-27 09:09:43.629000+00:00,0.0001974799999999,4.191953605763614,2026-04-27 09:10:13,0,47,Neutral,37.3,14,Medium,Small,Bearish,0,0.004720938811518283,17.61508811991249,14.67598324788683,-1.8903493336241524,-98.15101,0.018514200310650136,0.05291305032077128,0.9999999994704157,0,2.939104872025659,1
crown-brlv,brlv,Crown BRLV,0.199981,44491918,509,234.4,0.200617,0.199981,-0.00060788569854,-0.30305,0.0133862826445207,4.960055281062339,222480174.6728299,222480174.6728299,0.201925,-0.95271,0.186777,2026-04-27 09:09:41.288000+00:00,0.0006359999999999,0.3180302128702215,2026-04-27 09:10:13,0,47,Neutral,37.3,14,Low,Small,Neutral,0,0.18230572333527276,17.61081813514039,5.461286194826176,2.854813168637403,-0.95271,0.9903726631174942,5.268372561506564e-06,1.0,0,12.149531940314215,1
terra-luna-2,luna,Terra,0.062547,44394842,510,24286379.0,0.067209,0.060481,0.00176,2.89538,10.704121497268542,10.782445014474854,709984438.91686,1186707049.0,18.87,-99.66878,0.04580672,2026-04-27 09:09:42.642000+00:00,0.006728,11.124154693209446,2026-04-27 09:10:13,0,47,Neutral,37.3,14,Extreme,Small,Bullish,0,0.06066885613220072,17.608633872008028,17.005426257348233,7.6276190086849125,-99.66878,0.0033146263910969797,0.5470540699300157,0.5982811339286651,0,0.6032076146597944,1
space-and-time,sxt,Space and Time,0.01695864,44201981,512,2429977.0,0.01747986,0.01667176,-0.0002652795437808,-1.54018,-1.6656720166890893,5.97703172908416,2598813644.2665,5000000000.0,0.162092,-89.53618,0.01421139,2026-04-27 09:09:44.895000+00:00,0.0008080999999999,4.847118720519004,2026-04-27 09:10:13,0,47,Neutral,37.3,14,Medium,Small,Neutral,0,0.01681644760619661,17.60428018767153,14.703392761777806,2.9701470374504964,-89.53618,0.10462354712138784,0.054974391306127204,0.5197627288533,0,2.9008874258937247,0
orbs,orbs,Orbs,0.00895114,44106446,511,4406887.0,0.00911491,0.00866005,0.00019949,2.2795,-1.4164169065791363,3.246516192859054,4928946160.0173,10000000000.0,0.360443,-97.51122,0.00469039,2026-04-27 09:09:44.293000+00:00,0.0004548599999999,5.252394616659252,2026-04-27 09:10:13,0,47,Neutral,37.3,14,High,Small,Neutral,0,0.008911316016624564,17.60211652020848,15.298679329387271,2.8597097157154323,-97.51122,0.024833718507503266,0.09991480610339813,0.49289461600172996,0,2.3034371908212083,0
vana,vana,Vana,1.43,44036652,514,13057816.0,1.49,1.42,-0.031526168341178,-2.15899,5.770339291612454,15.919005939863492,30800000.0,120000000.0,35.23,-95.95149,1.19,2026-04-27 09:09:55.092000+00:00,0.07,4.929577464788737,2026-04-27 09:10:13,0,47,Neutral,37.3,14,Medium,Small,Bullish,0,0.8878912573524571,17.60053286783894,16.38489751623321,8.687807563918096,-95.95149,0.04059040590405904,0.2965215430092188,0.25666666666666665,0,1.21563535160573,1
bim-2,bim,BIM,1.47,44010660,513,143453.0,1.52,1.47,-0.0082593717437695,-0.55985,1.030756200356934,16.126583845903383,30000000.0,30000000.0,3.07,-52.22618,0.861976,2026-04-27 09:09:44.825000+00:00,0.05,3.40136054421769,2026-04-27 09:10:13,0,47,Neutral,37.3,14,Medium,Small,Bullish,0,0.9042181506398859,17.599942457988277,11.873769705300989,9.452010307542029,-52.22618,0.4788273615635179,0.00325950576519416,1.0,0,5.7261727526872885,1
glidr,glidr,Glidr,1.24,43968753,515,160796.0,1.27,1.23,-0.0103313335920418,-0.82636,3.7248152827749417,16.34283982330804,35461710.0,100000000.0,2.1,-40.97714,0.998612,2026-04-27 09:09:45.455000+00:00,0.04,3.2520325203252063,2026-04-27 09:10:13,0,47,Neutral,37.3,14,Medium,Small,Bullish,0,0.8064758658669484,17.598989803252636,11.987897978836546,9.475159893984824,-40.97714,0.5904761904761905,0.0036570516339182965,0.3546171,0,5.611091824416089,1
venus,xvs,Venus,2.61,43923275,516,4305967.0,2.68,2.6,-0.0400043138502508,-1.50902,-3.4199029210242253,-0.1810135548566892,16821688.042625546,29745107.9212044,146.82,-98.22134,1.65,2026-04-27 09:09:49.091000+00:00,0.08,3.0769230769230798,2026-04-27 09:10:13,0,47,Neutral,37.3,14,Medium,Small,Bearish,0,1.2837077723447896,17.597954942547776,15.275512525387889,-0.7122161329140135,-98.22134,0.017776869636289334,0.09803383285968544,0.5655278873819068,0,2.3224424171598876,0
diem,diem,Diem,1140.51,43883735,517,1077929.0,1206.77,1127.84,7.14,0.62975,9.508794533837426,42.33197324947831,38530.21316783275,38530.21316783275,1206.77,-5.70493,80.54,2026-04-27 09:09:50.704000+00:00,78.93000000000006,6.998333096893182,2026-04-27 09:10:13,0,47,Neutral,37.3,14,High,Small,Bullish,0,7.040107226334457,17.597054331041427,13.890553093277772,25.651083949686985,-5.70493,0.945093099762175,0.024563292071652514,1.0,0,3.7065012377636553,1
apriori,apr,aPriori,0.177169,43714315,518,2368643.0,0.179863,0.17033,0.00683915,4.01524,1.1366162885670708,14.697237947783895,246874998.97396785,1000000000.0,0.73956,-76.04232,0.064576,2026-04-27 09:09:58.034000+00:00,0.0095329999999999,5.596782715904412,2026-04-27 09:10:13,0,47,Neutral,37.3,14,High,Small,Bullish,0,0.16311240335732075,17.59318620367156,14.677828197471223,10.424438768670338,-76.04232,0.23956000865379415,0.05418460749070413,0.24687499897396786,0,2.9153580062003375,1
ardor,ardr,Ardor,0.04319159,43573737,521,7297933.0,0.04765176,0.04188568,0.00097476,2.30894,-1.0355377125523133,0.7481975893701918,998466231.0,998466231.0,2.04,-97.88525,0.008745,2026-04-27 09:09:48.025000+00:00,0.00576608,13.76623227795275,2026-04-27 09:10:13,0,47,Neutral,37.3,14,Extreme,Small,Neutral,0,0.04228485042462668,17.589965187390437,15.803101852364055,1.3724945536221151,-97.88525,0.021172348039215687,0.1674846708695194,1.0,0,1.786863335026382,0
anvil,anvl,Anvil,0.00053564,43536648,520,24841.0,0.00054526,0.00053207,-3.125823274468e-06,-0.58018,-2.7587138499748183,3.5975058226395857,81259438322.55038,100000000000.0,0.00929021,-94.23671,2.512e-05,2026-04-27 09:09:44.092000+00:00,1.3189999999999948e-05,2.478997124438504,2026-04-27 09:10:13,0,47,Neutral,37.3,14,Medium,Small,Neutral,0,0.000535496596101491,17.58911364709729,10.12029104810414,1.9264314935837512,-94.23671,0.0576563931278195,0.0005705767701730276,0.8125943832255038,0,7.46882259899315,0
playsout,play,PlaysOut,0.115777,43228854,522,2040317.0,0.119687,0.11286,-0.0021283453641186,-1.80513,-0.8991908368706053,218.51231907983285,373500000.0,5000000000.0,0.227911,-49.28768,0.01630447,2026-04-27 09:09:45.477000+00:00,0.006827,6.049087364876838,2026-04-27 09:10:13,0,47,Neutral,37.3,14,High,Small,Bullish,0,0.10955102320375507,17.58201877005664,14.528616236024948,130.38533944789972,-49.28768,0.5079921548323688,0.047198035830420114,0.0747,0,3.05340253403169,0
skale,skl,SKALE,0.00708529,43181097,523,4865709.0,0.0073732,0.00701361,-0.0001444967420258,-1.99863,2.986354082888326,22.720108670958624,6094019337.0,6161405269.560575,1.22,-99.41967,0.00563803,2026-04-27 09:09:58.696000+00:00,0.0003595899999999,5.12703158573117,2026-04-27 09:10:13,0,47,Neutral,37.3,14,High,Small,Bullish,0,0.0070603072699855635,17.58091341116673,15.397723203344524,12.832613202575173,-99.41967,0.005807614754098361,0.1126814587410783,0.9890632202212888,0,2.1831902078222054,1
zerobase,zbt,ZEROBASE,0.175205,43044259,519,38279932.75,0.2682,0.163239,-0.0285713684119056,-9.850639999999999,47.41860212905139,155.72230465280782,244992188.30119348,1000000000.0,1.025,-82.67179,0.058269,2026-04-27 09:09:45.961000+00:00,0.104961,22.92596993405186,2026-04-27 09:10:13,0,47,Neutral,37.3,14,Extreme,Small,Bullish,0,0.16144260046344228,17.577739446615002,17.460436393878773,89.49312679168469,-82.67179,0.1709317073170732,0.8893156402111604,0.2449921883011935,0,0.11730305273622932,1
coredaoorg,core,Core,0.03971571,42833709,525,14574787.0,0.04396468,0.03926656,-0.0024537620374182,-5.81881,27.326885850392568,-39.34146505630707,1079254675.994678,2100000000.0,6.14,-99.35409,0.02340497,2026-04-27 09:09:42.917000+00:00,0.00469812,11.96468445415132,2026-04-27 09:10:13,0,47,Neutral,37.3,14,Extreme,Small,Strong Bear,0,0.03894732001555216,17.572835967367094,16.4948037446405,-25.932403033784244,-99.35409,0.00646835667752443,0.3402644165136388,0.5139307980927038,0,1.0780322227265948,1
ssv-network,ssv,SSV Network,2.91,42813129,530,12116501.0,3.12,2.87,-0.1118276675727236,-3.69823,18.82536550316306,30.753194888495,14699173.1,14699173.1,65.82,-95.61013,2.09,2026-04-27 09:09:53.546000+00:00,0.25,8.710801393728222,2026-04-27 09:10:13,0,47,Neutral,37.3,14,High,Small,Bullish,0,1.3635373739972745,17.572355389206916,16.310078883087062,16.972624933097,-95.61013,0.044211485870556066,0.28300900408377067,1.0,0,1.2622765061198535,1
velvet,velvet,Velvet,0.116934,42812683,527,8363047.0,0.119278,0.098693,0.0157398,7.652019999999999,56.05310237204784,45.71743474223047,367052635.1116692,1000000000.0,0.31083,-62.49518,0.04131603,2026-04-27 09:09:50.548000+00:00,0.0205849999999999,20.857608948962937,2026-04-27 09:10:13,0,47,Neutral,37.3,14,Extreme,Small,Bullish,0,0.11058743150161825,17.5723449717877,15.939333511914333,30.491268845338283,-62.49518,0.3761992085706013,0.1953404088223109,0.3670526351116692,0,1.6330114598733676,1
chia,xch,Chia,2.34,42771911,526,1496704.0,2.39,2.3,-0.0360893257765448,-1.52204,-3.2887228284471712,-12.642539064488725,18317259.0,34691605.0,1645.12,-99.85806,2.16,2026-04-27 09:09:45.854000+00:00,0.0900000000000003,3.913043478260883,2026-04-27 09:10:13,0,47,Neutral,37.3,14,Medium,Small,Bearish,0,1.205970806988609,17.571392183435826,14.218776583194494,-8.194339438693234,-99.85806,0.001422388640342346,0.03499268480194864,0.5280026392552319,0,3.3526156002413323,0
bora,bora,BORA,0.03701728,42684134,528,1139706.0,0.03788626,0.03642598,-1.6692433928399e-05,-0.04507,2.046731658972808,5.338116224895038,1152750000.0,1205750000.0,1.61,-97.69901,0.00482732,2026-04-27 09:09:46.251000+00:00,0.00146028,4.008896946629855,2026-04-27 09:10:13,0,47,Neutral,37.3,14,Medium,Small,Neutral,0,0.03634859256082265,17.569337863491214,13.946281769792149,3.1848417349370224,-97.69901,0.022992099378881987,0.026700928265289393,0.9560439560439561,0,3.6230560936990646,1
pirate-chain,arrr,Pirate Chain,0.217396,42656125,529,409505.0,0.223648,0.20602,0.01137593,5.52175,19.335309936683103,12.018730075539366,196213797.97055,200000000.0,16.76,-98.70471,0.00797788,2026-04-27 09:09:45.644000+00:00,0.017628,8.556450830016505,2026-04-27 09:10:13,0,47,Neutral,37.3,14,High,Small,Bullish,0,0.1967141513814726,17.568681455819675,12.922706834182573,9.419938045323619,-98.70471,0.012971121718377087,0.009600145348411278,0.98106898985275,0,4.645974621637102,1
perle,prl,Perle,0.239709,42532065,524,35884417.0,0.355666,0.210845,0.02542904,7.652019999999999,21.494711902037796,49.03264310536712,175000000.0,1000000000.0,0.431223,-42.94872,0.113738,2026-04-27 09:09:45.727000+00:00,0.1448209999999999,22.92596993405186,2026-04-27 09:10:13,0,47,Neutral,37.3,14,Extreme,Small,Bullish,0,0.21487667465653618,17.565768843524694,17.3958137202391,32.48039386322027,-42.94872,0.5558817595536416,0.8437026746761531,0.175,0,0.16995512328559315,1
rocket-pool,rpl,Rocket Pool,1.9,42430074,531,5235278.0,2.01,1.87,0.00023406,0.01235,2.081389607273872,19.5322546964632,22367035.42676356,22367035.42676356,61.9,-96.94461,0.00884718,2026-04-27 09:09:42.717000+00:00,0.1399999999999996,7.486631016042764,2026-04-27 09:10:13,0,47,Neutral,37.3,14,High,Small,Bullish,0,1.0647107369924282,17.563367984794198,15.470930695995579,11.724292817877918,-96.94461,0.030694668820678513,0.12338602096239568,1.0,0,2.092437288798619,1
dogelon-mars,elon,Dogelon Mars,4.2286e-08,42285907,532,4927544.0,4.3489e-08,4.2112e-08,5.4284e-11,0.12854,5.471405665410216,16.059831710231744,1000000000000000.0,1000000000000000.0,2.59e-06,-98.36963,1.7563e-08,2026-04-27 09:09:42+00:00,1.3769999999999995e-09,3.2698518237082057,2026-04-27 09:10:13,0,47,Neutral,37.3,14,Medium,Small,Bullish,0,4.228599910594713e-08,17.55996444430361,15.410351450387404,9.687315026139046,-98.36963,0.016326640926640924,0.1165292256826843,1.0,0,2.1496129939162056,1
project-galaxy,gal,GAL (migrated to Gravity - G),0.330719,42211985,533,21.11,0.336716,0.32929,-0.0034310914282044,-1.02681,4.375139636501433,-1.6385926148147607,127749331.18734431,200000000.0,18.32,-98.19631,0.074171,2026-04-27 09:09:42.730000+00:00,0.0074259999999999,2.2551550305202066,2026-04-27 09:10:13,0,47,Neutral,37.3,14,Medium,Small,Bearish,0,0.2857193976650711,17.558214767113817,3.096029994869355,-1.3938795688888563,-98.19631,0.01805234716157205,5.000949374922785e-07,0.6387466559367215,0,14.462184772244463,1
uma,uma,UMA,0.463267,42160705,534,9225277.0,0.492429,0.459082,-0.0119898670619226,-2.52282,4.475732863584287,16.875756680323292,90939414.540505,128441912.3683693,41.56,-98.88914,0.303625,2026-04-27 09:09:48.270000+00:00,0.033347,7.263843932020862,2026-04-27 09:10:13,0,47,Neutral,37.3,14,High,Small,Bullish,0,0.3806716070953938,17.556999207787722,16.037457882938156,9.116326008193974,-98.88914,0.011146944177093358,0.21881220914118965,0.7080197800208102,0,1.5195413248495662,1
changenow,now,ChangeNOW,0.502058,41969633,535,5388.39,0.515545,0.500893,-0.0019173881670758,-0.38045,-3.68215232228842,-7.1302746115593525,83592578.66538163,97592578.66538164,0.722212,-30.4981,0.00019912,2026-04-27 09:09:54.890000+00:00,0.0146519999999999,2.9251756363135435,2026-04-27 09:10:13,0,47,Neutral,37.3,14,Medium,Small,Bearish,0,0.40683616777615644,17.552456914757098,8.592187484956803,-4.430344766935612,-30.4981,0.6951670700569916,0.00012838782745610381,0.8565464690916489,0,8.960269429800295,0
zignaly,zig,ZIGChain,0.02975773,41945916,537,867227.0,0.02972971,0.02842745,0.00110671,3.86271,2.8070967464555987,-2.6449053122263395,1408940795.2396517,1953940795.239652,0.224179,-86.75759,0.00428716,2026-04-27 09:09:41.973000+00:00,0.0013022599999999,4.5809947779347056,2026-04-27 09:10:13,0,47,Neutral,37.3,14,Medium,Small,Bearish,0,0.029323560982255876,17.551891655985656,13.673057196969156,-0.04185918733580363,-86.75759,0.13274093469950352,0.020674885249853645,0.7210765027641711,0,3.8788344590165007,1
venom,venom,Venom,0.01945385,41925139,536,111131.0,0.01971455,0.0192282,-0.0001252574929353,-0.63975,-0.3296963874617026,-34.99104573941373,2155109894.398774,7359393168.13,0.782403,-97.52126,0.01913156,2026-04-27 09:09:42.665000+00:00,0.00048635,2.529357922218408,2026-04-27 09:10:13,0,47,Neutral,37.3,14,Medium,Small,Strong Bear,0,0.019267042719892002,17.551396204964334,11.61847396295827,-21.250527443648238,-97.52126,0.02486423237129715,0.0026507008122262873,0.29283798883466655,0,5.9329222420060646,0
waves,waves,Waves,0.414954,41558488,538,6973792.0,0.42354,0.410982,-0.0024007511008833,-0.57523,-0.608244453108134,-2.1629213155344216,100000000.0,100000000.0,61.3,-99.3257,0.130878,2026-04-27 09:09:44.491000+00:00,0.012558,3.0556082748149587,2026-04-27 09:10:13,0,47,Neutral,37.3,14,Medium,Small,Bearish,0,0.34709702173285506,17.542612366460258,15.757669824102432,-1.5278447893206528,-99.3257,0.006769233278955954,0.16780668247603234,1.0,0,1.7849425423578253,0
huma-finance,huma,Huma Finance,0.02382185,41323785,542,14847179.0,0.02494365,0.02340213,-0.0002289872335683,-0.9521,19.04835667864985,61.67991883312715,1733333333.0,10000000000.0,0.115647,-79.55944,0.01107715,2026-04-27 09:09:42.951000+00:00,0.00154152,6.5870927133555846,2026-04-27 09:10:13,0,47,Neutral,37.3,14,High,Small,Bullish,0,0.023542536872603218,17.536948824349352,16.513320506189988,36.62711129987629,-79.55944,0.20598761749115843,0.3592889421915248,0.1733333333,0,1.0236283181593642,1
icon,icx,ICON,0.03777485,41294365,539,1420956.0,0.0401217,0.03730332,-0.0016421349724689,-4.16606,0.3242552352887276,10.464204949460408,1096180902.639278,1108792274.218095,13.16,-99.71401,0.03255054,2026-04-27 09:09:41.539000+00:00,0.00281838,7.555306069272125,2026-04-27 09:10:13,0,47,Neutral,37.3,14,High,Small,Bullish,0,0.037078853701408815,17.536236632160797,14.166841146241369,4.612098969676245,-99.71401,0.002870429331306991,0.034410409265283534,0.9886260286330815,0,3.369395485919428,1
gemini-dollar,gusd,Gemini Dollar,0.999532,41220141,541,301280.0,0.999856,0.999498,-0.0002165617150864,-0.02166,-0.0570886109338203,-0.0838484060221344,41239642.41,41239642.41,3.3,-69.74622,0.78261,2026-04-27 09:09:46.937000+00:00,0.0003579999999999,0.0358179806262713,2026-04-27 09:10:13,0,47,Neutral,37.3,14,Low,Small,Bearish,1,0.6929131531776737,17.5344375783503,12.615798663057006,-0.05897304361328064,-69.74622,0.30288848484848485,0.007309048263566105,1.0,0,4.918638915293293,0
gekko,gekko,GEKKO,6.85602e-07,41172769,540,86056.0,7.09218e-07,5.82518e-07,-1.4604590453e-08,-2.08575,6.1062042238378185,12.613029286034047,60000000000000.0,200000000000000.0,1.37e-05,-94.98943,5.82518e-07,2026-04-27 09:09:43.204000+00:00,1.267e-07,21.75040084598244,2026-04-27 09:10:13,0,47,Neutral,37.3,14,Extreme,Small,Bullish,0,6.856017649750561e-07,17.533287673484214,11.36276514638457,6.733517571620428,-94.98943,0.05004394160583942,0.0020901193213407627,0.3,0,6.170522527099644,1
quack-ai,q,Quack AI,0.01080037,40968149,543,3794070.0,0.01084607,0.01007813,0.00054118,5.27508,19.02393244148508,20.38052731073924,3790388878.0,10000000000.0,0.052458,-79.33084,0.00552713,2026-04-27 09:09:55.321000+00:00,0.0007679399999999,7.619865987043231,2026-04-27 09:10:13,0,47,Neutral,37.3,14,High,Small,Bullish,0,0.0107424625785308,17.52830549351208,15.148950143060562,14.338348386443544,-79.33084,0.205886042167067,0.0926102372845793,0.3790388878,0,2.379355350451517,1
prometeus,prom,Prom,2.23,40819418,544,11829301.0,2.49,2.03,0.189997,7.652019999999999,-3.0646824355527174,122.51407212634832,18250000.0,19250000.0,105.94,-97.88861,0.088747,2026-04-27 09:09:46.421000+00:00,0.4600000000000004,22.66009852216751,2026-04-27 09:10:13,0,47,Neutral,37.3,14,Extreme,Small,Bullish,0,1.172482137234565,17.52466848202567,16.286090231677925,76.56925127580898,-97.88861,0.021049650745705115,0.2897959250668395,0.948051948051948,0,1.2385782503477465,0
meet48,idol,MEET48,0.02288081,40802666,545,1659929.0,0.02350509,0.02273499,4.695e-05,0.20562,1.4364499214915278,-8.349551721597617,1782229434.502125,4767829434.502125,0.04177777,-45.23426,0.01034196,2026-04-27 09:09:53.125000+00:00,0.0007700999999999,3.387289811871478,2026-04-27 09:10:13,0,47,Neutral,37.3,14,Medium,Small,Bearish,0,0.02262296991771177,17.524258004885077,14.322285990768904,-4.927483032958571,-45.23426,0.5476790647274855,0.04068187603231612,0.3738031024359059,0,3.2019720141161727,1
useless-3,useless,Useless Coin,0.04063927,40640558,549,5591455.0,0.04306082,0.04007321,-0.0001225472403676,-0.30064,-2.207076370663894,33.692658957878095,999940362.02,999940362.02,0.434591,-90.70103,0.00519952,2026-04-27 09:09:45.076000+00:00,0.00298761,7.455379791137276,2026-04-27 09:10:13,0,47,Neutral,37.3,14,High,Small,Bullish,0,0.039835207005563374,17.520277116061163,15.53675027633241,20.095339374726855,-90.70103,0.09351153153194612,0.13758312570413034,1.0,0,1.9835268397287518,0
paxos-standard,usdp,Pax Dollar,0.999431,40546283,547,9925995.0,0.999981,0.999271,-0.0003500993900777,-0.03502,-0.036690128552746,-0.0005420722833229,40569459.93027243,40569459.93027243,1.18,-15.61805,0.863529,2026-04-27 09:09:45.184000+00:00,0.0007099999999999,0.0710517967598367,2026-04-27 09:10:13,0,47,Neutral,37.3,14,Low,Small,Bearish,1,0.6928626400821428,17.51795469437582,16.110667732147373,-0.014333243369993741,-15.61805,0.8469754237288135,0.2448065338073036,1.0,0,1.4072869622284472,0
bitget-wrapped-btc,bgbtc,Bitget Wrapped BTC,77812.0,40388012,548,53666.0,79329.0,77573.0,-170.99575038698094,-0.21927,,,519.0,519.0,79329.0,-1.93944,77247.0,2026-04-27 09:09:41.424000+00:00,1756.0,2.263674216544416,2026-04-27 09:10:13,0,47,Neutral,37.3,14,Medium,Small,Unknown,0,11.26206379132333,17.514043590984084,10.890553566459324,-0.08770800000000001,-1.93944,0.9808771067327207,0.001328760623325555,1.0,0,6.623490024524759,0
notcoin,not,Notcoin,0.00040534,40378709,546,38279932.75,0.00056726,0.00040436,-1.8826263768397e-05,-4.43847,5.782435197331528,16.001445872062643,99429447866.9074,102452755868.5205,0.02836145,-98.56071,0.00032676,2026-04-27 09:09:43.535000+00:00,0.0001629,22.92596993405186,2026-04-27 09:10:13,0,47,Neutral,37.3,14,Extreme,Small,Bullish,0,0.00040525787193464386,17.513813223830493,17.460436393878773,7.825479523237586,-98.56071,0.014291935003323174,0.9480227005276469,0.9704907108063255,0,0.053376829951719884,1
hyperlane,hyper,Hyperlane,0.118998,40261200,550,38279932.75,0.139341,0.116993,-0.0088688327215776,-6.93599,25.30632855988192,44.01075360485966,338174017.0,807333335.0000001,0.664052,-82.02795,0.07819,2026-04-27 09:09:45.293000+00:00,0.0223479999999999,19.10199755540929,2026-04-27 09:10:13,0,47,Neutral,37.3,14,Extreme,Small,Bullish,0,0.11243364201809264,17.510898808828845,17.460436393878773,23.632056162915795,-82.02795,0.1791998217007102,0.9507896622554718,0.41887780714517375,0,0.05046241495007209,1
illuvium,ilv,Illuvium,4.86,40234168,551,5966942.0,5.25,4.83,-0.3749455314294616,-7.16607,8.222474622642824,42.67417835219519,8285535.985293776,9597083.003321655,1911.26,-99.74652,3.3,2026-04-27 09:09:42.125000+00:00,0.4199999999999999,8.695652173913041,2026-04-27 09:10:13,0,47,Neutral,37.3,14,High,Small,Bullish,0,1.7681496035889213,17.510227167689333,15.60174529391963,22.738079011317115,-99.74652,0.002542825151993973,0.1483053408734586,0.8633389939866167,0,1.9084818737697038,1
burnedfi,burn,BurnedFi,3.24,40167671,556,61743.0,3.3,3.2,-0.0006399786497706,-0.01974,-9.55078173823022,-35.25106628331758,12346054.135045627,12346054.135045627,10.25,-68.64142,0.542183,2026-04-27 09:09:43.252000+00:00,0.0999999999999996,3.124999999999989,2026-04-27 09:10:13,0,47,Neutral,37.3,14,Medium,Small,Strong Bear,0,1.4445632692438664,17.508573050959296,11.0307520837774,-21.158535769990543,-68.64142,0.31609756097560976,0.0015371316898109427,1.0,0,6.477820967181895,0
moonbirds,birb,Moonbirds,0.140527,40082553,553,6968659.0,0.149481,0.139292,-0.0072233778713751,-4.8889,7.08870900104673,-2.1778179584709454,285000000.0,1000000000.0,0.476945,-70.52429,0.123268,2026-04-27 09:09:45.916000+00:00,0.010189,7.314849381156136,2026-04-27 09:10:13,0,47,Neutral,37.3,14,High,Small,Bearish,0,0.13149043628935378,17.50645173526558,15.756933511743064,-3.262250775082567,-70.52429,0.29463984316849956,0.17385766320822926,0.285,0,1.7495182235225144,1
apex-token-2,apex,APEX,0.28884,40051245,554,1702736.0,0.307672,0.287409,-0.016396062535932,-5.3716,1.7072359900723724,8.539940631409534,138823649.0,499999990.0,3.83,-92.47505,0.110496,2026-04-27 09:09:42.525000+00:00,0.0202629999999999,7.050231551551961,2026-04-27 09:10:13,0,47,Neutral,37.3,14,High,Small,Neutral,0,0.2537425890222169,17.505670342105812,14.34774751436586,2.97532437884572,-92.47505,0.07541514360313316,0.04251393433587396,0.2776473035529461,0,3.1579228277399523,1
proprietary-trading-network,sn8,Proprietary Trading Network,9.0,40044275,558,154659.0,9.28,8.9,0.053064,0.59318,-1.3281207662900658,-16.49161150631367,4441152.433435188,4441152.433435188,25.24,-64.38399,5.69,2026-04-27 09:09:55.328000+00:00,0.379999999999999,4.269662921348303,2026-04-27 09:10:13,0,47,Neutral,37.3,14,Medium,Small,Strong Bear,0,2.302585092994046,17.5054962999161,11.948984438163027,-9.657694903788201,-64.38399,0.35657686212361334,0.003862200027344733,1.0,0,5.556511861753073,0
atoshi,atos,Atoshi,0.04421227,39944742,555,39769.0,0.04661746,0.0414349,0.0021403,5.08724,15.55540577001441,4.09501137919713,903160633.17898,99999999999.99998,0.109228,-59.49801,0.02409721,2026-04-27 09:09:54.416000+00:00,0.00518256,12.507716924621525,2026-04-27 09:10:13,0,47,Neutral,37.3,14,Extreme,Small,Neutral,0,0.043262792547763024,17.503007632031043,10.590868138201737,4.491902827518278,-59.49801,0.4047704800966785,0.0009956003721340845,0.009031606331789802,0,6.912139493829306,1
binance-usd,busd,BUSD,0.996383,39934867,557,1188.95,0.999657,0.969183,-0.0022969960790362,-0.23,-0.3031654469104586,-0.3899986975510777,40026297.12594552,40026297.12594552,2.58,-61.32627,0.112189,2026-04-27 09:09:46.388000+00:00,0.030474,3.144297826107144,2026-04-27 09:10:13,0,47,Neutral,37.3,14,Medium,Small,Bearish,1,0.6913370432494719,17.502760384956936,7.0816665684161215,-0.3259992185306466,-61.32627,0.38619496124031005,2.9772228864565895e-05,1.0,0,10.421093816540814,0
apro,at,Apro,0.173402,39932953,559,4413761.0,0.173578,0.162265,0.008476,5.13928,6.1120722595082295,21.156653610670254,230000000.0,1000000000.0,0.85936,-79.83145,0.079496,2026-04-27 09:10:00.918000+00:00,0.011313,6.971928635257152,2026-04-27 09:10:13,0,47,Neutral,37.3,14,High,Small,Bullish,0,0.15990722195678075,17.50271245576712,15.300237944997589,14.749704166402152,-79.83145,0.20178039471234407,0.11052929143507118,0.23,0,2.202474510769532,1
nockchain,nock,Nockchain,0.01903873,39915253,552,5343512.0,0.03123854,0.01207489,0.00696384,7.652019999999999,202.4817764221544,109.0065073012894,1952169984.0,4294967296.0,0.21022,-90.25594,0.00460075,2026-04-27 09:09:45.545000+00:00,0.0191636499999999,22.92596993405186,2026-04-27 09:10:13,0,47,Neutral,37.3,14,Extreme,Small,Bullish,0,0.01885976136914185,17.502269114564275,15.491393859806486,68.46471238077363,-90.25594,0.0905657406526496,0.13387143005206556,0.4545249938964844,0,2.0108752547577886,1
score,sn44,Score,8.86,39872188,561,1957908.0,9.08,8.34,0.4979,5.95121,-1.5850747801230252,-8.165235387067963,4498117.247090577,4498117.247090577,14.86,-40.56616,3.03,2026-04-27 09:09:45.097000+00:00,0.7400000000000002,8.872901678657078,2026-04-27 09:10:13,0,47,Neutral,37.3,14,High,Small,Bearish,0,2.288486168614544,17.501189621286567,14.487387624996636,-2.518657232240777,-40.56616,0.5962314939434724,0.04910460394097259,1.0,0,3.0138019962899314,0
yzy,yzy,YZY,0.306177,39702133,560,442170.0,0.30981,0.303255,-0.0015918763260665,-0.51723,1.4226126492184377,-7.200897770801315,129999999.896197,999999465.844923,2.95,-89.60116,0.188434,2026-04-27 09:09:54.795000+00:00,0.0065549999999999,2.1615472127417443,2026-04-27 09:10:13,0,47,Neutral,37.3,14,Medium,Small,Bearish,0,0.2671045500018858,17.496915497361385,12.999451964069959,-4.527430662480788,-89.60116,0.10378881355932201,0.011137184997088191,0.13000006933639405,0,4.497463533291427,1
unitywallet-token,unt,UnityWallet Token,0.060334,39652451,562,2079.0,0.062484,0.060113,-0.0007685023532204,-1.25772,-0.2579306977859456,7.632660067567568,657214285.0,1000000000.0,0.112474,-46.46322,0.04934818,2026-04-27 09:09:46.238000+00:00,0.0023709999999999,3.944238351105415,2026-04-27 09:10:13,0,47,Neutral,37.3,14,Medium,Small,Neutral,0,0.05858395283180251,17.495663345242757,7.640123172695364,4.07650804054054,-46.46322,0.5364261962764727,5.2430554671134955e-05,0.657214285,0,9.855540172547393,0
status,snt,Status,0.00999367,39555042,563,2827984.0,0.01015333,0.0099054,-0.0001324488876086,-1.30799,0.0449832599676219,4.784357597120106,3960483788.3096976,6804870174.0,0.684918,-98.54267,0.00592935,2026-04-27 09:09:46.342000+00:00,0.00024793,2.5029781735215173,2026-04-27 09:10:13,0,47,Neutral,37.3,14,Medium,Small,Neutral,0,0.009944063506795634,17.493203753530963,14.855075001882694,2.3474185582720635,-98.54267,0.014591045935425845,0.0714949057568944,0.5820072517241969,0,2.638128751648269,1
pumpmeme,pm,PumpMeme,1.23,39499863,564,152604.0,1.25,1.22,-0.0061156312069363,-0.49417,2.9998139466084823,15.934804306374131,32008015.0,100000000.0,1.26,-2.18967,1.006,2026-04-27 09:09:45.505000+00:00,0.03,2.459016393442625,2026-04-27 09:10:13,0,47,Neutral,37.3,14,Medium,Small,Bullish,0,0.8020015854720274,17.491807786827447,11.935608162695457,9.363214583824478,-2.18967,0.9761904761904762,0.00386340580472393,0.32008015,0,5.55619962413199,1
ebtc-2,ebtc,eBTC,77495.0,39486927,565,12357.66,79092.0,77236.0,-267.6124921187584,-0.34414,3.5730383710975406,16.867925028665937,509.5448443807,509.5448443807,79153.0,-2.09546,63341.0,2026-04-27 09:09:41.265000+00:00,1856.0,2.403024496348853,2026-04-27 09:10:13,0,47,Neutral,37.3,14,Medium,Small,Bullish,0,11.257981601106222,17.491480238390853,9.422112310894951,9.983099017199562,-2.09546,0.979053226030599,0.00031295572836042673,1.0,0,8.069367927495902,1
ishares-bitcoin-trust-ondo-tokenized,ibiton,iShares Bitcoin Trust (Ondo Tokenized),44.11,39232980,567,83.11,44.99,43.89,-0.7299863010792436,-1.62813,4.1313078511387245,17.652562102865357,889662.4060941276,889662.4060941276,45.01,-2.0318,37.12,2026-04-27 09:09:41.324000+00:00,1.1000000000000014,2.5062656641604044,2026-04-27 09:10:13,0,47,Neutral,37.3,14,Medium,Small,Bullish,0,3.8091039514203047,17.485028303063277,4.432125465974346,9.940285261719215,-2.0318,0.9800044434570095,2.1183708196522417e-06,1.0,0,13.052902837088931,1
bas,bas,BNB Attestation Service,0.01570478,39189411,566,5927953.0,0.01684216,0.01362616,-0.0001822891982046,-1.14741,89.48775427732187,97.88964617656248,2500000000.0,10000000000.0,0.166539,-90.55372,0.00259671,2026-04-27 09:09:45.435000+00:00,0.0032159999999999,22.92596993405186,2026-04-27 09:10:13,0,47,Neutral,37.3,14,Extreme,Small,Bullish,0,0.01558273606625474,17.48391716623575,15.595189686143877,58.274823705937486,-90.55372,0.0943009145005074,0.1512641514311098,0.25,0,1.8887274800918714,1
spdr-s-p-500-etf-ondo-tokenized-etf,spyon,SPDR S&P 500 ETF (Ondo Tokenized ETF),717.52,39000442,570,2082754.0,720.86,714.21,1.083,0.15117,1.1830245498916954,12.832629432522468,54286.9127304553,54286.9127304553,720.86,-0.55714,632.87,2026-04-27 09:09:55.943000+00:00,6.649999999999977,0.9310986964618218,2026-04-27 09:10:13,0,47,Neutral,37.3,14,Low,Small,Bullish,0,6.577193540900635,17.479083563003766,14.549202094506462,7.760045659513481,-0.55714,0.9953666453957772,0.053403343480055945,1.0,0,2.929881468497303,1
pundi-x-2,pundix,Pundi X,0.151245,38982011,568,1378110.0,0.154559,0.149097,-0.0027198551595574,-1.76655,2.392988354525605,6.597570320626788,258386541.0999244,258386541.0999244,10.07,-98.50331,0.134918,2026-04-27 09:09:42.664000+00:00,0.0054619999999999,3.6633869226074265,2026-04-27 09:10:13,0,47,Neutral,37.3,14,Medium,Small,Neutral,0,0.14084396547262792,17.47861086692506,14.13622427883559,3.251922192376073,-98.50331,0.015019364448857993,0.03535246039512944,1.0,0,3.34238658808947,1
constitutiondao,people,ConstitutionDAO,0.0076881,38951353,569,7290987.0,0.00801898,0.00760897,-0.0001682794650093,-2.14195,5.390968984625616,20.690554445666155,5066444892.014003,5066444892.014003,0.185022,-95.84626,0.0009194,2026-04-27 09:09:42.333000+00:00,0.00041001,5.388508562919824,2026-04-27 09:10:13,0,47,Neutral,37.3,14,High,Small,Bullish,0,0.007658697164332313,17.477824092192876,15.802149622922448,11.557552667399692,-95.84626,0.04155235593605085,0.18718186759776997,1.0,0,1.6756744692704277,1
coti,coti,COTI,0.01391315,38884753,571,4126272.0,0.01448384,0.01382471,-0.0003001611649203,-2.11183,-1.5813031999148783,13.260563329619806,2790350045.406551,2790377419.740392,0.668634,-97.92587,0.00556342,2026-04-27 09:09:57.095000+00:00,0.0006591299999999,4.767767280470976,2026-04-27 09:10:13,0,47,Neutral,37.3,14,Medium,Small,Bullish,0,0.013817250613170726,17.47611280374425,15.23288513620247,7.111605997771884,-97.92587,0.02080831964871664,0.10611542266965152,0.9999901897379015,0,2.243227667541781,0
band-protocol,band,Band,0.222151,38732152,573,4304148.0,0.233567,0.22204,-0.0048841820354138,-2.15129,3.0807771900585905,7.9025267929812095,174178596.251852,175434552.337187,22.83,-99.02583,0.194187,2026-04-27 09:09:46.585000+00:00,0.011527,5.19140695370204,2026-04-27 09:10:13,0,47,Neutral,37.3,14,High,Small,Neutral,0,0.2006124210369571,17.472180639927796,15.275089999183644,3.8810000757887253,-99.02583,0.00973066141042488,0.111125971002076,0.9928408852839832,0,2.197090640744152,1
frankencoin,zchf,Frankencoin,1.27,38712406,572,84117.0,1.27,1.27,0.00275777,0.21705,-0.3533662757192312,1.5566986575015718,30407905.72169233,30407905.72169233,1.33,-4.15588,0.981646,2026-04-27 09:09:43.855000+00:00,0.0,0.0,2026-04-27 09:10:13,0,47,Neutral,37.3,14,Low,Small,Neutral,0,0.8197798314933114,17.471670700935878,11.339975853975268,1.020839194500943,-4.15588,0.9548872180451128,0.002172869338061809,1.0,0,6.13169484696061,0
holoworld,holo,Holoworld,0.060199,38585026,574,6805974.0,0.064678,0.060083,-0.0042859598297862,-6.64646,5.557984066309054,13.635069757266946,640697508.3643444,2048000000.0,0.775714,-92.25502,0.050023,2026-04-27 09:09:45.813000+00:00,0.004595,7.647753940382475,2026-04-27 09:10:13,0,47,Neutral,37.3,14,High,Small,Bullish,0,0.058456626352863125,17.468374857627385,15.733311460806739,5.522457854360167,-92.25502,0.07760463263522381,0.17638899608361025,0.3128405802560275,0,1.735063396820646,1
io,io,io.net,0.120777,38358316,576,6214951.0,0.126883,0.120298,-0.0037635009562077,-3.0219,1.572098462176659,13.988367967660269,317483015.5042891,799996942.086222,6.43,-98.12031,0.092979,2026-04-27 09:09:43.819000+00:00,0.0065849999999999,5.473906465610395,2026-04-27 09:10:13,0,47,Neutral,37.3,14,High,Small,Bullish,0,0.11402219477371213,17.462481933190123,15.642468559646924,7.18426078059616,-98.12031,0.01878335925349922,0.16202356224397338,0.3968552863169212,0,1.8200133735431994,1
ecomi,omi,ECOMI,0.00014146,38351462,575,1197714.0,0.00014409,0.00013979,-8.52440909866e-07,-0.599,-2.9675153638088814,19.323757810135263,270951644947.0,310882499574.018,0.01343572,-98.94642,3.37e-06,2026-04-27 09:10:01.596000+00:00,4.300000000000023e-06,3.076042635381661,2026-04-27 09:10:13,0,47,Neutral,37.3,14,Medium,Small,Bullish,0,0.000141449995477682,17.462303233680927,13.995926132861515,11.354654686081158,-98.94642,0.010528650492865287,0.031229943724179275,0.8715564411578888,0,3.466377100819413,0
peaq-2,peaq,peaq,0.01832226,37619701,578,10629999.0,0.02150297,0.01624278,0.00177948,7.652019999999999,20.78874113470541,12.617448436222944,2053335262.715079,4400795859.898952,0.750473,-97.56816,0.01219919,2026-04-27 09:09:44.257000+00:00,0.00526019,22.92596993405186,2026-04-27 09:10:13,0,47,Neutral,37.3,14,Extreme,Small,Bullish,0,0.018156429919240095,17.443038460487337,16.17919075031813,10.631277061733766,-97.56816,0.02441428272569433,0.28256468598727036,0.4665827109649723,0,1.2638477101692054,1
magma-finance,magma,Magma Finance,0.197147,37511845,577,2760638.0,0.212203,0.190292,-6.5119284438198e-05,-0.03302,18.761637026023493,54.68087208272555,190000000.0,1000000000.0,0.281583,-29.74861,0.069837,2026-04-27 09:09:46.178000+00:00,0.021911,11.51440943392261,2026-04-27 09:10:13,0,47,Neutral,37.3,14,Extreme,Small,Bullish,0,0.1799412260532155,17.44016733439018,14.830972732635441,32.79531524963533,-29.74861,0.7001381475444184,0.07359376751530083,0.19,0,2.609194601754737,1
woo-network,woo,WOO,0.01985038,37500042,579,4391141.0,0.02098242,0.01960171,-0.0008299648383084,-4.0133,9.833533069713855,22.386663897325217,1888782088.294737,1888782088.294737,1.78,-98.88531,0.01469575,2026-04-27 09:09:42.034000+00:00,0.00138071,7.043824237783338,2026-04-27 09:10:13,0,47,Neutral,37.3,14,High,Small,Bullish,0,0.019655930262186153,17.43985263760665,15.295099887895935,11.82667833839513,-98.88531,0.011151898876404494,0.11709696218473568,1.0,0,2.1447527497107135,1
secret,scrt,Secret,0.110394,37371899,580,3351903.0,0.122543,0.109866,-0.0111522973333179,-9.17532,2.878291074033005,49.89304770978602,338524912.151022,353584744.921918,10.38,-98.93799,0.070611,2026-04-27 09:09:52.438000+00:00,0.0126769999999999,11.538601569184271,2026-04-27 09:10:13,0,47,Neutral,37.3,14,Extreme,Small,Bullish,0,0.10471490729759102,17.43642964309134,15.025039100555851,26.26570062587161,-98.93799,0.010635260115606936,0.08969046502025492,0.95740813768925,0,2.4113905425354893,1
atomone,atone,AtomOne,0.287134,37255264,581,26144.0,0.321911,0.285974,-0.0295213513955062,-9.32286,-9.356861406852031,-19.44992905963787,129748602.995181,141556514.655181,16.99,-98.31028,0.148095,2026-04-27 09:09:43.140000+00:00,0.035937,12.566527026932516,2026-04-27 09:10:13,0,47,Neutral,37.3,14,Extreme,Small,Strong Bear,0,0.2524180412981941,17.433303835083844,10.171413246622231,-15.399101435782722,-98.31028,0.016900176574455562,0.0007017531804364613,0.9165851766782828,0,7.261890588461613,0
bitway,btw,Bitway,0.01670364,36748069,583,16314648.0,0.01687029,0.01620712,0.00039857,2.44448,3.9771674894976,-37.72684343667196,2200000000.0,10000000000.0,0.03762691,-55.77184,0.00911805,2026-04-27 09:09:46.214000+00:00,0.00066317,4.091843584794838,2026-04-27 09:10:13,0,47,Neutral,37.3,14,Medium,Small,Strong Bear,0,0.016565668503054253,17.41959626523725,16.607573973833908,-21.658314062003175,-55.77184,0.44392802916848606,0.4439593274955481,0.22,0,0.8120222914033413,1
botxcoin,botx,BOTXCOIN,0.7058,36684877,582,16957.4,0.706576,0.705238,0.00023378,0.03313,0.1952916377820425,19.14678667241524,1759052523.0,5000000000.0,3.27,-78.41219,0.0007075,2026-04-27 09:09:46.027000+00:00,0.0013379999999999,0.1897231856479586,2026-04-27 09:10:13,0,47,Neutral,37.3,14,Low,Small,Bullish,0,0.534034208902872,17.41787518451478,9.73851856527299,11.501324003449142,-78.41219,0.21584097859327217,0.0004622449735895258,0.3518105046,0,7.679356619241791,1
backpack,bp,Backpack,0.146091,36514478,584,1646567.0,0.149,0.145951,-0.0015171013734657,-1.02779,3.923415701782735,-5.1516155595284285,250000000.0,1000000000.0,0.449859,-67.52159,0.120327,2026-04-27 09:09:41.279000+00:00,0.0030489999999999,2.089057286349526,2026-04-27 09:10:13,0,47,Neutral,37.3,14,Medium,Small,Bearish,0,0.13635702177177078,17.41321942482556,14.314203679672438,-3.502085335717057,-67.52159,0.3247484211719672,0.045093537965954215,0.25,0,3.099015745153121,1
storx,srx,StorX,0.059953,36377699,585,1965537.0,0.061488,0.059829,-0.0014631691958306,-2.38238,-4.080637630833804,17.91593103791371,606768579.25759,606768579.25759,4.69,-98.72247,0.00852373,2026-04-27 09:09:58.228000+00:00,0.001659,2.772902772902774,2026-04-27 09:10:13,0,47,Neutral,37.3,14,Medium,Small,Bullish,0,0.058224567518304134,17.409466507505382,14.491276557160088,9.796606622748227,-98.72247,0.012783155650319828,0.05403137235260537,1.0,0,2.918189950345294,0
mass-vehicle-ledger,mvl,MVL,0.00130259,36211622,586,273812.0,0.00132153,0.00128711,-4.959221538144e-06,-0.37928,-2.6165168576538838,1.538533806151084,27802958863.1,30000000000.0,0.06973,-98.12566,0.0001466,2026-04-27 09:09:43.410000+00:00,3.442000000000007e-05,2.674208109640984,2026-04-27 09:10:13,0,47,Neutral,37.3,14,Medium,Small,Neutral,0,0.0013017423656461267,17.404890702609766,12.520200670621694,0.7714082836906504,-98.12566,0.018680481858597445,0.007561439805154268,0.9267652954366666,0,4.884690031988072,0
invesco-qqq-etf-ondo-tokenized-etf,qqqon,Invesco QQQ ETF (Ondo Tokenized ETF),663.64,36192567,587,2233914.0,668.18,660.77,0.645286,0.09733,2.6118771409567016,18.219797772809017,54536.64409728132,54536.64409728132,668.18,-0.40969,556.67,2026-04-27 09:09:55.891000+00:00,7.409999999999968,1.1214189506182133,2026-04-27 09:10:13,0,47,Neutral,37.3,14,Low,Small,Bullish,0,6.499245540687747,17.404364351850873,14.619266209543648,10.97081066368541,-0.40969,0.9932054236882277,0.061723005168436935,1.0,0,2.785098142307225,1
neiro-3,neiro,Neiro,8.611e-05,36187832,588,22361575.0,9.27e-05,8.529e-05,-4.629466401044e-06,-5.10219,0.2593157850507711,54.96396832208602,420690000000.0,420690000000.0,0.00301761,-97.15259,2.44e-06,2026-04-27 09:09:43.962000+00:00,7.4099999999999985e-06,8.688005627857894,2026-04-27 09:10:13,0,47,Neutral,37.3,14,High,Small,Bullish,0,8.610629274676953e-05,17.40423351532769,16.92285468677273,30.93750499325161,-97.15259,0.028535828022839268,0.6179307729736337,1.0,0,0.48137882855495917,1
mango-markets,mngo,Mango,0.03234944,36151909,590,412.48,0.03235095,0.03108668,0.00121617,3.90634,0.880158496074228,0.1380196121151279,1117466989.0,5000000000.0,0.498845,-93.56319,0.00147576,2026-04-27 09:09:41.878000+00:00,0.00126427,4.0669186931509085,2026-04-27 09:10:13,0,47,Neutral,37.3,14,Medium,Small,Neutral,0,0.031837214396916294,17.40324034058133,6.024609145700284,1.6453477672690768,-93.56319,0.06484868045184376,1.1409632614421551e-05,0.2234933978,0,11.378631194881047,1
hermez-network-token,hez,Hermez Network,3.27,36126272,589,26094.0,3.31,3.26,-0.0175662914797363,-0.53504,0.2909091375668325,3.090794737618886,11065762.52483268,11065762.52483268,10.3,-68.30859,0.883591,2026-04-27 09:09:41.707000+00:00,0.0500000000000002,1.5337423312883518,2026-04-27 09:10:13,0,47,Neutral,37.3,14,Low,Small,Neutral,0,1.451613827240533,17.402530942530326,10.169499004077514,1.6404608425713314,-68.30859,0.3174757281553398,0.0007222998265638923,1.0,0,7.233031938452813,1
superfortune,gua,Superfortune,0.802509,36077499,591,1812928.0,0.824102,0.756491,0.0088569,1.11597,-1.269045258420595,155.84542714093044,45000000.0,1000000000.0,0.938372,-14.74998,0.07378,2026-04-27 09:09:46.126000+00:00,0.0676109999999999,8.937449354982409,2026-04-27 09:10:13,0,47,Neutral,37.3,14,High,Small,Bullish,0,0.589179583229689,17.40117996029237,14.410454327359561,93.95364428455827,-14.74998,0.855214136824202,0.05025093341420368,0.045,0,2.9907256329328096,0
aegis-yusd,yusd,Aegis YUSD,0.995783,35946222,592,1096.18,0.999046,0.988756,0.00315875,0.31822,-0.2439954209047254,-0.2514218451431334,36098462.57615232,36098462.57615232,1.17,-14.97529,0.87025,2026-04-27 09:09:54.597000+00:00,0.01029,1.04070164934524,2026-04-27 09:10:13,0,47,Neutral,37.3,14,Low,Small,Bearish,0,0.6910364545442339,17.39753457402494,7.000498530680032,-0.023565107085880027,-14.97529,0.8510965811965813,3.049499889028672e-05,1.0,0,10.39703604334491,0
swftcoin,swftc,SWFTCOIN,0.00358363,35886702,593,1625638.0,0.00372588,0.00331424,0.00026722,7.652019999999999,4.535314616574876,-1.5780614354294928,10000000000.0,10000000000.0,0.04665833,-92.29016,0.00046438,2026-04-27 09:09:43.741000+00:00,0.00041164,12.42034372887902,2026-04-27 09:10:13,0,47,Neutral,37.3,14,Extreme,Small,Bearish,0,0.003577224097705625,17.395877394875054,14.30141152722025,2.113971138742304,-92.29016,0.07680579223474136,0.04529917516521858,1.0,0,3.0944658676548045,1
omni-network,omni,Omni Network [Old],0.667,35872722,594,1137.58,0.674,0.660583,-0.005,-0.74405,1.5220700152207014,-7.044401029257269,53782192.0,100000000.0,53.81,-98.76056,0.621781,2026-04-27 09:09:43.642000+00:00,0.013417,2.0310846630930577,2026-04-27 09:10:13,0,47,Neutral,37.3,14,Medium,Small,Bearish,0,0.511025603768657,17.395487759646453,7.037537150931476,-4.524260617554361,-98.76056,0.012395465526853744,3.171156066718327e-05,0.53782192,0,10.357950608714978,1
espresso,esp,Espresso,0.068774,35796979,595,2268523.0,0.072941,0.068694,-0.0032308229291632,-4.48693,0.0314940736226455,-14.943694441346604,520550000.0,3590000000.0,0.217368,-68.34541,0.05223,2026-04-27 09:09:45.354000+00:00,0.004247,6.182490464960551,2026-04-27 09:10:13,0,47,Neutral,37.3,14,High,Small,Bearish,0,0.06651219715704845,17.393374090270733,14.634639957708393,-10.760988664807963,-68.34541,0.31639431747083285,0.06337191191468979,0.145,0,2.7587341325623402,1
snek,snek,Snek,0.00047837,35787510,597,10165624.0,0.00050737,0.00047734,-2.4316721785098e-05,-4.83733,-0.8474174465496137,8.326471082892024,74721655311.0,75246967516.0,0.00895508,-94.65743,0.00013847,2026-04-27 09:09:42.936000+00:00,3.0030000000000063e-05,6.291113252608217,2026-04-27 09:10:13,0,47,Neutral,37.3,14,High,Small,Neutral,0,0.0004782556175481852,17.393109535758352,16.134522488643853,3.060950649735214,-94.65743,0.05341884159605497,0.28405507955149717,0.9930188255774122,0,1.2585870471144993,0
stepn,gmt,GMT,0.01149988,35780737,598,6475645.0,0.01205918,0.01144656,-0.0005582944814228,-4.63001,2.496437354235836,15.923247800928058,3111400155.0,5073850155.102167,4.11,-99.7205,0.00938775,2026-04-27 09:09:42.810000+00:00,0.0006126199999999,5.352000950503903,2026-04-27 09:10:13,0,47,Neutral,37.3,14,High,Small,Bullish,0,0.011434258989966497,17.392920261880203,15.683558928913113,7.701944680556834,-99.7205,0.002798024330900243,0.1809813196413478,0.6132227125137377,0,1.7093613329670898,1
based-one,based,Based,0.152211,35780184,599,38279932.75,0.153411,0.127162,0.02260906,7.652019999999999,46.4500718610146,,235000000.0,1000000000.0,0.308046,-50.88599,0.050252,2026-04-27 09:09:46.256000+00:00,0.0262489999999999,20.64217297620358,2026-04-27 09:10:13,0,47,Neutral,37.3,14,Extreme,Small,Unknown,0,0.1416827052242277,17.392904806517784,17.460436393878773,3.0608079999999998,-50.88599,0.4941177616330029,1.0698640551988219,0.235,0,-0.06753158736098896,1
openeden-open-dollar,usdo,OpenEden OpenDollar,0.997773,35765089,596,182.72,0.998295,0.997356,-0.0005223973706561,-0.05233,-0.0115725287409174,-0.076668535477419,35844916.90046557,35844916.90046557,2.97,-66.40078,0.969341,2026-04-27 09:09:44.404000+00:00,0.000939,0.094148929770315,2026-04-27 09:10:13,0,47,Neutral,37.3,14,Low,Small,Bearish,0,0.6920330601582327,17.39248283594813,5.213412859457593,-0.0669331212864514,-66.40078,0.33595050505050505,5.108892641089192e-06,1.0,0,12.179069976490537,0
unit-plasma,uxpl,Unit Plasma,0.099323,35763768,601,288971.0,0.105866,0.098449,-0.0018862726814666,-1.86373,-6.024749227899047,10.521516610832728,360063795.81,10000000000.0,1.57,-93.72228,0.072892,2026-04-27 09:09:45.903000+00:00,0.007417,7.533850013712691,2026-04-27 09:10:13,0,47,Neutral,37.3,14,High,Small,Bullish,0,0.09469453578897749,17.392445899807427,12.574085076587687,5.567417966499637,-93.72228,0.06326305732484076,0.008079993137188452,0.036006379581,0,4.81836082321974,0
iostoken,iost,IOST,0.00108602,35621192,600,4292332.0,0.00111907,0.00107728,-2.2579999295606e-05,-2.0368,0.2136932592016855,2.929377555948102,32830498608.0,32830498608.0,0.129829,-99.16425,0.00100592,2026-04-27 09:09:42.573000+00:00,4.17900000000001e-05,3.8792143175404816,2026-04-27 09:10:13,0,47,Neutral,37.3,14,Medium,Small,Neutral,0,0.001085430706897273,17.38845132768492,15.272340965929969,0.942906533568861,-99.16425,0.008365003196512335,0.12049939260875941,1.0,0,2.1161103617549504,1
auction,auction,Bounce,4.79,35396342,602,5873895.0,5.0,4.78,-0.2089332416490128,-4.18173,1.2622648406758077,7.792109610592296,7390402.318293814,7641028.818627574,70.44,-93.20742,3.16,2026-04-27 09:09:41.799000+00:00,0.2199999999999997,4.6025104602510405,2026-04-27 09:10:13,0,47,Neutral,37.3,14,Medium,Small,Neutral,0,1.7561322915849038,17.38211906768292,15.586028685442663,3.002573766355377,-93.20742,0.06800113571834185,0.16594638508126067,0.9671999011804833,0,1.796090382240255,1
resupply-usd,reusd,Resupply USD,0.9948,35352943,603,774.65,1.007,0.984743,-0.0060488349476984,-0.60437,-0.4850989589983172,0.0738504519281317,35537747.51729735,35537747.51729735,1.18,-16.07177,0.959487,2026-04-27 09:09:46.640000+00:00,0.0222569999999998,2.260183621513416,2026-04-27 09:10:13,0,47,Neutral,37.3,14,Medium,Small,Neutral,0,0.6905437946898304,17.380892228310152,6.65370138751034,-0.19743772884312097,-16.07177,0.8430508474576272,2.1911895708371437e-05,1.0,0,10.727190840799812,0
memecoin-2,meme,Memecoin,0.00056374,35254554,604,6619839.0,0.0005884,0.00055942,-2.1144608542544e-05,-3.61515,-0.6440157771888264,9.565011062831552,62538692416.66666,69000000000.0,0.056324,-99.00058,0.00048566,2026-04-27 09:09:52.539000+00:00,2.897999999999996e-05,5.180365378427649,2026-04-27 09:10:13,0,47,Neutral,37.3,14,High,Small,Neutral,0,0.0005635811583003428,17.378105298732542,15.705581758436821,4.292946637698931,-99.00058,0.010008877210425395,0.18777259244295078,0.9063578611111109,0,1.672523540295721,0
whiteheart,white,Whiteheart,3956.29,35163497,605,7912.58,,,,,1.054556502412263,12.342376744019289,8888.0,8888.0,8457.1,-53.21934,57.1,2026-04-24 23:47:08.074000+00:00,,,2026-04-27 09:10:13,0,47,Neutral,37.3,14,Unknown,Small,Bullish,0,8.283314726544328,17.37551911388725,8.97633555002912,7.405426046411573,-53.21934,0.4678069314540445,0.00022502255677243934,1.0,0,8.39918356385813,1
small-thing,st,Small Thing,0.00193392,35099309,606,25198.0,0.00204139,0.00191895,-2.7510220597743e-05,-1.40256,-16.619664873881206,-15.505158639929078,398644565.6231859,1000000000.0,0.105386,-98.16305,0.00166404,2026-04-27 09:09:46.040000+00:00,0.00012244,6.380572709033593,2026-04-27 09:10:13,0,47,Neutral,37.3,14,High,Small,Strong Bear,0,0.001932052384208833,17.373692030123213,10.13455959017246,-9.864119183957447,-98.16305,0.01835082458770615,0.0007179058710244124,0.3986445656231859,0,7.239132439950753,0
cross-2,cross,CROSS,0.105444,35065022,607,8127020.0,0.134296,0.10113,-0.0288515507503279,-9.850639999999999,16.071810181206402,57.75417483801218,335222890.0,985222890.0,0.438189,-76.13605,0.04660973,2026-04-27 09:09:53.616000+00:00,0.033166,22.92596993405186,2026-04-27 09:10:13,0,47,Neutral,37.3,14,Extreme,Small,Bullish,0,0.10024706422046513,17.372714695877644,15.910704993711331,30.71224890280731,-76.13605,0.24063588999267438,0.23176999575246238,0.34025081370165894,0,1.4620097021663128,1
goplus-security,gps,GoPlus Security,0.00795185,35026605,608,18195036.0,0.00844842,0.00668168,-0.0003515759874505,-4.23411,-10.340373250770034,3.075578210720118,4409100001.78,10000000000.0,0.2198,-96.42641,0.00441135,2026-04-27 09:09:44.607000+00:00,0.00176674,22.92596993405186,2026-04-27 09:10:13,0,47,Neutral,37.3,14,Extreme,Small,Neutral,0,0.007920400651113595,17.3716185020983,16.716659422552024,0.15170292643207062,-96.42641,0.03617766151046406,0.519463305107646,0.44091000017799997,0,0.654959079546277,0
snowbank,sb,Snowbank,217.63,34743153,611,33.59,221.63,216.53,-1.931623079184817,-0.87975,-2.117992436590316,-0.8184094988100447,159640.027327531,159640.027327531,8356.8,-97.4064,138.86,2026-04-27 09:09:42.268000+00:00,5.099999999999994,2.355331824689417,2026-04-27 09:10:13,0,47,Neutral,37.3,14,Medium,Small,Bearish,0,5.387380803288797,17.363493103372363,3.5435646229490776,-0.8429456992860268,-97.4064,0.02604226498181122,9.668092012259221e-07,1.0,0,13.819928480423286,0
helder,hldr,Helder,0.180193,34703121,609,5926.83,0.182336,0.179244,0.00069063,0.38475,-3.1943375645796497,21.53185843213281,197555047.9980258,3477441.998025848,0.470951,-61.73856,7.28e-06,2026-04-27 09:09:44.918000+00:00,0.003092,1.7250228738479458,2026-04-27 09:10:13,0,47,Neutral,37.3,14,Low,Small,Bullish,0,0.16567798442523968,17.36234021205148,8.687413489101829,13.073015059279687,-61.73856,0.38261517652579563,0.0001707866563356074,1.0,0,8.67492672294965,0
book-of-meme,bome,BOOK OF MEME,0.00050398,34684887,610,12539312.0,0.0005364,0.00049871,-2.4883098938311e-05,-4.705,-16.163266396686403,32.52419996887652,68999659569.0,68999659569.0,0.02688878,-98.13607,5.848e-05,2026-04-27 09:09:43.490000+00:00,3.769000000000005e-05,7.557498345732,2026-04-27 09:10:13,0,47,Neutral,37.3,14,High,Small,Bullish,0,0.0005038530447332859,17.36181464573477,16.344379306979317,17.632519981325913,-98.13607,0.018743133753186272,0.3615209125519135,1.0,0,1.0174353387554547,0
power-ledger,powr,Powerledger,0.065171,34527039,614,3744843.0,0.068341,0.064288,-0.0025363023177094,-3.74601,2.9142961424768785,6.96450708020941,529761884.726046,999506122.99937,1.89,-96.57334,0.03262537,2026-04-27 09:09:42.087000+00:00,0.004053,6.304442508710803,2026-04-27 09:10:13,0,47,Neutral,37.3,14,High,Small,Neutral,0,0.06313534965275022,17.357253343131692,15.13589051852512,2.680300248125646,-96.57334,0.034482010582010586,0.10846116865103897,0.5300236512171721,0,2.2213628246065724,1
ong,ong,Ontology Gas,0.073673,34436939,612,1736066.0,0.076737,0.073133,-0.0022261584728933,-2.93304,-9.482504602020596,21.115066884298937,467870809.0,800000000.0,4.39,-98.32043,0.04242318,2026-04-27 09:09:45.231000+00:00,0.0036039999999999,4.928007876061416,2026-04-27 09:10:13,0,47,Neutral,37.3,14,Medium,Small,Bullish,0,0.07108548045275019,17.354640383402177,14.367132767927732,11.495824130579361,-98.32043,0.01678200455580866,0.05041290110018199,0.58483851125,0,2.9875076154744455,0
kinetiq,kntq,Kinetiq,0.127524,34426669,613,128177.0,0.128714,0.124914,3.036e-05,0.02382,22.449078307446737,19.304553070416965,270000000.0,1000000000.0,0.301997,-57.78393,0.03578417,2026-04-27 09:09:57.366000+00:00,0.0037999999999999,3.0420929599564484,2026-04-27 09:10:13,0,47,Neutral,37.3,14,Medium,Small,Bullish,0,0.12002407819919415,17.354342112658713,11.76117520187829,11.592259842250177,-57.78393,0.42226909538836477,0.003723189135724981,0.27,0,5.593166910780424,1
tokamak-network,ton,Tokamak Network,0.606292,34288006,626,26454499.0,0.649042,0.495476,0.105134,7.652019999999999,24.749867431884585,28.508674172997324,56553896.57528079,103133251.1569786,30.51,-98.08603,0.437918,2026-04-27 09:09:41.571000+00:00,0.1535659999999999,22.92596993405186,2026-04-27 09:10:13,0,47,Neutral,37.3,14,Extreme,Small,Bullish,0,0.47392841717946577,17.350306200848532,17.09093683412286,20.16601250379839,-98.08603,0.019871910848902,0.7715379832819674,0.5483575465802042,0,0.25936936672567157,1
fx-usd-saving,fxsave,f(x) USD Saving,1.1,34247116,615,2.08,,,,,0.2624963844768515,1.0301195854508067,31127813.98776594,31127813.98776594,4.68,-76.49165,0.972207,2026-04-25 14:12:10.549000+00:00,,,2026-04-27 09:10:13,0,47,Neutral,37.3,14,Unknown,Small,Neutral,0,0.7419373447293773,17.349112943947098,1.1249295969854831,0.618071751270484,-76.49165,0.23504273504273507,6.073504116375815e-08,1.0,0,16.224183346961617,1
liquity-bold-2,bold,BOLD,0.999787,34173152,617,468167.0,1.0,0.999153,0.00033913,0.03393,-0.2466267737419815,-0.5131920160015618,34180950.99294438,34180950.99294438,1.017,-1.65724,0.982941,2026-04-27 09:09:45.115000+00:00,0.000847,0.0847718017160577,2026-04-27 09:10:13,0,47,Neutral,37.3,14,Low,Small,Bearish,0,0.6930406748884176,17.346950893758994,13.056582484842878,-0.2943432096009371,-1.65724,0.9830747295968536,0.013699848348785619,1.0,0,4.290368408916116,0
bancor,bnt,Bancor Network,0.31619,34170812,618,85265.0,0.327951,0.314778,-0.0022455449757315,-0.70518,0.4626084634496094,13.903125717756415,108071186.5517387,108071186.5517387,10.72,-97.0604,0.120935,2026-04-27 09:09:47.798000+00:00,0.0131729999999999,4.184854087642717,2026-04-27 09:10:13,0,47,Neutral,37.3,14,Medium,Small,Bullish,0,0.27474119938148,17.346882416609134,11.353531060819916,8.059803430653849,-97.0604,0.029495335820895523,0.0024952582338400387,1.0,0,5.993351355789217,1
nirvana-ana-2,ana,Nirvana ANA,4.18,34159293,616,403.82,4.18,4.18,-0.0081786818364193,-0.19549,3.8477502250814895,-2.6011294419122324,8180814.949068,8180814.949068,5.25,-20.48015,3.87,2026-04-27 09:09:52.333000+00:00,0.0,0.0,2026-04-27 09:10:13,0,47,Neutral,37.3,14,Low,Small,Bearish,0,1.6448050562713916,17.346545259223763,6.003442523867389,-1.6388736651473392,-20.48015,0.7961904761904761,1.1821673241305082e-05,1.0,0,11.343102735356375,1
f-x-protocol-fxusd,fxusd,f(x) Protocol fxUSD,0.999166,34102722,619,1264726.0,1.009,0.987547,7.214e-05,0.00722,0.3557458626094052,-0.3585299625938951,34129651.78592268,34129651.78592268,1.042,-4.15379,0.953062,2026-04-27 09:09:57.191000+00:00,0.0214529999999999,2.1723523032321443,2026-04-27 09:10:13,0,47,Neutral,37.3,14,Medium,Small,Bearish,0,0.6927300935912671,17.34488779243807,14.05036684657669,-0.21222997755633705,-4.15379,0.9588925143953935,0.03708577866599622,1.0,0,3.294520945861379,1
quai-network,quai,Quai Network,0.03464653,34053055,620,190065.0,0.03638113,0.03440693,-0.0008360653423961,-2.35627,-3.6351641445774128,-0.6045659525871535,982804697.0,982804697.0,0.3634,-90.46746,0.01825978,2026-04-27 09:09:42.616000+00:00,0.0019741999999999,5.737797589032196,2026-04-27 09:10:13,0,47,Neutral,37.3,14,High,Small,Bearish,0,0.03405985147893967,17.34343033689958,12.155126659245234,-1.3052475715522922,-90.46746,0.09533992845349477,0.005581437553840617,1.0,0,5.188303677654346,0
carv,carv,CARV,0.05749,33982645,621,5706414.0,0.06165,0.057392,-0.0034826399721466,-5.71182,4.693367729819488,6.448347260086407,591164856.0,1000000000.0,1.36,-95.78535,0.051064,2026-04-27 09:09:59.668000+00:00,0.004258,7.419152495121279,2026-04-27 09:10:13,0,47,Neutral,37.3,14,High,Small,Neutral,0,0.05589817562880981,17.341360540511303,15.557101538570016,1.5842803560518437,-95.78535,0.042272058823529406,0.16792141988947593,0.591164856,0,1.7842590019412867,1
cyberconnect,cyber,CYBER,0.540213,33845174,622,8587902.0,0.563654,0.538765,-0.0060299133077176,-1.10389,3.2869515578636626,9.842962628165226,62653733.76,100000000.0,15.79,-96.5806,0.441088,2026-04-27 09:09:53.022000+00:00,0.0248889999999999,4.619639360389026,2026-04-27 09:10:13,0,47,Neutral,37.3,14,Medium,Small,Neutral,0,0.43192071854966985,17.337307006542293,15.965865143087026,5.464221576899136,-96.5806,0.03421234958834706,0.25374081397838283,0.6265373376,0,1.3714418634552672,1
ark,ark,ARK,0.172157,33764561,625,692342.0,0.177835,0.169492,-0.0047847347056828,-2.70412,2.088203417831436,4.921003617699926,196138784.0,196138784.0,10.22,-98.31266,0.0339403,2026-04-27 09:09:54.762000+00:00,0.0083429999999999,4.9223562174025846,2026-04-27 09:10:13,0,47,Neutral,37.3,14,Medium,Small,Neutral,0,0.1588456412274779,17.3349223488945,13.447836776538502,1.870954170619955,-98.31266,0.016845107632093934,0.020504990424723722,1.0,0,3.887085572356,1
subsquid,sqd,SQD,0.03156699,33741369,623,2019129.0,0.03253968,0.03115493,0.00013688,0.43552,-1.6720149430606035,1.2293798882936429,1070843294.700585,1337000000.0,0.284777,-88.94408,0.0228513,2026-04-27 09:09:43.657000+00:00,0.00138475,4.444721910785871,2026-04-27 09:10:13,0,47,Neutral,37.3,14,Medium,Small,Neutral,0,0.031078995676320532,17.334235238881345,14.51817728353318,0.9118359329761857,-88.94408,0.11084810219926469,0.05984134787180686,0.8009299137625916,0,2.816057955348164,0
aintivirus,ainti,AIntivirus,0.0337323,33724287,624,0.0,0.0337323,0.0337323,0.0,0.0,0.0,0.0,999762452.590282,999762452.590282,0.03412971,-1.1644,1.163e-05,2026-04-27 04:56:07.314000+00:00,0.0,0.0,2026-04-27 09:10:13,0,47,Neutral,37.3,14,Low,Small,Bearish,0,0.03317584508100458,17.333728847900467,0.0,0.0,-1.1644,0.9883558928569859,0.0,1.0,0,17.333728847900467,0
euler,eul,Euler,1.38,33476361,627,4482588.0,1.49,1.39,-0.0577305378851336,-4.00276,17.56759972219129,77.0725403396263,24130150.8184706,27182818.28459,15.81,-91.19299,0.723337,2026-04-27 09:09:42.681000+00:00,0.1,7.1942446043165535,2026-04-27 09:10:13,0,47,Neutral,37.3,14,High,Small,Bullish,0,0.8671004876833833,17.326350135793724,15.315711339255952,44.64242020377578,-91.19299,0.0872865275142315,0.13390308462738826,0.8876986398481734,0,2.0106387965377728,1
kgen,kgen,KGeN,0.168588,33457872,628,1437844.0,0.178002,0.167759,-0.0075006947654928,-4.25962,12.541629237851255,-12.56760290353861,198677778.0,1000000000.0,0.649874,-74.06598,0.133931,2026-04-27 09:09:45.840000+00:00,0.010243,6.105782700183003,2026-04-27 09:10:13,0,47,Neutral,37.3,14,High,Small,Bearish,0,0.1557961823878893,17.325797683062465,14.17865602285825,-9.244409742123166,-74.06598,0.2594164407254329,0.04297475942283478,0.198677778,0,3.1471416602042144,1
alchemy-pay,ach,Alchemy Pay,0.00675082,33350516,629,12587503.0,0.00675373,0.00632116,0.00034048,5.31148,8.058972405420075,6.234091108221343,4943691067.145604,15346246087.99998,0.198666,-96.60043,0.00135537,2026-04-27 09:09:41.748000+00:00,0.00043257,6.843205993836577,2026-04-27 09:10:13,0,47,Neutral,37.3,14,High,Small,Neutral,0,0.006728135251205541,17.322583832454622,16.348215133784475,5.865046664932806,-96.60043,0.033980751613260446,0.37743053210930827,0.32214334624878266,0,0.9743686986701476,1
giggle-fund,giggle,Giggle Fund,33.32,33321276,630,16831236.0,35.26,32.78,-0.5598190482743348,-1.65254,1.536110252896689,38.63370798440442,1000000.0,1000000.0,274.54,-87.892,8.64,2026-04-27 09:09:45.857000+00:00,2.479999999999997,7.565588773642455,2026-04-27 09:10:13,0,47,Neutral,37.3,14,High,Small,Bullish,0,3.5357282746197614,17.32170669985865,16.63874706316893,22.51920879064265,-87.892,0.12136664966853646,0.5051197919311373,1.0,0,0.6829596366897235,1
ryze,ryze,Ryze,0.153338,33088738,631,6877.86,0.156023,0.151846,-0.0009713553211057,-0.62948,-0.4609838110297261,17.56629468908436,216084382.1361369,384717823.0,0.161394,-5.05572,0.01535536,2026-04-27 09:09:58.905000+00:00,0.0041769999999999,2.7508133240256485,2026-04-27 09:10:13,0,47,Neutral,37.3,14,Medium,Small,Bullish,0,0.14266034663611174,17.314703570981873,8.836208219523595,10.287984813450615,-5.05572,0.950084885435642,0.00020786105532341547,0.5616697985321488,0,8.478495351458278,0
harmony,one,Harmony,0.00222298,33056699,632,2031782.0,0.00231397,0.00220801,-5.20093513692e-05,-2.28613,1.666838463935431,4.730155838948278,14870211425.762917,14870212769.762917,0.37902,-99.41395,0.00127355,2026-04-27 09:09:44.108000+00:00,0.00010596,4.79889130936907,2026-04-27 09:10:13,0,47,Neutral,37.3,14,Medium,Small,Neutral,0,0.00222051283558804,17.313734826863158,14.524424290639326,1.9236415033689667,-99.41395,0.0058650730832146055,0.06146354782732541,0.9999999096179711,0,2.789310536223832,1
edu-coin,edu,Open Campus,0.04482811,33002830,633,11364704.0,0.0478604,0.0445451,-0.0011361061476051,-2.47172,0.2921410829868842,-27.818048974093223,736208333.0,1000000000.0,1.67,-97.32471,0.04149096,2026-04-27 09:09:54.072000+00:00,0.0033153,7.442569440858817,2026-04-27 09:10:13,0,47,Neutral,37.3,14,High,Small,Strong Bear,0,0.043852383848855786,17.31210390362997,16.24602305804672,-17.679517384455934,-97.32471,0.026843179640718563,0.34435543860935564,0.736208333,0,1.066080845583251,1
hive,hive,Hive,0.061008,32894407,635,1563480.0,0.063394,0.060228,-0.0019721517166289,-3.13139,-0.3111062340059388,3.9242289034237703,539490147.509,,3.41,-98.21311,0.055374,2026-04-27 09:09:42.103000+00:00,0.003166,5.256691239954853,2026-04-27 09:10:13,0,47,Neutral,37.3,14,High,Small,Neutral,0,0.059219399659970424,17.308813231684265,14.262425303583617,1.1019813420542617,-98.21311,0.01789090909090909,0.04753026859550926,,0,3.046387928100648,0
tokenlon,lon,Tokenlon,0.266447,32887808,634,7904.61,0.271867,0.266165,-0.0006933916520941,-0.25956,-4.1976273477881145,0.1012933095678932,123440927.2401396,140451028.838767,9.81,-97.2837,0.066889,2026-04-27 09:09:42.510000+00:00,0.005702,2.142280164559593,2026-04-27 09:10:13,0,47,Neutral,37.3,14,Medium,Small,Neutral,0,0.2362153419724293,17.308612599953594,8.975327913016814,-0.04304801425926409,-97.2837,0.027160754332313963,0.0002403507707172214,0.8788894482349829,0,8.33328468693678,0
xtusd,xtusd,XT Stablecoin XTUSD,0.999832,32794988,636,2513630.0,1.001,0.999619,-0.0001245779447696,-0.01246,0.0061514890816381,0.0359579527843484,32800030.0,32800030.0,42.29,-97.63579,0.933136,2026-04-27 09:09:42.599000+00:00,0.0013809999999998,0.1381526361543602,2026-04-27 09:10:13,0,47,Neutral,37.3,14,Low,Small,Neutral,0,0.6930631770317478,17.305786287292932,14.737238879316418,0.016590771670609038,-97.63579,0.02364227949869946,0.07664677297640725,1.0,0,2.5685474079765136,1
america-party-5,america,America Party,7.7859e-08,32754579,638,367.02,8.0582e-08,7.776e-08,-5.40058078e-10,-0.68886,0.5919688532697874,18.070507045126515,420690000000000.0,420690000000000.0,1.53e-06,-94.90349,3.3091e-08,2026-04-27 07:10:27.128000+00:00,2.821999999999997e-09,3.629115226337445,2026-04-27 09:10:13,0,47,Neutral,37.3,14,Medium,Small,Bullish,0,7.78589969689882e-08,17.304553357596053,5.9081372845182285,10.566760227075909,-94.90349,0.050888235294117644,1.1205150888979522e-05,1.0,0,11.396416073077823,1
metamask-usd,musd,MetaMask USD,0.999771,32754514,637,10197087.0,0.999975,0.999627,2.637e-05,0.00264,-0.0246107112324183,-0.0072524882683314,32761853.505169,32761853.505169,1.066,-6.23808,0.979806,2026-04-27 09:09:53.487000+00:00,0.0003479999999999,0.0348129852434862,2026-04-27 09:10:13,0,47,Neutral,37.3,14,Low,Small,Bearish,0,0.6930326740043199,17.304551373138782,16.137612747298338,-0.0032954929609988397,-6.23808,0.9378714821763602,0.3113185254404935,1.0,0,1.1669386258404444,0
ethereum-pow-iou,ethw,EthereumPoW,0.302674,32617197,639,10102132.0,0.332803,0.300185,0.00143301,0.4757,7.965980819135239,17.32920541394933,107818717.0,107818717.0,58.54,-99.48547,0.239828,2026-04-27 09:09:42.723000+00:00,0.032618,10.865965987640967,2026-04-27 09:10:13,0,47,Neutral,37.3,14,Extreme,Small,Bullish,0,0.264419074974575,17.30035025324573,16.128257147633228,10.587803248369598,-99.48547,0.005170379227878373,0.30971796871447904,1.0,0,1.1720931056125004,1
sai,sai,Sai,12.23,32543816,640,11.12,,,,,1.4703306897040416,16.74400191997324,2661529.231369567,2661529.231369567,25.84,-52.6807,0.92687,2026-04-26 08:17:04.157000+00:00,,,2026-04-27 09:10:13,0,47,Neutral,37.3,14,Unknown,Small,Bullish,0,2.5824869781268642,17.29809795465827,2.4948569806411682,10.046401151983943,-52.6807,0.47329721362229105,3.416931806644924e-07,1.0,0,14.803240974017102,1
janction,jct,Janction,0.00282138,32398501,641,4820479.0,0.00295206,0.00269694,0.00011158,4.11771,-6.099228157585902,7.472284885640665,11493687500.0,50000000000.0,0.01057934,-73.43802,0.00105948,2026-04-27 09:09:45.999000+00:00,0.0002551199999999,9.459609779972848,2026-04-27 09:10:13,0,47,Neutral,37.3,14,High,Small,Neutral,0,0.002817407377878018,17.293622745125806,15.38838406613076,6.130454931384399,-73.43802,0.26668771397837676,0.14878709974884333,0.22987375,0,1.9052386789950457,0
iexec-rlc,rlc,iExec RLC,0.447518,32346638,642,2958893.0,0.464253,0.444616,-0.0120049516203675,-2.61248,-2.798500963792056,10.60041195470819,72382548.06525737,86999784.9868455,15.51,-97.12653,0.153815,2026-04-27 09:09:45.130000+00:00,0.019637,4.416620184608744,2026-04-27 09:10:13,0,47,Neutral,37.3,14,Medium,Small,Bullish,0,0.369850365620857,17.292020678614197,14.900326107827544,5.315255172824914,-97.12653,0.0288535138620245,0.09147451429109882,0.8319853672765022,0,2.391694570786653,0
spell-token,spell,Spell,0.00018619,32292517,655,26147006.0,0.00019831,0.00016475,1.981e-05,7.652019999999999,13.01631393752663,14.101264491658384,171510541047.0,196008739620.0,0.03506357,-99.47723,0.00015355,2026-04-27 09:09:42.170000+00:00,3.356e-05,20.370257966616084,2026-04-27 09:10:13,0,47,Neutral,37.3,14,Extreme,Small,Bullish,0,0.00018617266879318155,17.290346120493123,17.0792452868578,11.52156669499503,-99.47723,0.005310069682008991,0.8096924126416036,0.8750147640329998,0,0.21110083363532084,1
ai-companions,aic,AI Companions,0.03234104,32274765,643,2838208.0,0.03313574,0.02992012,0.00202628,6.68412,-7.28914914552888,-23.69560922974705,1000000000.0,1000000000.0,0.580508,-94.43707,0.0242673,2026-04-27 09:09:44.034000+00:00,0.0032156199999999,10.747349943783632,2026-04-27 09:10:13,0,47,Neutral,37.3,14,Extreme,Small,Strong Bear,0,0.03182907758408027,17.28979624447705,14.858683777401435,-11.543717537848229,-94.43707,0.05571161810000896,0.08793892070166894,1.0,0,2.4311124670756143,0
renzo,rez,Renzo,0.0039211,32249705,644,5806081.0,0.00408702,0.00389858,-9.3982404771283e-05,-2.34073,3.1415374272148764,18.12312457711874,8218744724.213171,9814629224.12962,0.278213,-98.59005,0.00265163,2026-04-27 09:09:43.810000+00:00,0.00018844,4.833554781484546,2026-04-27 09:10:13,0,47,Neutral,37.3,14,Medium,Small,Bullish,0,0.00391343252415238,17.289019484885433,15.574416546787681,9.937582746271245,-98.59005,0.014093877712400213,0.1800351662131483,0.837397372486277,0,1.7146029380977517,1
ridges-ai,sn62,Ridges AI,7.11,32170646,647,681944.0,7.41,6.97,0.120205,1.72014,6.498916662303558,-27.182318812283352,4516793.960982988,4516793.960982988,39.3,-81.9327,1.42,2026-04-27 09:09:56.093000+00:00,0.4400000000000004,6.312769010043047,2026-04-27 09:10:13,0,47,Neutral,37.3,14,High,Small,Strong Bear,0,2.0930978681273213,17.28656501091847,13.432704288412314,-15.621335287370012,-81.9327,0.18091603053435118,0.021197709240902404,1.0,0,3.8538607225061554,1
ustbl-tokenized-u-s-treasury-bill,ustbl,USTBL,1.051,32169709,645,2066.54,1.052,1.051,-0.0007446860452584,-0.0708,0.0556968491196782,0.3001351769672733,30606127.5,30606127.5,1.054,-0.29887,0.04220509,2026-04-27 09:09:45.920000+00:00,0.0010000000000001,0.0951474785918279,2026-04-27 09:10:13,0,47,Neutral,37.3,14,Low,Small,Neutral,0,0.7183274790902435,17.286535884564692,7.63411477374818,0.15176110618036398,-0.29887,0.9971537001897532,6.423869112400115e-05,1.0,0,9.652421110816512,1
sign-global,sign,Sign,0.01664026,32143565,646,9100611.0,0.01770321,0.01663097,-0.0008232208222847,-4.71396,-7.888951289868475,-47.93058704158902,1930000000.0,10000000000.0,0.13111,-87.29662,0.01663097,2026-04-27 09:09:45.037000+00:00,0.00107224,6.447248717302732,2026-04-27 09:10:13,0,47,Neutral,37.3,14,High,Small,Strong Bear,0,0.016503327843394543,17.285722864203542,16.023852221972966,-30.643936224953414,-87.29662,0.1269183128670582,0.2831238849828885,0.193,0,1.2618706422305763,0
memetern,mxt,Memetern,0.03199654,31996540,648,403.62,0.03265144,0.03170219,5.995e-05,0.18773,27.030497865858788,86.78937492379286,1000000000.0,1000000000.0,0.03572423,-10.43462,0.00430847,2026-04-27 01:23:05.498000+00:00,0.0009492499999999,2.9942726354236058,2026-04-27 09:10:13,0,47,Neutral,37.3,14,Medium,Small,Bullish,0,0.03149531434057234,17.28113836117145,6.002948355049268,52.14871695427571,-10.43462,0.8956537341742564,1.2614488941616812e-05,1.0,0,11.278190006122182,1
liquity,lqty,Liquity,0.322441,31833478,649,9813930.0,0.334514,0.304698,0.01739574,5.70268,14.368111955090274,19.673232833137646,98677866.61861612,100000000.0,146.94,-99.78185,0.26056,2026-04-27 09:09:42.234000+00:00,0.0298159999999999,9.78542688169924,2026-04-27 09:10:13,0,47,Neutral,37.3,14,High,Small,Bullish,0,0.27947927127878075,17.27602909268861,16.099313464834903,14.085011699882587,-99.78185,0.002194371852456785,0.3082895937415321,0.9867786661861612,0,1.1767156278537065,1
bankercoin-2,bnkr,BankrCoin,0.0003175,31738509,650,3162993.0,0.00032775,0.0003165,-8.298997145648e-06,-2.54728,-4.496088516593417,-12.46889629523264,99999999999.99998,99999999999.99998,0.00120094,-73.56648,7.81e-06,2026-04-27 09:09:44.533000+00:00,1.125000000000003e-05,3.5545023696682563,2026-04-27 09:10:13,0,47,Neutral,37.3,14,Medium,Small,Bearish,0,0.00031744960754112166,17.27304132804129,14.967029605352696,-8.500249777139583,-73.56648,0.26437623861308646,0.0996578950825951,1.0,0,2.306011722688595,0
dovu-2,dovu,DOVU,0.00317061,31706010,651,187576.0,0.00330773,0.00297305,8.627e-05,2.79705,27.769447841898,-2.522062520756416,10000000000.0,10000000000.0,0.0092969,-65.89586,0.00020891,2026-04-27 09:09:45.152000+00:00,0.0003346799999999,11.2571265199038,2026-04-27 09:10:13,0,47,Neutral,37.3,14,Extreme,Small,Bearish,0,0.0031655942153820046,17.27201684232274,12.141944706758792,-0.3944175124538494,-65.89586,0.341039486280373,0.0059161023414803695,1.0,0,5.130072135563946,1
arcblock,abt,Arcblock,0.32119,31636521,652,275947.0,0.347385,0.316622,-0.0087375991061606,-2.64834,8.101765966618055,59.39790683552479,98580000.0,186000000.0,4.69,-93.17851,0.04949826,2026-04-27 09:09:54.248000+00:00,0.0307629999999999,9.716002046604464,2026-04-27 09:10:13,0,47,Neutral,37.3,14,High,Small,Bullish,0,0.2785328456290747,17.269822770674974,12.527967721151583,34.579408101314876,-93.17851,0.06848400852878464,0.008722419257161683,0.53,0,4.741855049523391,1
hive_dollar,hbd,Hive Dollar,0.950152,31590862,653,13.3,0.972389,0.94196,-0.0021868280287845,-0.22963,-0.5675823946000916,-1.161389295256388,33247429.334,33247429.334,3.97,-76.10663,0.424305,2026-04-27 09:09:41.758000+00:00,0.0304289999999999,3.2303919487026973,2026-04-27 09:10:13,0,47,Neutral,37.3,14,Medium,Small,Bearish,0,0.6679073182557607,17.26837849117688,2.6602595372658615,-0.7886855771538328,-76.10663,0.2393329974811083,4.210078218188538e-07,1.0,0,14.608118953911017,0
blockv,vee,BLOCKv,0.01334905,31515878,654,2696.47,0.01366637,0.01322235,-0.000202149944432,-1.49175,-9.78122085882171,71.96408018718235,2360944738.758895,2360944738.758895,0.356889,-96.25876,1.06e-05,2026-04-27 09:09:41.707000+00:00,0.0004440199999999,3.358102001535278,2026-04-27 09:10:13,0,47,Neutral,37.3,14,Medium,Small,Bullish,0,0.013260736498164925,17.266002072020633,7.9000695756617345,42.581748112309405,-96.25876,0.037403926711106254,8.55590950060157e-05,1.0,0,9.365932496358898,0
monerium-eur-money-2,eure,Monerium EUR emoney,1.17,31416560,656,37651.0,1.18,1.15,0.00091403,0.07798,-0.2278004928065054,1.8889163621434988,26728131.69319682,26728131.69319682,1.22,-4.08955,1.037,2026-04-27 09:09:44.800000+00:00,0.03,2.608695652173916,2026-04-27 09:10:13,0,47,Neutral,37.3,14,Medium,Small,Neutral,0,0.7747271675523681,17.262845732223404,10.53614135266711,1.164541817286099,-4.08955,0.9590163934426229,0.0011984443872912883,1.0,0,6.726704379556294,0
midas-mhyper,mhyper,Midas mHYPER,1.092,31387263,657,4966.65,1.092,1.092,0.0,0.0,0.1142352609498214,0.4490109141711084,28754353.15452853,28754353.15452853,1.092,0.0,1.024,2026-04-27 08:50:05.109000+00:00,0.0,0.0,2026-04-27 09:10:13,0,47,Neutral,37.3,14,Low,Small,Neutral,0,0.7381205462026765,17.261912763502945,8.510702170245866,0.26940654850266504,0.0,1.0,0.00015823775395771208,1.0,0,8.75121059325708,1
steem,steem,Steem,0.057506,31383198,659,3877180.0,0.058775,0.057033,-0.0009098354921694,-1.5575,-0.8970837327808441,-2.313372001497477,545984715.569,546000470.736,8.19,-99.29969,0.04499196,2026-04-27 09:09:44.254000+00:00,0.001742,3.0543720302281145,2026-04-27 09:10:13,0,47,Neutral,37.3,14,Medium,Small,Bearish,0,0.05591330568106552,17.261783243986553,15.170618901144964,-2.011023200898486,-99.29969,0.0070214896214896225,0.12354317746712748,0.999971144407662,0,2.091164342841589,0
terrausd,ustc,TerraClassicUSD,0.00562768,31366800,658,4989329.0,0.00605705,0.00541629,0.00016731,3.06403,6.98553149979123,26.34283661112167,5578174763.541448,6081054353.33767,1.092,-99.48558,0.00406362,2026-04-27 09:09:53.502000+00:00,0.0006407599999999,11.830238041168398,2026-04-27 09:10:13,0,47,Neutral,37.3,14,Extreme,Small,Bullish,0,0.005611903770282033,17.26126059855633,15.4228121901758,17.031313966673,-99.48558,0.005153553113553114,0.15906401035489753,0.9173038817651399,0,1.838448408380529,1
brevis,brev,Brevis,0.124789,31200498,660,11119294.0,0.137514,0.123132,-0.0126770604865925,-9.22195,0.7663228332643078,10.62816193305735,250000000.0,1000000000.0,0.560057,-77.64079,0.104198,2026-04-27 09:09:46.280000+00:00,0.0143819999999999,11.680148133710158,2026-04-27 09:10:13,0,47,Neutral,37.3,14,Extreme,Small,Bullish,0,0.11759546251008515,17.25594464624156,16.224192445496314,2.6881171598344094,-77.64079,0.22281482063432828,0.35638193980108906,0.25,0,1.0317522007452453,1
nvidia-ondo-tokenized-stock,nvdaon,NVIDIA (Ondo Tokenized Stock),208.57,31132543,661,3554458.0,210.61,207.53,0.708847,0.34101,4.6770558425357205,25.353333407679063,149167.3331097703,149167.3331097703,211.5,-1.20656,163.07,2026-04-27 09:09:55.752000+00:00,3.0800000000000125,1.4841227774297754,2026-04-27 09:10:13,0,47,Neutral,37.3,14,Low,Small,Bullish,0,5.345057812431851,17.253764260890502,15.083713429610793,15.348404044607438,-1.20656,0.9861465721040189,0.11417178481051163,1.0,0,2.1700508312797098,1
dacxi,dxi,Dacxi,0.00048398,31131861,662,270088.0,0.00049711,0.00044104,4.192e-05,7.652019999999999,9.731536934063294,3.047214505274725,10000000000.0,10000000000.0,0.067245,-99.29811,1.494e-05,2026-04-27 09:09:44.046000+00:00,5.607000000000002e-05,12.713132595682936,2026-04-27 09:10:13,0,47,Neutral,37.3,14,Extreme,Small,Neutral,0,0.000483862919454705,17.253742354313573,12.50650681329423,4.8891367031648345,-99.29811,0.007197263737080824,0.008675613706485456,1.0,0,4.747235541019343,1
the-innovation-game,tig,The Innovation Game,1.11,31069143,663,8870776.0,1.48,0.969682,-0.3107474573636797,-9.850639999999999,49.497084387939,262.6760143697144,28066039.78013077,48249891.29472111,4.3,-74.37254,0.116623,2026-04-27 09:09:50.414000+00:00,0.5103179999999999,22.92596993405186,2026-04-27 09:10:13,0,47,Neutral,37.3,14,Extreme,Small,Bullish,0,0.7466879474879752,17.251725730297718,15.99827294909635,153.66535262182862,-74.37254,0.258139534883721,0.28551724133491546,0.5816808914386383,0,1.2534527812013678,1
osaka-protocol,osak,Osaka Protocol,4.0747e-08,31022779,664,63302.0,4.2887e-08,4.0663e-08,-8.4216705e-10,-2.02494,-6.5681641788371685,-0.7479741741518,761459784660251.2,761459784660251.2,4.37636e-07,-90.6782,1.2854e-08,2026-04-27 09:09:43.087000+00:00,2.2240000000000006e-09,5.469345596734134,2026-04-27 09:10:13,0,47,Neutral,37.3,14,High,Small,Bearish,0,4.074699916984102e-08,17.25023233129733,11.055688000374166,-1.2587605044910801,-90.6782,0.09310705700627919,0.0020405006269747787,1.0,0,6.194544330923163,0
across-protocol,acx,Across Protocol,0.04402778,31019634,666,2448634.0,0.04495204,0.04355132,0.00022292,0.5089,1.2310005134317925,3.655976961238325,704657633.0,1000000000.0,1.69,-97.39892,0.03124001,2026-04-27 09:09:59.587000+00:00,0.00140072,3.216251539562983,2026-04-27 09:10:13,0,47,Neutral,37.3,14,Medium,Small,Neutral,0,0.04308609830183092,17.250130949041246,14.711041284402015,2.3971461767429947,-97.39892,0.02605194082840237,0.07893819765894079,0.704657633,0,2.5390896646392314,1
wax,waxp,WAX,0.00675143,31006067,665,1228988.0,0.00698306,0.00672122,-0.0002074421219865,-2.98097,1.677344470877469,5.409416997220233,4593469811.15315,4593469811.15315,2.77,-99.7565,0.00588044,2026-04-27 09:09:41.879000+00:00,0.00026184,3.895721312499816,2026-04-27 09:10:13,0,47,Neutral,37.3,14,Medium,Small,Neutral,0,0.006728741160635243,17.24969348522995,14.021702438141967,2.0532621983321393,-99.7565,0.0024373393501805054,0.039637016845767634,1.0,0,3.2279910470879845,1
blast,blast,Blast,0.00051367,30969317,667,2545638.0,0.00053367,0.00051187,-9.09002745328e-06,-1.73885,1.4745248778338549,13.1478075058477,60290282016.48909,100000000000.0,0.02917956,-98.23851,0.00042508,2026-04-27 09:09:58.350000+00:00,2.1799999999999988e-05,4.25889385976908,2026-04-27 09:10:13,0,47,Neutral,37.3,14,Medium,Small,Bullish,0,0.0005135381167266047,17.248507530395965,14.749892257001413,7.193144503508619,-98.23851,0.017603760988856583,0.08219871300358352,0.6029028201648909,0,2.4986152733945524,1
tradable-latam-bnpl-sstn,pc0000027,Tradable LatAm BNPL SSTN,1.0,30950000,668,0.0,1.0,1.0,0.0,0.0,0.0,0.0,30950000.0,30950000.0,1.0,0.0,1.0,2026-04-27 09:05:09.471000+00:00,0.0,0.0,2026-04-27 09:10:13,0,47,Neutral,37.3,14,Low,Small,Bearish,0,0.6931471805599453,17.247883589405056,0.0,0.0,0.0,1.0,0.0,1.0,0,17.247883589405056,0
yield-guild-games,ygg,Yield Guild Games,0.04158115,30897565,670,8387004.0,0.04368789,0.04132989,-0.0014824624666968,-3.44249,6.462539618108226,18.631436504014285,743049710.2740934,1000000000.0,11.17,-99.62859,0.03347217,2026-04-27 09:09:42.410000+00:00,0.0023579999999999,5.705313999142023,2026-04-27 09:10:13,0,47,Neutral,37.3,14,High,Small,Bullish,0,0.04073989515019407,17.246187968538898,15.942194042127095,9.80186590240857,-99.62859,0.0037225738585496865,0.2714454682755745,0.7430497102740934,0,1.3039939264118026,1
tornado-cash,torn,Tornado Cash,8.1,30865893,669,1908785.0,8.18,8.04,0.00607304,0.07503,-0.1107209432321376,4.01393308499169,3810550.883649667,9999997.246815,436.16,-98.14152,1.29,2026-04-27 09:09:53.898000+00:00,0.1400000000000005,1.741293532338316,2026-04-27 09:10:13,0,47,Neutral,37.3,14,Low,Small,Neutral,0,2.2082744135228043,17.245162378237573,14.461977995847928,2.438371850995014,-98.14152,0.01857116654438738,0.06184123686296716,0.38105519327651094,0,2.7831843823896456,0
prize-protocol,prize,Prize Protocol,0.00077925,30851945,671,310.32,0.00080266,0.00077573,-4.605256255359e-06,-0.58751,,,39591666666.66666,99999997937.94156,0.00080266,-2.96804,0.0007691,2026-04-27 09:09:52.659000+00:00,2.6929999999999988e-05,3.471568715919197,2026-04-27 09:10:13,0,47,Neutral,37.3,14,Medium,Small,Unknown,0,0.0007789465423547637,17.24471038574278,5.740821322091187,-0.235004,-2.96804,0.9708344753693968,1.0058360988261841e-05,0.39591667483069976,0,11.503889063651595,0
lagrange,la,Lagrange,0.159782,30846366,672,6327133.0,0.169154,0.159172,-0.009278037473623,-5.48801,3.057165615044119,-9.209085209328263,193000000.0,1000000000.0,1.72,-90.72189,0.150548,2026-04-27 09:10:00.877000+00:00,0.0099819999999999,6.271203477998637,2026-04-27 09:10:13,0,47,Neutral,37.3,14,High,Small,Bearish,0,0.1482320564225409,17.24452953800987,15.660357926978559,-7.7206551255969575,-90.72189,0.09289651162790698,0.20511761417860372,0.193,0,1.5841716110313122,1
just-a-frog,frog,just a frog,0.03058609,30585012,673,0.0,0.03058609,0.03058609,0.0,0.0,0.0,0.0,999964687.405493,999964687.405493,0.169194,-81.92246,0.03009011,2026-04-27 09:09:46.137000+00:00,0.0,0.0,2026-04-27 09:10:13,0,47,Neutral,37.3,14,Low,Small,Bearish,0,0.030127659828858157,17.236020675703667,0.0,0.0,-81.92246,0.18077526389824697,0.0,1.0,0,17.236020675703667,0
islamic-coin,islm,Islamic Coin,0.01184466,30535941,674,24051.0,0.01206907,0.01175621,-4.6259511638103e-05,-0.38903,-2.966326161130688,-7.246902194439872,2578034774.437233,20240975547.76166,0.303274,-96.09438,0.0059478,2026-04-27 09:09:43.142000+00:00,0.0003128599999999,2.661231808550544,2026-04-27 09:10:13,0,47,Neutral,37.3,14,Medium,Small,Bearish,0,0.01177506105953105,17.234414974007965,10.08797343215946,-4.503753316663922,-96.09438,0.039055969189577745,0.0007876292399176432,0.12736712063872455,0,7.146441541848505,0
alphabet-class-a-ondo-tokenized-stock,googlon,Alphabet Class A (Ondo Tokenized Stock),345.42,30433316,676,1189862.0,345.93,342.99,2.25,0.65672,1.9345915708001908,26.174027554747678,88171.25935604898,88171.25935604898,349.7,-1.19438,206.54,2026-04-27 09:09:55.498000+00:00,2.9399999999999977,0.857167847459109,2026-04-27 09:10:13,0,47,Neutral,37.3,14,Low,Small,Bullish,0,5.847651911742134,17.23104852020472,13.989348732409779,15.967104532848607,-1.19438,0.9877609379468116,0.03909734975971728,1.0,0,3.241699787794941,1
uchain-2,ucn,UCHAIN,304.27,30426771,677,2485317.0,309.63,303.95,-2.334269461484382,-0.76133,-8.149213628024382,-24.69282452483495,100000.0,100000.0,1806.54,-83.15819,23.78,2026-04-27 09:09:45.611000+00:00,5.680000000000007,1.868728409277844,2026-04-27 09:10:13,0,47,Neutral,37.3,14,Low,Small,Strong Bear,0,5.721196630909988,17.23083343671954,14.725911177132526,-15.12022671490097,-83.15819,0.1684269376819777,0.08168191754557196,1.0,0,2.5049222595870138,0
chex-token,chex,Chintai,0.02427376,30358908,675,403340.0,0.02538457,0.02152037,0.00257627,7.652019999999999,54.6625624274146,51.58955908511674,1248921836.802132,1248921836.802132,0.804342,-96.96548,0.0005008,2026-04-27 09:09:41.437000+00:00,0.0038641999999999,17.95601097936512,2026-04-27 09:10:13,0,47,Neutral,37.3,14,Extreme,Small,Bullish,0,0.023983834637343687,17.22860057440464,12.907537636988621,34.01454345107004,-96.96548,0.03017840669764851,0.013285721607641488,1.0,0,4.32106293741602,1
singularry,singularry,Singularry,0.03031463,30219804,678,23542.0,0.03067548,0.02987977,-0.0001511092135728,-0.496,-9.519110905405254,-20.44025985604488,1000000000.0,1000000000.0,0.050998,-40.75377,0.00055719,2026-04-27 09:09:56.852000+00:00,0.00079571,2.6630392402618948,2026-04-27 09:10:13,0,47,Neutral,37.3,14,Medium,Small,Strong Bear,0,0.02986422161571615,17.224008062107703,10.06658381534495,-12.462555913626927,-40.75377,0.5944278206988509,0.0007790255687958797,1.0,0,7.157424246762753,0
apex-4,ap3x,APEX,0.01936273,30186743,679,4581.11,0.01979481,0.01929061,-0.0001262054140884,-0.64757,-0.105041815558347,18.79745991511156,1559532686.0,3000000000.0,0.251385,-92.2999,0.01514933,2026-04-27 09:09:44.733000+00:00,0.0005041999999999,2.613706876039689,2026-04-27 09:10:13,0,47,Neutral,37.3,14,Medium,Small,Bullish,0,0.019177657533451475,17.222913445585213,8.429914869709128,11.019447949066935,-92.2999,0.07702420589931777,0.0001517590022878586,0.5198442286666667,0,8.792998575876085,0
tokenised-gbp,tgbp,Tokenised GBP,1.35,30116294,680,25137.0,1.35,1.35,0.00051069,0.03789,0.6658418222248195,1.7208901233890437,22333246.07,22333246.07,1.38,-2.46573,1.3,2026-04-27 09:09:46.026000+00:00,0.0,0.0,2026-04-27 09:10:13,0,47,Neutral,37.3,14,Low,Small,Neutral,0,0.8544153281560676,17.22057694536174,10.132135924484782,1.047690074033426,-2.46573,0.9782608695652175,0.0008346644510775462,1.0,0,7.088441020876957,1
lcx,lcx,LCX,0.03193165,30113492,682,183769.0,0.03483268,0.03094906,0.00077553,2.48918,-3.691948757708868,-20.37151832147228,940989527.0,933070304.0783802,0.563966,-94.34005,7.085e-05,2026-04-27 09:09:53.265000+00:00,0.0038836199999999,12.54842634962095,2026-04-27 09:10:13,0,47,Neutral,37.3,14,Extreme,Small,Strong Bear,0,0.03143243424587158,17.220483901700288,12.12144025468947,-11.227238992883366,-94.34005,0.05661981396041606,0.006102546991229048,1.0,0,5.099043647010818,0
deapcoin,dep,DEAPCOIN,0.00109239,30066541,681,138453.0,0.00111296,0.0010831,-1.958885099265e-05,-1.76161,-1.622886742655124,-4.482351167375993,27526332268.328957,29892900001.328957,0.07894,-98.61644,0.00068582,2026-04-27 09:09:55.359000+00:00,2.9860000000000043e-05,2.7569014864740136,2026-04-27 09:10:13,0,47,Neutral,37.3,14,Medium,Small,Bearish,0,0.0010917937762103833,17.218923550014683,11.838293419478259,-3.3940547004255954,-98.61644,0.013838231568279706,0.004604886208892469,0.9208317783522245,0,5.380630130536424,0
victoria-vr,vr,Victoria VR,0.00178711,30023364,683,1004625.0,0.00178896,0.00177197,8.5e-06,0.47765,8.852086305903072,10.094867184138078,16800000000.0,16800000000.0,0.615957,-99.70984,0.00136785,2026-04-27 09:09:42.345000+00:00,1.698999999999993e-05,0.9588198445797576,2026-04-27 09:10:13,0,47,Neutral,37.3,14,Low,Small,Bullish,0,0.001785515018912321,17.217486469826465,13.820125890910816,6.247980310482847,-99.70984,0.0029013551270624413,0.0334614402303486,1.0,0,3.3973605789156487,1
microstrategy-xstock,mstrx,MicroStrategy xStock,172.64,29938443,684,1209752.0,177.12,171.15,0.461397,0.26798,7.968032529153134,36.25183725337089,173416.258606872,916168.89514584,462.34,-62.71204,100.65,2026-04-27 09:09:45.011000+00:00,5.969999999999999,3.488168273444346,2026-04-27 09:10:13,0,47,Neutral,37.3,14,Medium,Small,Bullish,0,5.156984190431393,17.214653964997357,14.005926764503698,21.858294352022533,-62.71204,0.3734048535709651,0.040407979800419144,0.1892841587677639,0,3.2087272004936587,1
constellation-labs,dag,Constellation,0.00774495,29827997,685,613547.0,0.00781321,0.00773799,-6.4261527722671e-05,-0.82289,-5.893356083700413,-19.29130383660647,3851987057.421182,3851987057.421182,0.451761,-98.28679,0.00110189,2026-04-27 09:10:00.106000+00:00,7.521999999999911e-05,0.9720870665379396,2026-04-27 09:10:13,0,47,Neutral,37.3,14,Low,Small,Strong Bear,0,0.007715111839099185,17.210958040594726,13.327013779681346,-11.903938301963882,-98.28679,0.01714391016488807,0.0205695005266361,1.0,0,3.8839442609133794,0
sats-ordinals,sats,SATS (Ordinals),1.4189e-08,29813962,686,2692175.0,1.4921e-08,1.3973e-08,-4.47112948e-10,-3.0549,-1.4039625489823353,36.24205350708687,2100000000000000.0,2100000000000000.0,9.22983e-07,-98.46275,3.189e-09,2026-04-27 09:09:43.174000+00:00,9.47999999999998e-10,6.784512989336563,2026-04-27 09:10:13,0,47,Neutral,37.3,14,High,Small,Bullish,0,1.4188999899336142e-08,17.21048739878404,14.805860346510094,20.523272104252122,-98.46275,0.015372980867469932,0.09029913568683022,1.0,0,2.404627052273945,0
cartesi,ctsi,Cartesi,0.03267593,29797295,687,7953962.0,0.03503426,0.03264936,-0.0012699569804453,-3.74112,-3.114706953930088,44.55052238028823,911571431.7900136,1000000000.0,1.74,-98.12683,0.02134334,2026-04-27 09:09:41.542000+00:00,0.0023848999999999,7.304584224621847,2026-04-27 09:10:13,0,47,Neutral,37.3,14,High,Small,Bullish,0,0.03215342358975583,17.209928209103634,15.889180852991405,25.233865428172937,-98.12683,0.01877927011494253,0.26693570674787764,0.9115714317900135,0,1.3207473561122285,0
pumpcade,pumpcade,PUMPCADE,0.02980641,29739612,688,1289033.0,0.03077977,0.02503991,0.00369793,7.652019999999999,55.18028514175612,271.3452411416412,998991030.577181,998991030.577181,0.04729849,-37.02729,0.00158788,2026-04-27 09:09:46.036000+00:00,0.00573986,22.922845968695587,2026-04-27 09:10:13,0,47,Neutral,37.3,14,Extreme,Small,Bullish,0,0.02937083312014527,17.20799048613421,14.069403658609918,165.86795268498474,-37.02729,0.6301767773136098,0.04334397503235752,1.0,0,3.1385868275242927,1
lisk,lsk,Lisk,0.127358,29723458,691,1535718.0,0.130451,0.125662,-0.0026986477780436,-2.07498,-0.9629428746770518,4.0287499718756425,233074313.953373,400000000.0,34.92,-99.63809,0.101672,2026-04-27 09:09:43.893000+00:00,0.004789,3.811016854737324,2026-04-27 09:10:13,0,47,Neutral,37.3,14,Medium,Small,Neutral,0,0.11987684211296003,17.207447157313347,14.244509233245363,1.5872579831253855,-99.63809,0.003647136311569301,0.051666868639577535,0.5826857848834325,0,2.962937924067983,0
manta-network,manta,Manta Network,0.063683,29679780,689,4028071.0,0.065611,0.063292,-0.0017052289492463,-2.60784,0.3321397223991588,3.1025391722246978,465934303.670733,1000000000.0,4.05,-98.4319,0.057861,2026-04-27 09:09:43.523000+00:00,0.002319,3.6639701700056895,2026-04-27 09:10:13,0,47,Neutral,37.3,14,Medium,Small,Neutral,0,0.06173741419797154,17.205976597530032,15.208798407536705,0.8183875033348185,-98.4319,0.0157241975308642,0.13571768389118788,0.46593430367073296,0,1.9971781899933276,1
ozapay,oza,Ozapay,0.03905073,29657790,690,3769.63,0.0421566,0.0386802,-0.0006804630426051,-1.71267,0.9100477430152684,6.761472686700983,759590013.81,996888289.11,0.04832055,-19.21837,0.0153966,2026-04-27 09:09:48.810000+00:00,0.0034764,8.987544014767257,2026-04-27 09:10:13,0,47,Neutral,37.3,14,High,Small,Neutral,0,0.03830753671918278,17.205235414489827,8.23499737523426,3.3718156120205895,-19.21837,0.8081598822861081,0.00012710421106899738,0.7619610162018707,0,8.970238039255568,1
monerium-eur-money,eure,Monerium EUR emoney [OLD],1.17,29435687,692,590763.0,1.17,1.17,0.00111511,0.09518,-0.3164658038320481,1.7786437426796518,25100366.19569466,25100366.19569466,1.21,-3.14776,0.951958,2026-04-27 09:09:42.449000+00:00,0.0,0.0,2026-04-27 09:10:13,0,47,Neutral,37.3,14,Low,Small,Neutral,0,0.7747271675523681,17.19771837370625,13.289171893456453,1.105258245607791,-3.14776,0.9669421487603306,0.020069618215467502,1.0,0,3.908546480249795,0
onfa,oft,ONFA,0.274287,29427580,693,55445.0,0.297928,0.263539,-0.0168457459467035,-5.78628,-5.580049371796682,-7.058107227270392,107287555.7451893,275545245.7451893,2.48,-88.95204,0.069944,2026-04-27 09:09:43.685000+00:00,0.034389,13.048922550362564,2026-04-27 09:10:13,0,47,Neutral,37.3,14,Extreme,Small,Bearish,0,0.24238680650470557,17.197442921792383,10.923164853116095,-6.549376336362235,-88.95204,0.11059959677419355,0.0018841168726752252,0.38936456862116775,0,6.2742780686762885,0
tcy,tcy,THORChain Yield,0.140236,29407417,694,669.91,0.145446,0.136782,0.00209189,1.51428,28.69190984253924,6.476092745932828,210000000.0,210000000.0,0.342106,-59.06671,0.061442,2026-04-27 09:09:44.866000+00:00,0.008664,6.334166776330223,2026-04-27 09:10:13,0,47,Neutral,37.3,14,High,Small,Neutral,0,0.13123525852508888,17.196757513408528,6.50863499980878,4.491367647559697,-59.06671,0.40991973248057617,2.2780307430605006e-05,1.0,0,10.688122513599748,1
stronghold-token,shx,Stronghold,0.005072,29385849,695,547392.0,0.00515181,0.00505434,-4.4496806246837e-05,-0.86967,-5.844329069201439,14.85914662244362,5793905044.0,99756866344.0,0.055673,-90.9002,1.30103e-07,2026-04-27 09:09:48.123000+00:00,9.746999999999967e-05,1.9284416956516517,2026-04-27 09:10:13,0,47,Neutral,37.3,14,Low,Small,Bullish,0,0.0050591807359332995,17.196023823933483,13.212922287783167,8.56761997346617,-90.9002,0.09110340739676324,0.018627741536410943,0.058080263107106726,0,3.9831015361503166,0
ishares-silver-trust-ondo-tokenized-stock,slvon,iShares Silver Trust (Ondo Tokenized Stock),68.47,29289530,696,2346379.0,69.16,67.97,-0.0501043234791893,-0.07312,-4.633692291238713,8.462411405426101,427749.0847747706,427749.0847747706,109.63,-37.50631,36.16,2026-04-27 09:09:55.335000+00:00,1.1899999999999975,1.7507723995880502,2026-04-27 09:10:13,0,47,Neutral,37.3,14,Low,Small,Neutral,0,4.2408950047047895,17.192740706384832,14.668384272913176,5.04819884325566,-37.50631,0.624555322448235,0.08010982081310283,1.0,0,2.524356433471656,0
dkargo,dka,dKargo,0.00585475,29256265,697,1815271.0,0.00602072,0.0057931,1.649e-05,0.28245,-4.999666282087104,14.311819049840846,5000000000.0,5000000000.0,0.703797,-99.17638,0.00423803,2026-04-27 09:09:46.005000+00:00,0.00022762,3.929157100688758,2026-04-27 09:10:13,0,47,Neutral,37.3,14,Medium,Small,Bullish,0,0.005837677555404831,17.191604330922058,14.411745876711814,8.700071429904508,-99.17638,0.008318804996327065,0.062047257228494475,1.0,0,2.7798584542102436,0
nkyc-token,nkyc,NKYC Token,7.31,29234595,698,178503.0,7.46,7.31,-0.0780291501085113,-1.05635,-4.482494856602678,-2.5130058437374654,4000000.0,4000000.0,35.51,-79.42279,4.28,2026-04-27 09:09:42.820000+00:00,0.1500000000000003,2.051983584131332,2026-04-27 09:10:13,0,47,Neutral,37.3,14,Medium,Small,Bearish,0,2.1174596088673567,17.190863360443917,12.09236628891434,-1.9303435062424792,-79.42279,0.20585750492818924,0.006105882431413878,1.0,0,5.098497071529577,0
lista,lista,Lista DAO,0.084024,29195780,699,3980245.0,0.088238,0.083553,-0.0022468375985918,-2.6044,-5.104417609697782,-0.0530132690653279,346806122.2567744,795588564.255041,0.842842,-90.01524,0.07211,2026-04-27 09:09:44.656000+00:00,0.0046849999999999,5.607219369741355,2026-04-27 09:10:13,0,47,Neutral,37.3,14,High,Small,Bearish,0,0.0806800429937656,17.18953477049799,15.196854184395747,-1.0735679614391969,-90.01524,0.09969128258914482,0.13632946268262058,0.4359113967173605,0,1.9926805861022423,0
amiko,amiko,Amiko,0.03642831,29056697,702,395551.0,0.03894744,0.03628431,-0.0010583331590616,-2.82323,0.1937216507988097,-22.17011047668852,795544756.672838,999999150.006168,0.076694,-52.41745,0.00095301,2026-04-27 09:09:44.916000+00:00,0.0026631299999999,7.3396186946920015,2026-04-27 09:10:13,0,47,Neutral,37.3,14,High,Small,Strong Bear,0,0.03578048504097145,17.184759582671713,12.88803753668755,-14.431358286013111,-52.41745,0.47498252796828955,0.013613075154412768,0.795545432881549,0,4.296722045984163,1
pippin,pippin,pippin,0.02904243,29039609,701,12156503.0,0.03114214,0.02742728,0.00154972,5.63684,22.95508548057226,-46.09613296963745,999936085.263279,999936085.263279,0.897199,-96.76388,0.0055459,2026-04-27 09:10:00.110000+00:00,0.00371486,13.544398132078722,2026-04-27 09:10:13,0,47,Neutral,37.3,14,Extreme,Small,Strong Bear,0,0.028628690209774876,17.184171318078622,16.313374893166248,-25.40294378178247,-96.76388,0.03237010964122787,0.41861799861010524,1.0,0,0.8707964249123741,1
stratis,strax,Xertra,0.01339734,28890399,703,677393.0,0.01360358,0.01310054,-9.758139698085e-05,-0.7231,1.4092355598025856,2.282303251079889,2158799774.702052,2158799774.702052,22.77,-99.9415,0.0114071,2026-04-27 09:09:44.505000+00:00,0.0005030399999999,3.839841716448327,2026-04-27 09:10:13,0,47,Neutral,37.3,14,Medium,Small,Neutral,0,0.01330838922891348,17.179019917967892,13.426008361930656,1.0801419506479335,-99.9415,0.0005883768115942029,0.023446993584269986,1.0,0,3.7530115560372366,1
milk-alliance,mlk,MiL.k,0.05268,28816389,706,3230295.0,0.055654,0.051931,0.00065058,1.25039,2.003357337271067,4.616210675990883,546135159.0,986245419.0,3.59,-98.53409,0.04897849,2026-04-27 09:09:41.632000+00:00,0.003723,7.169128266353439,2026-04-27 09:10:13,0,47,Neutral,37.3,14,High,Small,Neutral,0,0.05133929332958297,17.176454880453985,14.988084331866945,3.26988240559453,-98.53409,0.014674094707520891,0.11209922936562246,0.5537517827497255,0,2.1883705485870397,1
audius,audio,Audius,0.02031903,28762225,705,4850149.0,0.02092972,0.02018738,-0.0006106969429451,-2.91785,-10.517217758851883,15.73967338898655,1415879549.0,1415879549.158947,4.95,-99.59085,0.01633786,2026-04-27 09:09:49.724000+00:00,0.0007423399999999,3.677247864755097,2026-04-27 09:10:13,0,47,Neutral,37.3,14,Medium,Small,Bullish,0,0.020115352902233607,17.174573486987466,15.394520190270462,8.27666403339193,-99.59085,0.004104854545454545,0.168629130743536,0.9999999998877398,0,1.7800532967170035,0
liquity-usd,lusd,Liquity USD,1.002,28757250,704,170556.0,1.004,1.001,0.00012704,0.01268,-0.0818635767830931,-2.479726030742021,28705635.94888023,28705635.94888023,1.16,-13.50589,0.896722,2026-04-27 09:09:41.841000+00:00,0.0030000000000001,0.2997002997003111,2026-04-27 09:10:13,0,47,Neutral,37.3,14,Low,Small,Bearish,1,0.6941466808930289,17.17440050210402,12.046824830686727,-1.4827636184452124,-13.50589,0.863793103448276,0.005930886993714629,1.0,0,5.1275756714172935,0
zelcash,flux,Flux,0.070151,28603234,707,2635598.0,0.073089,0.069023,-0.0028644279777634,-3.92306,14.202663973374117,47.49933627427841,407803338.4991484,407993010.4991484,3.33,-97.89975,0.01640374,2026-04-27 09:09:44.385000+00:00,0.004066,5.890790026512901,2026-04-27 09:10:13,0,47,Neutral,37.3,14,High,Small,Bullish,0,0.06779976001244041,17.169030381281527,14.784621038601484,26.930377764567048,-97.89975,0.021066366366366367,0.09214335693649187,0.9995351096829626,0,2.3844093426800423,1
bedrock-token,br,Bedrock,0.113266,28569140,700,1567668.0,0.117456,0.105482,0.00027304,0.24164,16.008703799907703,-5.69327580442253,251250000.0,1000000000.0,0.257114,-54.96196,0.03920767,2026-04-27 09:09:51.349000+00:00,0.0119739999999999,11.351699816082364,2026-04-27 09:10:13,0,47,Neutral,37.3,14,Extreme,Small,Bearish,0,0.1072980374496522,17.167837707251625,14.265100360669619,-3.319309482653518,-54.96196,0.4405283259565796,0.05487277530930228,0.25125,0,2.902737346582006,1
babyboomtoken,bbt,BabyBoomToken,0.167198,28541642,708,167135.0,0.179302,0.164485,-0.0094413444017359,-5.34499,-16.890542866984966,-41.970207369119045,170880974.0,1000000000.0,0.939659,-82.21387,0.04564213,2026-04-27 09:09:44.064000+00:00,0.0148169999999999,9.008116241602576,2026-04-27 09:10:13,0,47,Neutral,37.3,14,High,Small,Strong Bear,0,0.1546060047225719,17.16687473668113,12.026563131236026,-27.320120421471426,-82.21387,0.17793476144005432,0.005855829878323048,0.170880974,0,5.140311605445104,0
sp500-xstock,spyx,SP500 xStock,715.72,28499643,709,977151.0,719.19,714.01,1.69,0.23722,1.1091573261613896,12.532700646131294,39823.69914101798,200587.5012752038,719.19,-0.47228,614.77,2026-04-27 09:09:52.168000+00:00,5.180000000000064,0.7254800352936323,2026-04-27 09:10:13,0,47,Neutral,37.3,14,Low,Small,Bullish,0,6.574685248289323,17.165402153932792,13.792397497224792,7.614508387678776,-0.47228,0.9951751275740763,0.034286429482642995,0.19853529700427502,0,3.373004656708,1
infinifi-locked-iusd-1week,liusd,infiniFi Locked iUSD (1week),1.16,28431699,710,1378.74,,,,,0.0,0.1763041316687134,24416356.238538843,24416356.238538843,1.22,-4.2266,1.067,2026-04-19 03:44:48.568000+00:00,,,2026-04-27 09:10:13,0,47,Neutral,37.3,14,Unknown,Small,Neutral,0,0.7701082216960736,17.163015277829626,7.229650354603547,0.10578247900122803,-4.2266,0.9508196721311475,4.8493056992478714e-05,1.0,0,9.93336492322608,0
pha,pha,PHALA,0.03400805,28398760,712,7687796.0,0.03503672,0.03335097,-0.0004695976258483,-1.36203,14.847126237866998,-0.927857959567212,835818616.0278056,1000000000.0,1.39,-97.57091,0.02120268,2026-04-27 09:09:51.115000+00:00,0.0016857499999999,5.054575624037321,2026-04-27 09:10:13,0,47,Neutral,37.3,14,High,Small,Bearish,0,0.03344256135573868,17.161856075419195,15.855144824496973,-1.1015267757403273,-97.57091,0.024466223021582734,0.2707088619362254,0.8358186160278056,0,1.3067112509222216,1
uquid-coin,uqc,Uquid Coin,2.83,28306925,711,8584.49,2.84,2.83,-0.0028262433764925,-0.09974,0.0976854306450304,1.6042617450711911,10000000.0,40000000.0,41.38,-93.15917,0.02606502,2026-04-27 09:09:41.716000+00:00,0.0099999999999997,0.3533568904593564,2026-04-27 09:10:13,0,47,Neutral,37.3,14,Low,Small,Neutral,0,1.3428648031925547,17.15861706765308,9.057828847998652,0.9226610470427146,-93.15917,0.06839052682455292,0.00030326466050268616,0.25,0,8.100788219654428,1
certik,ctk,Shentu,0.178894,28212640,713,702883.0,0.186767,0.177684,-0.007872400558218,-4.2151,1.5997576977236156,13.446668971087275,157764712.0,158498783.0,3.94,-95.46134,0.152302,2026-04-27 09:09:41.715000+00:00,0.0090829999999999,5.111884018819916,2026-04-27 09:10:13,0,47,Neutral,37.3,14,High,Small,Bullish,0,0.1645767108127905,17.15528069788011,13.462947150065254,6.381961382652365,-95.46134,0.045404568527918784,0.024913762058424875,0.9953686016630172,0,3.6923335478148545,1
a-hunters-dream,caw,A Hunters Dream,4.4189e-08,28116767,715,490271.0,4.4859e-08,4.0625e-08,3.284e-09,7.652019999999999,33.93051285587134,54.18030963585604,636666666666666.0,666666666666666.0,1.6415e-07,-73.09674,1.876e-08,2026-04-27 09:09:57.690000+00:00,4.233999999999997e-09,10.422153846153838,2026-04-27 09:10:13,0,47,Neutral,37.3,14,Extreme,Small,Bullish,0,4.418899902366617e-08,17.151876682312473,13.10271561811548,35.568993781513626,-73.09674,0.2691989034419738,0.017436962080313145,0.955,0,4.049161064196992,1
everipedia,iq,IQ,0.00109299,28026426,714,1179513.0,0.00112571,0.00108836,-2.3113609735271e-05,-2.07093,0.2737872565451542,5.005707407757235,25604026163.92899,25604026163.92899,0.072382,-98.4868,0.00063047,2026-04-27 09:09:44.195000+00:00,3.735000000000001e-05,3.431768899996326,2026-04-27 09:10:13,0,47,Neutral,37.3,14,Medium,Small,Neutral,0,0.0010923931213119842,17.148658444448657,13.980613047195627,2.175052444654341,-98.4868,0.015100301179851344,0.0420857443614109,1.0,0,3.16804539725303,1
sophon,soph,Sophon,0.00885698,27897293,716,3499505.0,0.00933869,0.00881604,-0.0003950350851131,-4.26972,3.90733010457185,9.667900997116726,3146327684.0,10000000000.0,0.110782,-91.99825,0.00796068,2026-04-27 09:09:55.299000+00:00,0.0005226499999999,5.928398691475985,2026-04-27 09:10:13,0,47,Neutral,37.3,14,High,Small,Neutral,0,0.008817987023510642,17.144040252840522,15.068132373640909,4.092852598270035,-91.99825,0.07994963080644871,0.12544245780406005,0.3146327684,0,2.0759078791996135,1
cetus-protocol,cetus,Cetus Protocol,0.02968285,27715041,717,7538456.0,0.03179297,0.02782229,0.00147743,5.23809,36.86282554374659,11.79719191635022,935144927.0,1000000000.0,0.487663,-93.9547,0.0142984,2026-04-27 09:09:43.165000+00:00,0.0039706799999999,14.27157865150567,2026-04-27 09:10:13,0,47,Neutral,37.3,14,Extreme,Small,Bullish,0,0.02925084220536065,17.137485856259755,15.835528077132311,9.173551149810132,-93.9547,0.060867545825703404,0.2719987316634314,0.935144927,0,1.3019577791274433,1
somnia,somi,Somnia,0.172075,27563410,719,16839957.0,0.192062,0.1714,-0.0181245523449955,-9.52924,3.4872819679206266,12.624556419466323,160200000.0,1000000000.0,1.84,-90.6957,0.14818,2026-04-27 09:09:45.686000+00:00,0.020662,12.054842473745632,2026-04-27 09:10:13,0,47,Neutral,37.3,14,Extreme,Small,Bullish,0,0.1587756822814065,17.131999762779323,16.639265072713588,3.7630378516797935,-90.6957,0.09351902173913043,0.610953325441228,0.1602,0,0.4927346900657348,1
autonomi,ant,Autonomi,0.084023,27534996,718,365210.0,0.084945,0.083807,-0.0006728359592644,-0.79442,-11.790097583993193,5.851460297635957,327752977.4775304,1200000000.0,0.330726,-74.60022,0.00289017,2026-04-27 09:09:44.575000+00:00,0.001138,1.3578817998496546,2026-04-27 09:10:13,0,47,Neutral,37.3,14,Low,Small,Neutral,0,0.08067912050453913,17.13096837172647,12.808230547731265,3.193108178581574,-74.60022,0.2540562278139608,0.01326348476680367,0.27312748123127534,0,4.322737823995206,0
aixbt,aixbt,aixbt,0.0275254,27386127,721,8962610.0,0.02945992,0.02730118,-0.0006657694524255,-2.36162,5.785590280032149,16.079374041123803,994658423.1010208,1000000000.0,0.942578,-97.08807,0.01797721,2026-04-27 09:09:59.701000+00:00,0.0021587399999999,7.907130754055316,2026-04-27 09:10:13,0,47,Neutral,37.3,14,High,Small,Bullish,0,0.027153387277360844,17.125547165784376,16.00857214875056,8.702976424674283,-97.08807,0.029202251696941788,0.3272682552008906,0.9946584231010208,0,1.1169750170338162,1
metronome-synth-usd,msusd,Metronome Synth USD,0.996346,27372761,720,2587397.0,0.997362,0.995585,0.00029855,0.02997,0.0099709540608627,-0.0361173575735249,27472456.95426391,27472456.95426391,3.43,-70.97638,0.427862,2026-04-27 09:09:45.420000+00:00,0.0017769999999999,0.1784880246287275,2026-04-27 09:10:13,0,47,Neutral,37.3,14,Low,Small,Bearish,0,0.691318509559857,17.12505898933429,14.766163295488907,-0.009682414544114936,-70.97638,0.29047988338192415,0.0945245165440198,1.0,0,2.3588956938453816,1
metal,mtl,Metal DAO,0.299034,27058940,722,1461079.0,0.305988,0.296498,-0.0029528835405807,-0.97782,2.1098740599792323,11.679729976305788,90635915.0,90635915.0,17.03,-98.24985,0.117252,2026-04-27 09:09:46.385000+00:00,0.0094899999999999,3.2006961261121485,2026-04-27 09:10:13,0,47,Neutral,37.3,14,Medium,Small,Bullish,0,0.2616209113259145,17.113528044686124,14.194686446249468,6.616709985783473,-98.24985,0.017559248385202585,0.053996165407809764,1.0,0,2.9188415984366554,1
collector-crypt,cards,Collector Crypt,0.104176,27041233,737,4432887.0,0.110764,0.068593,0.0352639,7.652019999999999,103.70009187188828,184.4067930440319,257552230.609334,1999706189.383401,0.381443,-73.10095,0.02121763,2026-04-27 09:09:45.765000+00:00,0.042171,22.92596993405186,2026-04-27 09:10:13,0,47,Neutral,37.3,14,Extreme,Small,Bullish,0,0.09909935543869462,17.112873444192417,15.3045618483505,113.70488382641913,-73.10095,0.2731102681134534,0.163930653605921,0.12879503597913497,0,1.808311595841916,1
mango-network,mgo,Mango Network,0.01707032,27036542,723,351202.0,0.01719854,0.01681075,8.746e-05,0.515,-0.6621135096642152,-15.474846748506652,1590000000.0,10000000000.0,0.03417281,-50.1833,0.01052776,2026-04-27 09:09:53.460000+00:00,0.0003877899999999,2.306797733593082,2026-04-27 09:10:13,0,47,Neutral,37.3,14,Medium,Small,Strong Bear,0,0.01692625921882205,17.112699953332697,12.769119682847846,-9.07890804910399,-50.1833,0.49952930414560587,0.012989900853444942,0.159,0,4.343580270484852,0
tac,tac,TAC,0.0091382,26952251,724,1484453.0,0.00914565,0.008451,0.00065208,7.652019999999999,66.99056363261143,136.98379357688484,2954452782.0,10030078763.0,0.02485071,-63.42392,0.00134381,2026-04-27 09:09:45.426000+00:00,0.0006946499999999,8.219737309194175,2026-04-27 09:10:13,0,47,Neutral,37.3,14,High,Small,Bullish,0,0.009096699286659304,17.109577413980293,14.210557585841585,85.25108414613089,-63.42392,0.36772390004148775,0.05507714364933749,0.2945592803217751,0,2.8990198281387087,1
momentum-3,mmt,Momentum,0.132188,26946571,725,5790799.0,0.140426,0.131018,-0.0082373104373144,-5.86596,3.5030069621524365,23.615649413804867,204095424.0,1000000000.0,4.03,-96.73269,0.103482,2026-04-27 09:09:48.497000+00:00,0.009408,7.18069272924331,2026-04-27 09:10:13,0,47,Neutral,37.3,14,High,Small,Bullish,0,0.1241520437301262,17.10936664871309,15.571781009262025,11.823005648282919,-96.73269,0.032800992555831264,0.2148992908967898,0.204095424,0,1.5375856394510663,1
g-token,g,Gravity (by Galxe),0.0037088,26815140,727,2719591.0,0.00381156,0.00369846,-6.40018595497e-05,-1.6964,0.7669792176949751,5.8475411337594005,7232700000.0,12000000000.0,0.091691,-95.95678,0.0031709,2026-04-27 09:09:43.954000+00:00,0.0001130999999999,3.058029558248559,2026-04-27 09:10:13,0,47,Neutral,37.3,14,Medium,Small,Neutral,0,0.003701939359210637,17.104477248636318,14.815992427021055,2.82996468025564,-95.95678,0.040448899019533,0.10141998139856813,0.602725,0,2.2884848216152633,1
xphere,xp,Xphere,0.00999224,26779198,729,1023837.0,0.01074463,0.00982653,-0.000379213000723,-3.65632,-20.381246935554067,71.06920982782005,2679997310.740453,2679997310.740453,0.069028,-85.52126,0.00298093,2026-04-27 09:09:44.722000+00:00,0.0009180999999999,9.343074310056547,2026-04-27 09:10:13,0,47,Neutral,37.3,14,High,Small,Bullish,0,0.009942647655335562,17.103135987399096,13.839068868941157,41.178997896692024,-85.52126,0.1447563307643275,0.03823254901061637,1.0,0,3.2640671184579393,0
delysium,agi,Delysium,0.01068672,26743780,728,840155.0,0.01091041,0.01063704,-0.0001840388270629,-1.69297,-0.7648589670150093,-5.043993266744816,2512097715.213609,3000000000.0,0.672035,-98.41291,0.01011815,2026-04-27 09:09:42.769000+00:00,0.00027337,2.569981874656861,2026-04-27 09:10:13,0,47,Neutral,37.3,14,Medium,Small,Bearish,0,0.010630020603826186,17.101812518295926,13.641342867862447,-3.7035839600468896,-98.41291,0.015902028912184632,0.031414968265518185,0.8373659050712031,0,3.4604696504334793,0
katana-network-token,kat,Katana,0.01147308,26732397,726,38279932.75,0.01314097,0.01132676,-0.0013006848966147,-9.850639999999999,22.615647373487235,-0.8230491130876847,2342000000.0,10000000000.0,0.02885398,-60.37639,0.00776111,2026-04-27 09:09:51.297000+00:00,0.00181421,16.017025168715506,2026-04-27 09:10:13,0,47,Neutral,37.3,14,Extreme,Small,Bearish,0,0.011407763331812404,17.101386796025384,17.460436393878773,-4.4340854678526105,-60.37639,0.39762556153431866,1.4319678384994805,0.2342,0,-0.35904959785338875,1
neet,neet,"Not in Employment, Education, or Training",0.02673583,26725779,732,2635097.0,0.02909749,0.02477265,0.00046336,1.76369,-6.681012952350546,67.04884910568236,999772682.671695,999772682.671695,0.04583681,-41.9231,0.00229961,2026-04-27 09:09:44.892000+00:00,0.00432484,17.458124181304786,2026-04-27 09:10:13,0,47,Neutral,37.3,14,Extreme,Small,Bullish,0,0.026384672931443726,17.10113920060476,14.784430930916862,40.93478546340941,-41.9231,0.5832829553365515,0.09859757502297688,1.0,0,2.316708269687897,0
ocean-protocol,ocean,Ocean Protocol,0.133204,26640627,730,30556.0,0.136034,0.132809,0.0001856,0.13953,-7.125872091289064,10.542779135989033,200081034.9720072,267776448.70326984,1.93,-93.08669,0.01284832,2026-04-27 09:09:43.646000+00:00,0.0032249999999999,2.428299286945898,2026-04-27 09:10:13,0,47,Neutral,37.3,14,Medium,Small,Bullish,0,0.12504901879503305,17.097947976932183,10.327349070922441,6.38147948159342,-93.08669,0.06901761658031087,0.0011469700018697008,0.7471942956182912,0,6.770598906009742,0
gamebuild,game,GameBuild,0.00139368,26590191,738,458844.0,0.00139971,0.00135582,1.989e-05,1.44775,2.0006042566422657,4.634869663865175,18990537622.0,21419639000.0,0.00919175,-84.90281,0.00126812,2026-04-27 09:09:43.782000+00:00,4.388999999999999e-05,3.237155374607248,2026-04-27 09:10:13,0,47,Neutral,37.3,14,Medium,Small,Neutral,0,0.0013927097294219773,17.096052983952816,13.036467741380553,3.360021798319105,-84.90281,0.15162292272962166,0.017256137799085386,0.8865946630566462,0,4.059585242572263,1
strategic-oil-supply-2,sos,Strategic Oil Supply,0.00026595,26579969,731,18413.94,0.00029905,0.00025913,-2.0559515225553e-05,-7.17586,-6.935597726481657,-56.68608551982409,100000000000.0,100000000000.0,0.00976314,-97.27363,0.00024021,2026-04-27 09:09:41.349000+00:00,3.9919999999999984e-05,15.405394975494918,2026-04-27 09:10:13,0,47,Neutral,37.3,14,Extreme,Small,Strong Bear,0,0.00026591464156766115,17.095668482580564,9.820917570660445,-36.88199531189446,-97.27363,0.027240211653218122,0.0006927750743426375,1.0,0,7.274750911920119,0
zentry,zent,Zentry,0.00340222,26496270,736,1397241.0,0.00345693,0.0033661,-3.1511469451582e-05,-0.9177,-1.4025659060185218,4.134131978838987,7787945384.942714,9706992814.355925,0.04531743,-92.50727,0.00305769,2026-04-27 09:09:44.794000+00:00,9.083000000000008e-05,2.698374974005528,2026-04-27 09:10:13,0,47,Neutral,37.3,14,Medium,Small,Neutral,0,0.003396445543144263,17.092514564073756,14.150010851583257,2.1133991873033917,-92.50727,0.07507530766859463,0.05273349796027894,0.80230258061229,0,2.942503712490499,0
goldfish-gold,ggbr,Goldfish Gold,4.7,26492840,733,166266.0,4.72,4.68,-0.011195330081791,-0.23763,-1.7063388749135169,4.470918965450599,5636945.765459477,25000000.0,5.39,-12.82234,4.18,2026-04-27 09:09:55.097000+00:00,0.04,0.8547008547008554,2026-04-27 09:10:13,0,47,Neutral,37.3,14,Low,Small,Neutral,0,1.7404661748405046,17.092385103515713,12.021350208929446,2.5874993792703593,-12.82234,0.8719851576994435,0.0062758843521494865,0.2254778306183791,0,5.071034894586267,0
the-grays-currency,ptgc,The Grays Currency,9.152e-05,26474816,739,22805.0,9.704e-05,9.039e-05,-3.687512531618e-06,-3.87322,-11.792073324151271,-25.878686497733337,289286581639.0918,289286581639.0918,0.00132623,-93.10506,2.17e-06,2026-04-27 09:09:43.263000+00:00,6.6500000000000126e-06,7.357008518641457,2026-04-27 09:10:13,0,47,Neutral,37.3,14,High,Small,Strong Bear,0,9.151581230030357e-05,17.091704537246553,10.034778938217304,-17.07649989864,-93.10506,0.06900763819247038,0.000861384645694988,1.0,0,7.056925599029249,0
aergo,aergo,Aergo,0.055999,26452967,735,1202634.0,0.056811,0.055014,-0.0008118965548463,-1.42913,2.5396166852587445,5.918226118888342,472499995.7689212,500000000.0,0.658178,-91.51533,0.01354723,2026-04-27 09:10:00.361000+00:00,0.001797,3.2664412694950378,2026-04-27 09:10:13,0,47,Neutral,37.3,14,Medium,Small,Neutral,0,0.05448723831392438,17.090878921693545,14.00002554077295,2.979283671333005,-91.51533,0.08508184715988683,0.04546310438447226,0.9449999915378424,0,3.090853380920594,1
anime,anime,Animecoin,0.00477719,26443934,734,8999804.0,0.00500053,0.00474302,-0.0002008204502271,-4.03415,4.114884229547931,2.648246183222396,5538604656.0,10000000000.0,0.186122,-97.44324,0.0043827,2026-04-27 09:09:44.663000+00:00,0.00025751,5.42924128508842,2026-04-27 09:10:13,0,47,Neutral,37.3,14,High,Small,Neutral,0,0.004765815439092935,17.09053738940808,16.012713468399102,-0.024712290066562836,-97.44324,0.02566698187210539,0.34033529201819973,0.5538604656,0,1.077823921008978,1
predictions,prdt,Predictions,1.094,26246959,740,28690.0,1.094,1.088,-0.0001654316493266,-0.01512,-0.0416748555817691,0.8154495189683136,24000000.0,60000000.0,1.26,-13.09615,0.997561,2026-04-27 09:09:45.920000+00:00,0.006,0.5514705882352946,2026-04-27 09:10:13,0,47,Neutral,37.3,14,Low,Small,Neutral,0,0.7390761124483451,17.083060730771656,10.264338763718273,0.4832217113809882,-13.09615,0.8682539682539683,0.0010930790115533003,0.4,0,6.818721967053383,0
nest-basis-vault,nbasis,Nest Basis Vault,1.058,26234353,741,14.32,1.058,1.058,0.0,0.0,0.1271238582043726,0.2942096729844862,24801026.797353,24801026.797353,1.058,0.0,1.0,2026-04-27 09:09:59.167000+00:00,0.0,0.0,2026-04-27 09:10:13,0,47,Neutral,37.3,14,Low,Small,Neutral,0,0.7217346374118578,17.08258033120535,2.729159164312445,0.17652580379069172,0.0,1.0,5.458491772219426e-07,1.0,0,14.353421166892904,1
energy-web-token,ewt,Energy Web Token,0.432955,26212209,742,260834.0,0.43973,0.431842,-0.0064793162458625,-1.47447,-3.2017120557438243,5.098031974443881,60544174.08365829,80477640.14509179,22.67,-98.09057,0.406711,2026-04-27 09:09:41.528000+00:00,0.007888,1.8265939857633129,2026-04-27 09:10:13,0,47,Neutral,37.3,14,Low,Small,Neutral,0,0.3597387457011817,17.081735890707172,12.47164330248428,2.4690311846663286,-98.09057,0.01909814733127481,0.009950859158798864,0.7523105048123208,0,4.6100925882228925,0
saakuru-labs,skr,Saakuru,6.329e-05,26121178,744,1.64,,,,,0.0,-7.784429538394496,702342123.678902,998676898.754,0.076016,-99.91674,2.567e-05,2026-04-13 03:05:07.087000+00:00,,,2026-04-27 09:10:13,0,47,Neutral,37.3,14,Unknown,Small,Bearish,0,6.328799727245131e-05,17.078256999179246,0.9707789171582248,-4.6706577230366975,-99.91674,0.0008325878762365817,6.278430475072754e-08,0.7032726245647414,0,16.10747808202102,0
tx,tx,tx,0.00832769,26104747,743,90903.0,0.00863978,0.00833614,-0.0002482815464409,-2.89508,-8.836293375811552,-21.81410577447877,3134688076.033584,101926986534.0,0.03777559,-77.93346,0.00833997,2026-04-27 09:09:41.291000+00:00,0.0003036399999999,3.642453221754902,2026-04-27 09:10:13,0,47,Neutral,37.3,14,Medium,Small,Strong Bear,0,0.008293206104818667,17.077627771457077,11.417559283597845,-14.24649546468726,-77.93346,0.22045161968350463,0.003482240222439237,0.030754250494670905,0,5.660068487859233,0
bucket-protocol-buck-stablecoin,buck,Bucket Protocol BUCK Stablecoin,0.998882,26098656,745,3022096.0,1.002,0.995013,0.00098138,0.09834,-0.0374693759724036,-0.122318440677791,26126014.57674942,26126014.57674942,1.23,-18.55059,0.000978,2026-04-27 09:09:43.291000+00:00,0.0069869999999999,0.7022018807794436,2026-04-27 09:10:13,0,47,Neutral,37.3,14,Low,Small,Bearish,0,0.6925880242611953,17.077394415030323,14.921461519248073,-0.0340550644066746,-18.55059,0.81209918699187,0.11579508155515747,1.0,0,2.15593289578225,0
templar,sn3,τemplar,5.93,26026162,747,110871.0,6.12,5.87,0.04684594,0.7957,1.2446686783971863,-76.193060140199,4374837.376633864,4374837.376633864,44.47,-86.66586,4.83,2026-04-27 09:09:55.555000+00:00,0.25,4.258943781942079,2026-04-27 09:10:13,0,47,Neutral,37.3,14,Medium,Small,Strong Bear,0,1.9358598132018119,17.074612859267027,11.61613166174864,-45.397556084119394,-86.66586,0.13334832471328986,0.0042599827050949736,1.0,0,5.458481197518388,1
nyc-token,nyc,NYC,0.086297,25889008,748,81120.0,0.086517,0.086196,8.628e-05,0.10008,-0.0128002885480842,0.0684342058036116,299999897.8465394,999999897.8465394,0.142001,-39.15695,0.085701,2026-04-27 09:09:46.145000+00:00,0.000321,0.3724070722539351,2026-04-27 09:10:13,0,47,Neutral,37.3,14,Low,Small,Neutral,0,0.08277466478570723,17.069329073667973,11.303697146165202,0.08109252348216697,-39.15695,0.6077210723868142,0.003133376141720069,0.29999992849257023,0,5.7656319275027705,0
wojak-5,wojak,wojak,8.4611e-08,25839249,746,6837374.0,9.2878e-08,6.9157e-08,1.5454e-08,7.652019999999999,24.0368791345896,448.02609819885816,305927040116370.94,305927040116370.94,1.29758e-07,-34.50992,1.3227e-08,2026-04-27 09:09:41.881000+00:00,2.3721000000000004e-08,22.92596993405186,2026-04-27 09:10:13,0,47,Neutral,37.3,14,Extreme,Small,Bullish,0,8.461099642048955e-08,17.067405211689646,15.737914444009615,271.8764669193149,-34.50992,0.6520676952480773,0.2646119475066787,1.0,0,1.3294907676800314,1
doodles,dood,Doodles,0.00332276,25832202,755,11314234.0,0.00343533,0.00321288,5.607e-05,1.71633,9.087941072636168,15.674062523989452,7800000000.0,10000000000.0,0.01753469,-81.26554,0.00204546,2026-04-27 09:09:44.804000+00:00,0.0002224499999999,6.923694629117798,2026-04-27 09:10:13,0,47,Neutral,37.3,14,High,Small,Bullish,0,0.00331725183116732,17.067132449859486,16.241572225396062,10.09096951439367,-81.26554,0.18949636406460568,0.4379895295027501,0.78,0,0.8255602244634233,1
xtcom-token,xt,XT.com,4.25,25703017,752,6753613.0,4.36,4.24,-0.0273275567515209,-0.63867,1.3485825443652737,11.570786467320977,6045803.0,1000000000.0,20.21,-78.97597,0.00900591,2026-04-27 09:09:46.422000+00:00,0.1200000000000001,2.830188679245285,2026-04-27 09:10:13,0,47,Neutral,37.3,14,Medium,Small,Bullish,0,1.6582280766035324,17.062118974877475,15.725588326976714,6.687003880392586,-78.97597,0.2102919346857991,0.26275565238119714,0.006045803,0,1.3365306479007604,1
metis-token,metis,Metis,3.5,25660836,751,4312166.0,3.67,3.48,-0.0742626120056959,-2.07858,0.465027644573214,23.957575801501378,7332434.342,10000000.0,323.54,-98.92163,2.73,2026-04-27 09:10:04.648000+00:00,0.1899999999999999,5.459770114942527,2026-04-27 09:10:13,0,47,Neutral,37.3,14,High,Small,Bullish,0,1.5040773967762742,17.060476535481822,15.276951119949032,13.543113480900827,-98.92163,0.010817827780181739,0.16804464203738334,0.7332434342,0,1.7835254155327895,1
opinion,opn,Opinion,0.180434,25647860,752,12289416.0,0.202828,0.180164,-0.0194296363545011,-9.72142,8.384995300293879,-10.150406121042783,142034080.26,1000000000.0,0.464578,-61.01231,0.149324,2026-04-27 09:10:03.807000+00:00,0.022664,12.579649652538809,2026-04-27 09:10:13,0,47,Neutral,37.3,14,Extreme,Small,Bearish,0,0.16588216746714957,17.059970734290896,16.32424904347645,-9.978811672625671,-61.01231,0.38838257515422603,0.4791595088245179,0.14203408026,0,0.7357216908144473,1
smooth-love-potion,slp,Smooth Love Potion,0.00070489,25633523,753,3531994.0,0.00073097,0.00069645,-1.4148381344778e-05,-1.96768,11.38857009684667,21.082454727532653,36355610714.0,36355610714.0,0.399727,-99.82368,0.00050272,2026-04-27 09:10:04.180000+00:00,3.451999999999991e-05,4.956565439012119,2026-04-27 09:10:13,0,47,Neutral,37.3,14,Medium,Small,Bullish,0,0.0007046416817284756,17.059411584011567,15.077373425076447,11.86240083651959,-99.82368,0.0017634285399785355,0.13778808320651048,1.0,0,1.9820381589351204,1
ergo,erg,Ergo,0.308297,25623968,754,7133.82,0.314799,0.308286,-0.005389706605833,-1.71818,-3.786891897222841,8.977852782916399,83117535.0,97739924.0,18.72,-98.34608,0.094191,2026-04-27 09:10:05.008000+00:00,0.0065129999999999,2.112648644440549,2026-04-27 09:10:13,0,47,Neutral,37.3,14,Medium,Small,Neutral,0,0.26872629148001204,17.05903876046709,8.872742301842186,4.699439669749839,-98.34608,0.01646885683760684,0.000278404187829145,0.8503949215266425,0,8.186296458624904,0
moonriver,movr,Moonriver,2.24,25577016,755,9250543.0,2.35,2.21,-0.0944941504394916,-4.04656,19.40547277382606,117.9662294984684,11412879.0,12461969.0,494.26,-99.54427,0.989365,2026-04-27 09:10:04.699000+00:00,0.1400000000000001,6.334841628959281,2026-04-27 09:10:13,0,47,Neutral,37.3,14,High,Small,Bullish,0,1.1755733298042381,17.057204732772355,16.04019291857013,69.16111369908104,-99.54427,0.004532027677740461,0.36167405142179215,0.91581667391405,0,1.017011814202224,1
big-time,bigtime,Big Time,0.01340176,25561803,756,5636723.0,0.01403726,0.01331592,-0.0006355029397956,-4.52726,3.7258672752342576,11.24444923376567,1908245059.7925065,5000000000.0,0.977359,-98.63209,0.01163065,2026-04-27 09:10:05.929000+00:00,0.0007213399999999,5.417124764943009,2026-04-27 09:10:13,0,47,Neutral,37.3,14,High,Small,Bullish,0,0.01331275078601108,17.05660976401276,15.54481360365108,4.935765540259402,-98.63209,0.013712218335330211,0.22051351385502815,0.3816490119585013,0,1.511796160361678,1
cobak-token,cbk,Cobak,0.257998,25515988,757,7314295.0,0.268191,0.24921,0.00568592,2.25353,4.32743469247706,6.825392325431216,99187817.0,100000000.0,15.74,-98.36937,0.229129,2026-04-27 09:10:04.601000+00:00,0.018981,7.616468039003261,2026-04-27 09:10:13,0,47,Neutral,37.3,14,High,Small,Neutral,0,0.22952156845186578,17.054815833241836,15.805341347203434,4.99664739525873,-98.36937,0.01639123252858958,0.28665537074245373,0.99187817,0,1.2494744860384017,1
civic,cvc,Civic,0.03173075,25443036,758,6202396.0,0.03317908,0.03130022,-0.0006556322193964,-2.02441,3.939775446555508,4.125095173074525,802000010.0,1000000000.0,1.35,-97.65647,0.01102541,2026-04-27 09:10:09.585000+00:00,0.00187886,6.002705412294237,2026-04-27 09:10:13,0,47,Neutral,37.3,14,High,Small,Neutral,0,0.031237731855950968,17.051952668241917,15.640446388203035,1.6652931038447152,-97.65647,0.02350425925925926,0.24377578210399106,0.80200001,0,1.411506280038882,1
gxchain,gxc,GXChain,0.339021,25440886,759,100.91,0.348284,0.337677,-0.00817065319996,-2.35335,0.2833314597601338,2.5645017807438166,75000000.0,100000000.0,10.61,-96.80409,0.189778,2026-04-27 09:10:03.946000+00:00,0.0106069999999999,3.14116744699816,2026-04-27 09:10:13,0,47,Neutral,37.3,14,Medium,Small,Neutral,0,0.2919387499318335,17.05186816218058,4.6240900708406025,0.5973610684462899,-96.80409,0.03195296889726673,3.9664499105888055e-06,0.75,0,12.427778091339977,1
orizon,ori,Orizon,55.58,25409637,760,391460.0,55.87,54.36,0.92783,1.69756,-2.577338903475269,-0.2398322601759134,456529.206183405,456529.206183405,60.55,-8.1611,52.78,2026-04-27 09:10:08.069000+00:00,1.509999999999998,2.777777777777774,2026-04-27 09:10:13,0,47,Neutral,37.3,14,Medium,Small,Bearish,0,4.035655565873421,17.050639108835167,12.877641172592668,0.535124643894452,-8.1611,0.9179190751445087,0.015405965854608628,1.0,0,4.172997936242499,0
nosana,nos,Nosana,0.253315,25331470,761,401556.0,0.266351,0.243778,0.00953725,3.91227,10.700712825373657,-9.427255759847828,99999727.344851,99999727.344851,7.83,-96.76632,0.01046656,2026-04-27 09:10:06.675000+00:00,0.022573,9.25965427561142,2026-04-27 09:10:13,0,47,Neutral,37.3,14,High,Small,Bearish,0,0.22579204096713376,17.047558093722376,12.903104769913924,-4.091445455908697,-96.76632,0.032351851851851854,0.015852060697622364,1.0,0,4.144453323808452,1
clearpool,cpool,Clearpool,0.025205,25204996,762,1937051.0,0.02730527,0.0250559,-0.0019853688713723,-7.30174,-7.169050539453377,7.018943926855253,1000000000.0,1000000000.0,2.55,-99.00759,0.01599962,2026-04-27 09:10:06.630000+00:00,0.00224937,8.977406519023466,2026-04-27 09:10:13,0,47,Neutral,37.3,14,High,Small,Neutral,0,0.024892592593037766,17.042552826474857,14.476677787666379,1.2906703561131514,-99.00759,0.009884313725490198,0.07685186698700527,1.0,0,2.5658750388084783,0
unitas,up,Unitas,0.199529,25140585,763,4014321.0,0.203537,0.196926,-0.0003290757634855,-0.16466,9.062396379331782,14.238039938458838,125999861.4691083,999999861.4691083,0.307295,-35.20062,0.052858,2026-04-27 09:10:09.443000+00:00,0.006611,3.3570986055675767,2026-04-27 09:10:13,0,47,Neutral,37.3,14,Medium,Small,Bullish,0,0.181928979745668,17.0399940703217,15.205379024353716,8.476959963075304,-35.20062,0.6493076685269855,0.15967492403219735,0.12599987892398387,0,1.8346150459679844,1
degen-base,degen,Degen,0.00068066,25139186,764,1578090.0,0.00069551,0.00066154,1.506e-05,2.26256,-3.5960798414431525,-0.4727822762387427,36965730333.0,36965730333.0,0.064543,-98.9488,2.255e-05,2026-04-27 09:10:06.083000+00:00,3.397000000000003e-05,5.134988058167311,2026-04-27 09:10:13,0,47,Neutral,37.3,14,High,Small,Bearish,0,0.000680428456044715,17.039938421701315,14.271726446659319,0.6213546342567544,-98.9488,0.010545837658615187,0.06277410891506192,1.0,0,2.7682119750419965,0
token-pocket,tpt,TokenPocket Token,0.00770423,25054757,765,5430.69,0.00776495,0.00751051,0.0001516,2.00726,13.859137010075756,27.86404661115906,3254217950.7778,3254217950.7778,0.14558,-94.71435,0.00012901,2026-04-27 09:10:09.516000+00:00,0.0002544399999999,3.38778591600304,2026-04-27 09:10:13,0,47,Neutral,37.3,14,Medium,Small,Bullish,0,0.0076747039732897974,17.03657430757857,8.600005598390581,17.52133196669544,-94.71435,0.052920936941887625,0.00021675285056646127,1.0,0,8.436568709187988,1
auki-labs,auki,Auki,0.00617804,25050297,766,83111.0,0.00669908,0.00569605,0.00044909,7.652019999999999,-6.376748944175261,-21.58207176967717,4065095220.399412,9990838136.387348,0.060588,-89.85467,0.00416096,2026-04-27 09:10:06.735000+00:00,0.0010030299999999,17.60922042468025,2026-04-27 09:10:13,0,47,Neutral,37.3,14,Extreme,Small,Strong Bear,0,0.006159034149978204,17.036396281631973,11.327944374750368,-9.888435061806302,-89.85467,0.10196804647785039,0.0033177650548414654,0.40688230205572484,0,5.708451906881605,0
usual,usual,Usual,0.01434317,24999390,767,3576861.0,0.01499774,0.01422917,-0.0003468322961979,-2.36101,2.804334638899708,17.65183376040917,1739662702.658429,1766105138.323266,1.61,-99.11046,0.01049216,2026-04-27 09:10:07.196000+00:00,0.00076857,5.401369159269314,2026-04-27 09:10:13,0,47,Neutral,37.3,14,High,Small,Bullish,0,0.014241279866478475,17.034362022535767,15.089996437681446,9.6466962562455,-99.11046,0.008908801242236024,0.14307793110151887,0.9850278247364472,0,1.9443655848543209,1
definitive,edge,Definitive,0.108399,24925246,768,3767589.0,0.112979,0.108126,-0.0028442899631335,-2.55682,-2.962403828119476,-9.11065337280917,229939894.66755623,1000000000.0,0.863815,-87.42389,0.02743045,2026-04-27 09:10:07.579000+00:00,0.0048529999999999,4.488282189297667,2026-04-27 09:10:13,0,47,Neutral,37.3,14,Medium,Small,Bearish,0,0.10291663180490795,17.031391783492264,15.1419460977177,-6.489120023685501,-87.42389,0.12548867523717464,0.15115553924723552,0.22993989466755624,0,1.8894456857745645,0
allora,allo,Allora,0.110203,24832560,769,5744572.0,0.116873,0.110195,-0.0061035901034604,-5.24785,2.913583508105555,3.40489276313346,225190737.5738341,786752481.452214,1.6,-93.10262,0.04768726,2026-04-27 09:10:09.313000+00:00,0.006678,6.060166069240895,2026-04-27 09:10:13,0,47,Neutral,37.3,14,High,Small,Neutral,0,0.10454288148608984,17.027666293526902,15.563766141002281,-0.05620434211992409,-93.10262,0.06887687499999999,0.23133225088351744,0.2862281885125669,0,1.4639001525246211,1
freysa-ai,fai,Freysa AI,0.0030308,24820221,770,392001.0,0.00303069,0.00294811,2.518e-05,0.83785,2.4566368071194207,-32.73773040871229,8189700000.0,8189700000.0,0.080047,-96.21772,0.00130633,2026-04-27 09:10:07.114000+00:00,8.258000000000007e-05,2.801116647614915,2026-04-27 09:10:13,0,47,Neutral,37.3,14,Medium,Small,Strong Bear,0,0.0030262163846921826,17.027169282100413,12.879022220800401,-19.30749824522737,-96.21772,0.03786275563106675,0.015793614408187582,1.0,0,4.148147061300012,1
ore,ore,ORE,54.83,24765796,771,602850.0,55.81,53.36,1.22,2.26891,2.40998241675554,21.111841047171826,453154.4354419782,453154.4354419782,1451.62,-96.24859,6.27,2026-04-27 09:10:06.212000+00:00,2.450000000000003,4.591454272863574,2026-04-27 09:10:13,0,47,Neutral,37.3,14,Medium,Small,Bullish,0,4.022311359322269,17.024974106002276,13.309425347331507,13.574668628303096,-96.24859,0.03777159311665588,0.024342040126632717,1.0,0,3.715548758670769,1
caldera,era,Caldera,0.14137,24705237,772,4107400.0,0.144685,0.139241,-0.0019867284228744,-1.38586,4.996955109096289,14.085607448996726,174750000.0,1000000000.0,1.88,-92.46678,0.119927,2026-04-27 09:10:07.694000+00:00,0.005444,3.909767956277249,2026-04-27 09:10:13,0,47,Neutral,37.3,14,Medium,Small,Bullish,0,0.132229295263576,17.02252584389298,15.228301026351119,7.897020469398035,-92.46678,0.0751968085106383,0.16625624761260133,0.17475,0,1.7942248175418598,1
noon-usn,usn,Noon USN,0.999984,24648589,773,2274.23,1.0,0.999903,2.362e-05,0.00236,0.0343532505159185,0.1101394791494433,24649156.28725123,24649156.28725123,1.12,-10.69343,0.988079,2026-04-27 09:10:07.229000+00:00,9.700000000001374e-05,0.0097009409912775,2026-04-27 09:10:13,0,47,Neutral,37.3,14,Low,Small,Neutral,0,0.6931391805279451,17.020230256005586,7.729836425176,0.06702768748966598,-10.69343,0.892842857142857,9.226613336771528e-05,1.0,0,9.290393830829586,1
hippius,sn75,Hippius,6.08,24641027,774,572537.0,6.28,5.95,-0.0256019748735694,-0.41922,-2.9796524053090825,-31.31820714199689,4044221.25847131,4044221.25847131,11.9,-48.96673,2.27,2026-04-27 09:10:07.922000+00:00,0.33,5.546218487394959,2026-04-27 09:10:13,0,47,Neutral,37.3,14,High,Small,Strong Bear,0,1.9572739077056285,17.019923416538525,13.257834387753624,-18.958612285198132,-48.96673,0.5109243697478991,0.023235111101497515,1.0,0,3.762089028784901,0
iota-2,sn9,iota,5.88,24611716,775,25204.0,6.06,5.79,0.060696,1.04338,1.4628090214714655,-38.16412577892224,4178853.748829521,4178853.748829521,20.55,-71.43212,3.67,2026-04-27 09:10:07.700000+00:00,0.2699999999999996,4.663212435233153,2026-04-27 09:10:13,0,47,Neutral,37.3,14,Medium,Small,Strong Bear,0,1.9286186519452522,17.018733188320372,10.13479766651673,-22.481123467353342,-71.43212,0.28613138686131384,0.0010240651241059339,1.0,0,6.883935521803641,1
nvidia-xstock,nvdax,NVIDIA xStock,208.91,24539607,776,3741561.0,210.26,208.09,0.791516,0.38031,5.032049011464902,25.154980305396556,117430.1248263072,796498.0873798559,211.16,-0.90414,150.3,2026-04-27 09:10:07.891000+00:00,2.1699999999999875,1.0428180114373529,2026-04-27 09:10:13,0,47,Neutral,37.3,14,Low,Small,Bullish,0,5.346678867425915,17.015799023199325,15.135013729259281,15.245112183237934,-0.90414,0.9893445728357644,0.15247029017212868,0.14743302800965033,0,1.8807852939400433,1
bsquared-network,b2,BSquared Network,0.590459,24531133,780,14354166.0,0.658103,0.470904,-0.0676438180176102,-9.850639999999999,-8.262986207164051,-21.167700719211737,41545875.0,210000000.0,2.11,-72.60825,0.317731,2026-04-27 09:10:07.578000+00:00,0.187199,22.92596993405186,2026-04-27 09:10:13,0,47,Neutral,37.3,14,Extreme,Small,Strong Bear,0,0.46402265381758717,17.015453644273354,16.479550841292102,-16.64087643152704,-72.60825,0.2798383886255924,0.5851407678560954,0.1978375,0,0.5359028029812514,0
pocket-network,pokt,Pocket Network,0.01217867,24499588,777,967229.0,0.01262404,0.01202993,-0.0003318770530405,-2.65278,-0.5297002949560647,-7.872169047932884,2011680128.050819,2351355446.249961,3.11,-99.61058,0.00883573,2026-04-27 09:10:04.982000+00:00,0.00059411,4.938598977716413,2026-04-27 09:10:13,0,47,Neutral,37.3,14,Medium,Small,Bearish,0,0.012105106665311671,17.01416689986404,13.782191595171419,-5.784413428759731,-99.61058,0.003915971061093248,0.03947939859233551,0.8555406334925372,0,3.2319753046926216,0
unit-00-rei,rei,Rei,0.02413586,24499497,778,498875.0,0.02647356,0.02313943,0.00058211,2.4714,16.743207216370358,35.74412126489015,1000000000.0,1000000000.0,0.218973,-88.70888,0.00605432,2026-04-27 09:10:07.293000+00:00,0.00333413,14.408868325624274,2026-04-27 09:10:13,0,47,Neutral,37.3,14,Extreme,Small,Bullish,0,0.023849193597912988,17.01416318550912,13.120112846859174,22.43503275893409,-88.70888,0.11022299552912916,0.020362662955896605,1.0,0,3.8940503386499454,1
kyber-network-crystal,knc,Kyber Network Crystal,0.14364,24460440,779,4018924.0,0.14821,0.143,-0.001318197845546,-0.90937,5.338550930228566,-5.323253100554786,170152851.23024455,240948743.5771418,5.7,-97.47544,0.123044,2026-04-27 09:10:04.467000+00:00,0.00521,3.643356643356658,2026-04-27 09:10:13,0,47,Neutral,37.3,14,Medium,Small,Bearish,0,0.1342161581191073,17.012567717496587,15.206525011898666,-3.5576998603328716,-97.47544,0.025199999999999997,0.1643030133554425,0.7061786200008495,0,1.8060427055979211,1
gunz,gun,Gunz,0.01409138,24366370,781,8128125.0,0.0153289,0.01403833,-0.0010174537358029,-6.73417,-29.190838244072804,-15.358158389132942,1730000000.0,10000000000.0,0.115004,-87.77557,0.01064409,2026-04-27 09:10:07.538000+00:00,0.0012905699999999,9.193187508770627,2026-04-27 09:10:13,0,47,Neutral,37.3,14,High,Small,Strong Bear,0,0.013993019451772741,17.008714501915353,15.91084095064875,-11.908563033479766,-87.77557,0.12252947723557442,0.33357964276172447,0.173,0,1.0978735512666038,0
tokenbot-2,clanker,tokenbot,24.65,24321247,782,1466106.0,25.5,24.58,-0.345454450338039,-1.38199,1.5997786159743377,-0.0404736140373383,986277.25659814,986277.25659814,142.84,-82.74401,0.65425,2026-04-27 09:10:07.122000+00:00,0.9200000000000016,3.742880390561439,2026-04-27 09:10:13,0,47,Neutral,37.3,14,Medium,Small,Bearish,0,3.2445435716167785,17.006860929535105,14.198121146486951,-0.5770801684224031,-82.74401,0.17257070848501818,0.060280872933859024,1.0,0,2.8087397830481535,1
nym,nym,Nym,0.0292259,24302987,783,1459805.0,0.02960794,0.02889683,-0.000266832727207,-0.90474,-13.572496376013632,-9.902383203550574,831424979.280943,1000000000.0,5.76,-99.49423,0.02219411,2026-04-27 09:10:05.030000+00:00,0.00071111,2.460858163334874,2026-04-27 09:10:13,0,47,Neutral,37.3,14,Medium,Small,Bearish,0,0.028806966285650677,17.006109863714414,14.193814108143298,-6.303325922130344,-99.49423,0.005073940972222222,0.060066896303734185,0.831424979280943,0,2.8122957555711157,0
stargate-finance,stg,Stargate Finance,0.208472,24299566,784,5408723.0,0.215144,0.201395,0.00063408,0.30508,4.345915103577719,-14.341870137651922,116559855.73434444,116559855.73434444,4.14,-94.98398,0.104476,2026-04-27 09:10:05.117000+00:00,0.013749,6.82688249460017,2026-04-27 09:10:13,0,47,Neutral,37.3,14,High,Small,Bearish,0,0.18935675167495128,17.005969089221978,15.503523763484026,-8.483090082591152,-94.98398,0.050355555555555556,0.22258516880507248,1.0,0,1.502445325737952,1
honey-3,honey,Honey,0.989804,24190572,785,324537.0,1.025,0.989804,-0.0085038354184213,-0.85183,-0.8377595906721547,-0.9090235383556724,24439761.23090056,24453266.54885994,2.0,-50.00733,0.916153,2026-04-27 09:10:07.468000+00:00,0.0351959999999998,3.555855502705575,2026-04-27 09:10:13,0,47,Neutral,37.3,14,Medium,Small,Bearish,0,0.6880361414233884,17.00147356977983,12.690157911505981,-0.8861461230134035,-50.00733,0.494902,0.01341584647109626,0.9994477090440087,0,4.311315658273848,0
mira-3,mira,Mira,0.085462,24159578,786,12146876.0,0.092811,0.08523,-0.0065083992283544,-7.07666,3.342987186980827,12.59364353085666,282540524.0,1000000000.0,2.68,-96.80561,0.072397,2026-04-27 09:10:08.540000+00:00,0.007581,8.894755367828235,2026-04-27 09:10:13,0,47,Neutral,37.3,14,High,Small,Bullish,0,0.08200570281419493,17.000191505382375,16.312582657674113,4.725522118513995,-96.80561,0.03188880597014925,0.5027768283038718,0.282540524,0,0.6876088477082618,1
ai-powered-finance,aipf,AI Powered Finance,2.17,24155260,787,196138.0,2.19,2.14,-0.0049158076258573,-0.22574,1.3860690365330208,10.452777048286308,11116402.81573786,11116402.81573786,2.21,-1.86298,1.69,2026-04-27 09:10:03.809000+00:00,0.0499999999999998,2.3364485981308327,2026-04-27 09:10:13,0,47,Neutral,37.3,14,Medium,Small,Bullish,0,1.1537315878891892,17.00001276112858,12.186578870534213,6.181370228971784,-1.86298,0.9819004524886877,0.008119887759436248,1.0,0,4.813433890594368,1
gold-park,gpt,Gold Park,0.00685933,24139586,788,176877.0,0.00686683,0.00650315,5.915e-05,0.86985,0.5668651013580094,37.12848043115271,3519235566.77911,9000000000.0,0.03055641,-77.80037,0.00229391,2026-04-27 09:10:08.074000+00:00,0.0003636799999999,5.592366776100811,2026-04-27 09:10:13,0,47,Neutral,37.3,14,High,Small,Bullish,0,0.006835911823651838,16.99936366495375,12.083215508366543,22.625028258691625,-77.80037,0.2244808863344876,0.007327259050755883,0.39102617408656776,0,4.916148156587209,1
osmosis,osmo,Osmosis,0.03122002,24083309,789,2374843.0,0.03308565,0.03121306,-0.0018143401264614,-5.49228,-1.3277397283164634,3.919602617404478,771405860.740923,980840517.008947,11.25,-99.72232,0.02916342,2026-04-27 09:10:04.788000+00:00,0.00187259,5.999379746811111,2026-04-27 09:10:13,0,47,Neutral,37.3,14,High,Small,Neutral,0,0.030742586729017488,16.997029627430106,14.68044230908305,0.15484957044268644,-99.72232,0.002775112888888889,0.09860949755700099,0.7864743017481673,0,2.3165873183470556,0
cargox,cxo,CargoX,0.143191,24040214,790,21932.0,0.146789,0.142781,-0.0020513321771147,-1.41235,1.0027208886602812,6.699098215583133,167160147.72525844,215119016.0,0.523279,-72.52227,3.988e-05,2026-04-27 09:10:05.112000+00:00,0.004008,2.8070961822651554,2026-04-27 09:10:13,0,47,Neutral,37.3,14,Medium,Small,Neutral,0,0.13382347496432268,16.99523861101891,9.995747630961425,3.45451892934988,-72.52227,0.27364178573953857,0.0009123046907985095,0.7770589082894394,0,6.999490980057484,1
bityuan,bty,Bityuan,0.0323946,23827596,791,218022.0,0.03328096,0.03246429,-0.0005690643947945,-1.72634,-1.993353493621441,1.3692294822158415,725327769.213019,725327769.213019,0.765083,-95.66865,0.01348346,2026-04-27 09:10:09.557000+00:00,0.0008166699999999,2.515594827424221,2026-04-27 09:10:13,0,47,Neutral,37.3,14,Medium,Small,Neutral,0,0.03188095831784046,16.98635500471208,12.292355840793164,0.13100168932950484,-95.66865,0.04234128846151333,0.00914997887323589,1.0,0,4.693999163918917,0
bifrost,bfc,Bifrost,0.01706009,23658389,792,1284867.0,0.01755428,0.01697126,-0.0001134786866128,-0.66078,0.1933584423404925,7.239180213598692,1391269925.662982,2368584074.0,0.778815,-97.81782,0.01408381,2026-04-27 09:10:06.714000+00:00,0.00058302,3.4353371523387195,2026-04-27 09:10:13,0,47,Neutral,37.3,14,Medium,Small,Neutral,0,0.01691620086666351,16.97922836686191,14.066166547299604,4.079196128159214,-97.81782,0.02190518929399151,0.05430915012852312,0.5873846493079907,0,2.913061819562307,1
gradients,sn56,Gradients,5.39,23590069,793,49340.0,5.56,5.31,0.05032,0.94183,1.5731521614232888,-24.687927705338232,4365431.097301338,4365431.097301338,39.41,-86.3234,3.63,2026-04-27 09:10:07.726000+00:00,0.25,4.708097928436912,2026-04-27 09:10:13,0,47,Neutral,37.3,14,Medium,Small,Strong Bear,0,1.8547342683894434,16.976336418738505,10.806510657409378,-14.436024623202938,-86.3234,0.13676731793960925,0.0020915581043870622,1.0,0,6.169825761329127,1
acurast,acu,Acurast,0.093538,23540909,794,3622036.0,0.097612,0.090285,-0.0001188064358099,-0.12685,6.148521623253581,5.577435576953159,251599773.76,1012541292.2,0.315928,-70.50591,0.069268,2026-04-27 09:10:06.058000+00:00,0.007327,8.1154123054771,2026-04-27 09:10:13,0,47,Neutral,37.3,14,High,Small,Neutral,0,0.0894183113310733,16.974250316653297,15.102547132723954,3.295721346171896,-70.50591,0.2960737889645742,0.15386134834470497,0.24848346995640677,0,1.871703183929343,1
ishares-core-s-p-500-etf-ondo-tokenized-etf,ivvon,iShares Core S&P 500 ETF (Ondo Tokenized ETF),715.94,23526846,795,56309.0,719.74,713.1,-2.077668001162237,-0.28936,-0.0589795237728737,11.306722520105373,32861.33685861758,32861.33685861758,719.74,-0.56109,638.02,2026-04-27 09:10:09.727000+00:00,6.639999999999986,0.931145701865094,2026-04-27 09:10:13,0,47,Neutral,37.3,14,Low,Small,Bullish,0,6.574992155089718,16.973652752574836,10.938627418248664,6.6682895120632235,-0.56109,0.9947203156695474,0.0023933934875928547,1.0,0,6.035025334326171,0
medibloc,med,Medibloc,0.00220631,23426623,796,625301.0,0.00226769,0.00216539,1.218e-05,0.55494,0.334147939099244,3.149594784732204,10644041819.0,11434259731.0,0.351852,-99.37761,0.00161437,2026-04-27 09:10:04.255000+00:00,0.0001023,4.724322177529223,2026-04-27 09:10:13,0,47,Neutral,37.3,14,Medium,Small,Neutral,0,0.0022038796721399207,16.96938371132712,13.345990012015012,2.1117328708393224,-99.37761,0.006270562622921001,0.026691896651087954,0.9308903304113689,0,3.623393699312107,1
micron-technology-ondo-tokenized-stock,muon,Micron Technology (Ondo Tokenized Stock),506.42,23402058,797,1467578.0,509.42,493.71,11.96,2.41949,12.732298387323407,42.78446853653696,46213.44202072343,46213.44202072343,509.42,-0.62444,115.92,2026-04-27 09:10:08.236000+00:00,15.710000000000036,3.1820299366024667,2026-04-27 09:10:13,0,47,Neutral,37.3,14,Medium,Small,Bullish,0,6.229339063022186,16.9683345679099,14.199124662284845,26.638477121922175,-0.62444,0.9941109497075105,0.06271149315158521,1.0,0,2.769209905625054,1
aevo-exchange,aevo,Aevo,0.02558464,23380550,798,5729707.0,0.02690533,0.02535304,-0.001320692894336,-4.90867,2.4694070195177207,10.184724723286807,916326735.3108214,1000000000.0,3.76,-99.32161,0.02078552,2026-04-27 09:10:06.291000+00:00,0.00155229,6.122697711990362,2026-04-27 09:10:13,0,47,Neutral,37.3,14,High,Small,Bullish,0,0.0252628304730542,16.967415080881906,15.56117512753204,4.147366833972084,-99.32161,0.0068044255319148934,0.2450629690062894,0.9163267353108214,0,1.406239953349866,1
nusd,susd,Synthetix sUSD,0.702745,23377882,799,178877.0,0.77534,0.701485,-0.0530777914305833,-7.02251,2.2691156881415804,-7.907468524906955,32937862.98763985,32937862.98763985,2.45,-71.03059,0.429697,2026-04-27 09:10:07.281000+00:00,0.073855,10.52837908151992,2026-04-27 09:10:13,0,47,Neutral,37.3,14,Extreme,Small,Bearish,0,0.5322416547086103,16.967300962432052,12.094459288206583,-7.553485114944173,-71.03059,0.286834693877551,0.0076515485876778744,1.0,0,4.872841674225469,1
adshares,ads,Adshares,0.601962,23321287,800,313847.0,0.612866,0.60091,-0.002476992330451,-0.4098,1.1643283131731934,8.518652753246734,38750903.796205,38758203.0,5.72,-89.47734,0.0102872,2026-04-27 09:10:09.625000+00:00,0.0119559999999999,1.9896490323010043,2026-04-27 09:10:13,0,47,Neutral,37.3,14,Low,Small,Neutral,0,0.4712291280152725,16.964877149482252,12.656664071254449,4.94727165194804,-89.47734,0.1052381118881119,0.013457533454307218,0.9998116733173877,0,4.308213078227803,1
sapien-2,sapien,Sapien,0.093104,23266889,801,5324302.0,0.097479,0.092735,-0.0028766863183595,-2.99715,7.673192598280066,38.60481155411957,250000000.0,1000000000.0,0.536429,-82.66558,0.062712,2026-04-27 09:10:08.695000+00:00,0.0047439999999999,5.115652127028628,2026-04-27 09:10:13,0,47,Neutral,37.3,14,High,Small,Bullish,0,0.08902135562849472,16.96254187787229,15.487792368973876,21.964026932471743,-82.66558,0.17356257771298716,0.22883600811436372,0.25,0,1.4747495088984142,1
black-phoenix,bpx,Black Phoenix,0.00403183,23252272,802,2267.51,0.004044,0.00380612,4.05e-06,0.10067,3931.431621184865,7298.781477823278,5767176261.655056,7928137776.450243,3.37,-99.88029,1.33e-06,2026-04-27 09:10:04.823000+00:00,0.0002378799999999,6.249934316311618,2026-04-27 09:10:13,0,47,Neutral,37.3,14,High,Small,Bullish,0,0.00402372395425303,16.961913448659967,7.726878507293553,4379.309154693966,-99.88029,0.0011963887240356082,9.751778234832278e-05,0.7274313873285463,0,9.235034941366415,1
folks,folks,FOLKS,1.4,23241328,803,2715580.0,1.51,1.37,-0.015072380653706,-1.06714,16.637263002640914,12.485013937779485,16639765.259266,50000000.0,48.86,-97.14406,0.840593,2026-04-27 09:10:09.236000+00:00,0.1399999999999999,10.218978102189771,2026-04-27 09:10:13,0,47,Neutral,37.3,14,Extreme,Small,Bullish,0,0.8754687373538999,16.961442674199336,14.814516484772986,7.0641523626676905,-97.14406,0.028653295128939826,0.11684272086345496,0.33279530518532,0,2.1469261894263507,1
electronic-usd,eusd,Electronic USD,1.008,23178661,804,743345.0,1.009,0.995776,0.00672882,0.67223,0.4088574462746318,0.8704471566372359,23000832.86832653,23000832.86832653,1.13,-10.88714,0.867067,2026-04-27 09:10:05.329000+00:00,0.0132239999999999,1.3280095121794362,2026-04-27 09:10:13,0,47,Neutral,37.3,14,Low,Small,Neutral,0,0.6971392018294827,16.9587426720356,13.518916894981752,0.7911602939823416,-10.88714,0.8920353982300886,0.03207023045895533,1.0,0,3.4398257770538496,1
advertise-coin,adco,Advertise Coin,0.510489,22971773,805,7152.26,0.527766,0.508672,-0.0024586226883966,-0.47931,1.2065042789732412,15.674285928495967,45000000.0,50000000.0,1.09,-53.17285,0.02220041,2026-04-27 09:10:04.324000+00:00,0.0190939999999999,3.753695898339194,2026-04-27 09:10:13,0,47,Neutral,37.3,14,Medium,Small,Bullish,0,0.4124334394612376,16.9497768028542,8.87532347583309,9.212847557097579,-53.17285,0.4683385321100917,0.0003113499336773004,0.9,0,8.074453327021109,1
qanplatform,qanx,QANplatform,0.0134784,22908229,806,254142.0,0.01373176,0.01316361,0.00031479,2.39139,10.562708422745503,-5.658427477987878,1700000000.0,2099550000.0,0.203412,-93.37928,0.00011724,2026-04-27 09:10:04.544000+00:00,0.00056815,4.316065273887647,2026-04-27 09:10:13,0,47,Neutral,37.3,14,Medium,Small,Bearish,0,0.01338837439864393,16.947006792606125,12.445652379706047,-2.438500486792727,-93.37928,0.0662615774880538,0.011093917386629931,0.8096973160915434,0,4.501354412900078,1
compounding-open-dollar,cusdo,Compounding OpenDollar,1.046,22872285,807,155127.0,1.046,1.046,-0.00026564380537,-0.02539,0.0818890034562014,0.2206243322696351,21865545.84502359,21865545.84502359,1.086,-3.63811,0.89555,2026-04-27 09:10:07.134000+00:00,0.0,0.0,2026-04-27 09:10:13,0,47,Neutral,37.3,14,Low,Small,Neutral,0,0.7158866675294348,16.945436517278264,11.952005861562453,0.12221859936178106,-3.63811,0.9631675874769797,0.006782313179465891,1.0,0,4.993430655715811,1
chaingpt,cgpt,ChainGPT,0.02476635,22784709,808,3899412.0,0.0265449,0.02400364,-0.0017200405312486,-6.49405,17.319549293617882,28.660936314741136,920227527.0,997766421.0,0.555799,-95.58365,0.01776651,2026-04-27 09:10:05.407000+00:00,0.00254126,10.58697764172434,2026-04-27 09:10:13,0,47,Neutral,37.3,14,Extreme,Small,Bullish,0,0.024464635386031143,16.94160025492741,15.176336586951171,14.59894178884468,-95.58365,0.044559903850132865,0.17114161958355492,0.9222875290568633,0,1.765263667976237,1
trillions,trillions,Trillions,0.02269205,22692045,809,3283475.0,0.02269214,0.02269198,-9.2848120043e-08,-0.00041,-0.0005582808201557,-0.0001296995955922,1000000000.0,1000000000.0,0.04492667,-49.49092,0.00021898,2026-04-27 09:10:08.437000+00:00,1.599999999990498e-07,0.0007050949278073,2026-04-27 09:10:13,0,47,Neutral,37.3,14,Low,Small,Bearish,0,0.022438415258988174,16.937525024572672,15.004413175312811,-0.00024181975735532,-49.49092,0.5050908513807054,0.1446971835284127,1.0,0,1.933111849259861,0
my-paqman-coin,mpc,My Paqman Coin,2.26e-06,22619303,810,75138.0,2.29e-06,2.25e-06,-1.343906569e-09,-0.05938,3.180065288521683,16.20094660700083,10000000000000.0,10000000000000.0,9.204e-05,-97.54354,1.6e-06,2026-04-27 09:10:07.657000+00:00,4.000000000000004e-08,1.7777777777777797,2026-04-27 09:10:13,0,47,Neutral,37.3,14,Low,Small,Bullish,0,2.2599974462038476e-06,16.934314258948095,11.227095010548584,9.696815964200498,-97.54354,0.024554541503694044,0.0033218530208468404,1.0,0,5.707219248399511,1
adventure-gold,agld,Adventure Gold,0.258114,22566417,811,4322792.0,0.274442,0.256697,-0.0160817076482865,-5.86505,-2.4169556088734563,10.902899412073443,87430001.0,92830001.0,7.7,-96.6595,0.178306,2026-04-27 09:10:04.840000+00:00,0.017745,6.912819394071613,2026-04-27 09:10:13,0,47,Neutral,37.3,14,High,Small,Bullish,0,0.22961377420429827,16.93197342995132,15.279412279089026,4.195719647244066,-96.6595,0.033521298701298705,0.19155863334440731,0.9418291506858866,0,1.6525611508622937,0
dia-data,dia,DIA,0.188349,22539125,812,1376538.0,0.200491,0.18804,-0.0103884222413177,-5.2272,-1.9880767947992688,13.834145648219344,119676104.0,168817248.0,5.73,-96.71662,0.16128,2026-04-27 09:10:03.979000+00:00,0.0124509999999999,6.621463518400335,2026-04-27 09:10:13,0,47,Neutral,37.3,14,High,Small,Bullish,0,0.17256494884196025,16.930763290313912,14.135082935891369,6.209607388931605,-96.71662,0.032870680628272246,0.06107326704120058,0.708909222356237,0,2.7956803544225437,0
fulcrom,ful,Fulcrom,0.00135086,22511076,813,24607.0,0.00140421,0.00048209,-4.6709763298256e-05,-3.34221,-18.34146601078596,-38.62691848441512,16666128415.89111,20000000000.0,0.04004179,-96.63083,0.00048209,2026-04-27 09:10:05.294000+00:00,0.0009221199999999,22.92596993405186,2026-04-27 09:10:13,0,47,Neutral,37.3,14,Extreme,Small,Strong Bear,0,0.0013499484094919526,16.929518057140402,10.11082687230537,-24.513035090649073,-96.63083,0.03373625404858274,0.0010931063446278622,0.8333064207945555,0,6.818691184835032,0
quark-chain,qkc,QuarkChain,0.00310751,22481829,814,533428.0,0.00319275,0.00309346,-3.6725168469183e-05,-1.16802,-1.3148415208102768,5.083842907405703,7230339100.0,10000000000.0,0.338765,-99.08461,0.00137714,2026-04-27 09:10:06.294000+00:00,9.928999999999972e-05,3.209674603841643,2026-04-27 09:10:13,0,47,Neutral,37.3,14,Medium,Small,Neutral,0,0.0031026916702246005,16.928217985370452,13.187081257456128,2.583097744443422,-99.08461,0.00917305506767228,0.02372707309534291,0.72303391,0,3.7411367279143235,0
anoma,xan,Anoma,0.00899503,22472982,815,8474564.0,0.00929687,0.00817281,0.00071049,7.652019999999999,21.13526758281964,5.1255811689889565,2500000000.0,10000000000.0,0.272752,-96.69026,0.00597404,2026-04-27 09:10:08.628000+00:00,0.0011240599999999,13.753653884037432,2026-04-27 09:10:13,0,47,Neutral,37.3,14,Extreme,Small,Neutral,0,0.00895481569036157,16.927824390134532,15.952579882479862,6.136156701393373,-96.69026,0.03297878659001584,0.37710011070181965,0.25,0,0.9752445076546703,1
unity-2,uty,Unity,0.999417,22464834,816,248.62,0.999519,0.999117,0.00020001,0.02002,0.0193913103538125,-0.0608090191183167,22477946.64566745,22477946.64566745,1.014,-1.39295,0.990811,2026-04-27 09:10:07.704000+00:00,0.000402,0.0402355279711999,2026-04-27 09:10:13,0,47,Neutral,37.3,14,Low,Small,Bearish,0,0.692855638065562,16.92746175570091,5.519939761490308,-0.02847741147099002,-1.39295,0.9856183431952663,1.1067074878007111e-05,1.0,0,11.407521994210603,1
pinksale,pinksale,PinkSale,224.52,22452383,817,213.65,,,,,0.0392464142619296,-5.403166958533653,100000.0,100000.0,505.62,-55.59404,47.52,2026-04-24 06:06:21.524000+00:00,,,2026-04-27 09:10:13,0,47,Neutral,37.3,14,Unknown,Small,Bearish,0,5.418408846805857,16.926907358051363,5.369008794670569,-3.241900175120192,-55.59404,0.4440488904711048,9.515693723913403e-06,1.0,0,11.557898563380792,1
eclipse-3,es,Eclipse,0.149575,22440774,818,6225964.0,0.154283,0.147512,-0.0026088905328598,-1.7143,3.263790509142099,15.092780113250916,150000000.0,1000000000.0,0.497721,-69.91047,0.075969,2026-04-27 09:10:07.599000+00:00,0.0067709999999999,4.590135039861163,2026-04-27 09:10:13,0,47,Neutral,37.3,14,Medium,Small,Bullish,0,0.13939230885171291,16.926390174564286,15.644239008380996,8.36994806795055,-69.91047,0.3005197691075924,0.277439806666205,0.15,0,1.28215116618329,1
echelon-prime,prime,Echelon Prime,0.361115,22374490,819,4433348.0,0.399193,0.358319,-0.0207534001184713,-5.43469,6.6331865362378135,18.921071101157537,61977950.0,111111111.0,28.0,-98.7202,0.288788,2026-04-27 09:10:05.641000+00:00,0.040874,11.407153960577034,2026-04-27 09:10:13,0,47,Neutral,37.3,14,Extreme,Small,Bullish,0,0.3083042167932921,16.923432073263086,15.304665838352214,9.178766660694523,-98.7202,0.012896964285714286,0.19814297443204293,0.5578015505578016,0,1.618766234910872,1
singularitynet,agix,SingularityNET,0.091149,22333486,820,2714.69,0.093587,0.09081,-9.989160674162e-05,-0.10947,-0.6942663503736958,-8.880412846865667,245034537.809887,441632784.7912801,1.46,-93.76078,0.00747159,2026-04-27 09:10:04.862000+00:00,0.002777,3.0580332562493138,2026-04-27 09:10:13,0,47,Neutral,37.3,14,Medium,Small,Bearish,0,0.08723126947817102,16.921597769260472,7.9068013437254185,-5.3720357081194,-93.76078,0.062430821917808216,0.00012155245267129368,0.5548377435920947,0,9.014796425535053,0
biconomy,bico,Biconomy,0.03108129,22316833,821,21149575.0,0.0308501,0.02670014,0.00427274,7.652019999999999,30.535837420171564,50.56832568536767,718049656.9789356,1000000000.0,21.45,-99.85679,0.01846859,2026-04-27 09:10:04.901000+00:00,0.0041499599999999,15.542839850277929,2026-04-27 09:10:13,0,47,Neutral,37.3,14,Extreme,Small,Bullish,0,0.03060804770745302,16.92085183953817,16.867130415974287,33.4018034112206,-99.85679,0.001449011188811189,0.9476960731838608,0.7180496569789356,0,0.0537214235638821,1
flock-2,flock,FLOCK,0.061589,22252480,822,2387141.0,0.068342,0.06137,-0.0067499473183201,-9.850639999999999,5.669416921279476,16.575606204197825,361443549.6728611,1000000000.0,0.667394,-90.79669,0.03517098,2026-04-27 09:10:07.290000+00:00,0.0069719999999999,11.360599641518656,2026-04-27 09:10:13,0,47,Neutral,37.3,14,Extreme,Small,Bullish,0,0.05976684226401646,16.91796406597821,14.685607392449771,6.005107722518694,-90.79669,0.0922828194439866,0.10727527898014064,0.3614435496728611,0,2.2323566735284395,1
harrypotterobamasonic10in,bitcoin,HarryPotterObamaSonic10Inu (ETH),0.0222006,22183038,823,4858894.0,0.02353109,0.02174042,0.00023004,1.04705,7.760593421771988,38.26096959956879,999798155.0,999798155.0,0.373421,-94.06029,0.00066337,2026-04-27 09:10:06.499000+00:00,0.00179067,8.236593405279203,2026-04-27 09:10:13,0,47,Neutral,37.3,14,High,Small,Bullish,0,0.021957754321151813,16.914838545829877,15.396321603769907,23.375401759741273,-94.06029,0.05945193226947601,0.21903645479036732,1.0,0,1.5185169420599696,1
seda-2,seda,SEDA,0.03349026,22164000,824,587215.0,0.03387219,0.03323184,8.445e-05,0.25281,-1.9239205588532704,68.01150867480878,661804286.7629482,1020487658.106592,0.263586,-87.29296,0.0190419,2026-04-27 09:10:06.090000+00:00,0.00064035,1.9269170771164184,2026-04-27 09:10:13,0,47,Neutral,37.3,14,Low,Small,Bullish,0,0.03294167580887162,16.913979954087587,13.283148003867627,40.90802920488527,-87.29296,0.12705629282283581,0.026494089514528064,0.6485176782939802,0,3.63083195021996,0
ai-analysis-token,aiat,AI Analysis Token,0.200387,22112272,825,7461.65,0.241082,0.111538,-0.0197330718038831,-8.96467,-15.643521578127146,82.39684109344961,110347623.6743895,500000000.0,0.918633,-78.00464,0.02270319,2026-04-27 09:10:05.777000+00:00,0.129544,22.92596993405186,2026-04-27 09:10:13,0,47,Neutral,37.3,14,Extreme,Small,Bullish,0,0.18264400480200763,16.911643351710655,8.917665858001358,45.85223665606976,-78.00464,0.21813607828153353,0.00033744384113943603,0.220695247348779,0,7.993977493709297,0
moolah,moolah,Moolah,0.02203466,22029191,826,122848.0,0.02363076,0.01939231,0.00263906,7.652019999999999,40.05319460446887,470.5546526811192,1000000000.0,1000000000.0,0.02363076,-6.77567,0.001676,2026-04-27 09:10:07.857000+00:00,0.00423845,21.85634408690868,2026-04-27 09:10:13,0,47,Neutral,37.3,14,Extreme,Small,Bullish,0,0.021795405100774434,16.907879040847615,11.718711237908055,285.39359960867154,-6.77567,0.932456679345057,0.005576600611434165,1.0,0,5.18916780293956,1
magic,magic,Treasure,0.06708,21996277,827,5515185.0,0.070004,0.066387,-0.0029233976398222,-4.17607,6.276063818678551,17.12491214535267,327923507.5893457,347687042.9717532,6.32,-98.94013,0.01999252,2026-04-27 09:10:04.754000+00:00,0.0036169999999999,5.448355852802499,2026-04-27 09:10:13,0,47,Neutral,37.3,14,High,Small,Bullish,0,0.06492594607883571,16.90638381519155,15.523015936302293,8.604519287211602,-98.94013,0.010613924050632911,0.25073265807663725,0.9431571127486246,0,1.3833678788892563,1
tesla-ondo-tokenized-stock,tslaon,Tesla (Ondo Tokenized Stock),375.02,21967065,828,1863183.0,377.71,373.54,0.725951,0.19395,-5.445906066601857,4.394138812857848,58523.70803467194,58523.70803467194,497.31,-24.56047,327.24,2026-04-27 09:10:08.305000+00:00,4.169999999999959,1.1163463082936125,2026-04-27 09:10:13,0,47,Neutral,37.3,14,Low,Small,Neutral,0,5.929642333464639,16.90505488969857,14.43779741013884,2.714063287714709,-24.56047,0.7540970420864249,0.08481711143477748,1.0,0,2.467257479559729,0
sompi,sompi,Sompi,0.02315212,21956862,829,169439.0,0.02422416,0.02290937,-0.0003675072269169,-1.56256,21.489834453822457,,948542813.0,1000000000.0,0.03299742,-29.73952,0.01886521,2026-04-27 09:10:03.933000+00:00,0.00131479,5.739092781687158,2026-04-27 09:10:13,0,47,Neutral,37.3,14,High,Small,Unknown,0,0.022888175817003135,16.904590313763958,12.040254160835234,-0.625024,-29.73952,0.7016342489806779,0.0077169041732830495,0.948542813,0,4.864336152928724,1
swarms,swarms,Swarms,0.02192626,21934693,830,3870888.0,0.02270156,0.01830395,0.00319093,7.652019999999999,14.55563637314254,150.37135177028705,999984830.56,999984830.56,0.605474,-96.35258,0.00590519,2026-04-27 09:10:07.224000+00:00,0.00439761,22.92596993405186,2026-04-27 09:10:13,0,47,Neutral,37.3,14,Extreme,Small,Bullish,0,0.021689336536506943,16.903580142177418,15.168994754387613,93.28361906217222,-96.35258,0.03621337993043467,0.17647331558276197,1.0,0,1.7345853877898048,1
bit2me,b2m,Bit2Me,0.00738447,21800999,831,16751.45,0.00751741,0.00734654,-0.0001099782687875,-1.46746,-2.384232952652986,-18.17327759894572,2952274750.73,4941007320.67,0.300665,-97.53177,0.0,2026-04-27 09:10:04.795000+00:00,0.00017087,2.3258567978939757,2026-04-27 09:10:13,0,47,Neutral,37.3,14,Medium,Small,Strong Bear,0,0.007357338288410637,16.897466398266882,9.726299795213713,-11.49095055936743,-97.53177,0.024560457652204278,0.0007683799260758647,0.5975046299525968,0,7.1711666030531696,0
superwalk,grnd,SuperWalk GRND,0.03073067,21773605,832,2219856.0,0.03796843,0.02906208,0.00142962,4.87907,69.78301381172241,84.15048734549441,707660423.05,987522926.0,0.384843,-92.0042,0.01475654,2026-04-27 09:10:07.616000+00:00,0.0089063499999999,22.92596993405186,2026-04-27 09:10:13,0,47,Neutral,37.3,14,Extreme,Small,Bullish,0,0.03026793909407608,16.896209060283887,14.61295333735935,52.44192040729664,-92.0042,0.07985248529919994,0.10195169793885762,0.7166015131581867,0,2.2832557229245367,1
synfutures,f,SynFutures,0.00557794,21734403,833,2411242.0,0.00579062,0.00553842,-0.0001056900009438,-1.85955,2.8857251432850197,9.49297883884214,3893439721.0,10000000000.0,0.192309,-97.09496,0.00478573,2026-04-27 09:10:06.982000+00:00,0.0002522,4.553645263450591,2026-04-27 09:10:13,0,47,Neutral,37.3,14,Medium,Small,Neutral,0,0.005562440901328692,16.894407000819033,14.695652940139283,4.951967303305283,-97.09496,0.029005090765382793,0.11094125750774014,0.3893439721,0,2.19875406067975,1
hippo-protocol,hp,Hippo Protocol,0.01614924,21732845,834,318428.0,0.01621018,0.01568807,0.00025041,1.57503,5.412935449203923,2.905703838860675,1347103807.966393,1348378205.632288,0.067864,-76.31794,0.01469379,2026-04-27 09:10:07.519000+00:00,0.00052211,3.328070310752073,2026-04-27 09:10:13,0,47,Neutral,37.3,14,Medium,Small,Neutral,0,0.01602022813282467,16.89433531466448,12.671154809206808,2.373434303316405,-76.31794,0.23796475303548273,0.014651924310876004,0.9990548663123063,0,4.223180505457673,1
lumia,lumia,Lumia,0.156938,21705412,835,6796534.0,0.15809,0.132747,0.02101713,7.652019999999999,39.85298724314175,104.78209517155663,138496021.73127738,238888888.0,2.49,-93.7116,0.055025,2026-04-27 09:10:06.756000+00:00,0.025343,19.091203567688915,2026-04-27 09:10:13,0,47,Neutral,37.3,14,Extreme,Small,Bullish,0,0.14577685991313666,16.893072234408564,15.73192348145359,65.93006510293398,-93.7116,0.06302730923694778,0.3131262378249259,0.5797507907997687,0,1.1611487529549738,1
safecoin,safe,SAFEbit,0.056699,21508682,836,404019.0,0.059153,0.056109,-0.0015928980883882,-2.73263,24.124465453621845,-11.899620393567815,379350000.0,1000000000.0,0.503782,-88.86065,0.04178524,2026-04-27 09:10:08.075000+00:00,0.0030439999999999,5.425154609777394,2026-04-27 09:10:13,0,47,Neutral,37.3,14,High,Small,Bearish,0,0.05514989812201358,16.88396727203332,12.909219660668452,-8.232824236140688,-88.86065,0.11254669678551438,0.018783996155598934,0.37935,0,3.9747476113648688,1
taiko,taiko,Taiko,0.118455,21441515,837,5348450.0,0.130286,0.118312,-0.0055606015216484,-4.48378,1.5636941505117623,0.681554832377722,180992531.120892,1000000000.0,3.8,-96.88559,0.106296,2026-04-27 09:10:06.797000+00:00,0.011974,10.120697815944292,2026-04-27 09:10:13,0,47,Neutral,37.3,14,Extreme,Small,Neutral,0,0.11194826868452065,16.880839600622338,15.49231754423922,-1.384579100573367,-96.88559,0.031172368421052633,0.24944366104727209,0.18099253112089198,0,1.3885220563831169,1
boundless,zkc,Boundless,0.073877,21438035,838,8508111.0,0.08072,0.073407,-0.003694487224061,-4.7627,3.5202891290130904,6.613149803487431,290641046.0,1043290429.340001,1.78,-95.85493,0.065637,2026-04-27 09:10:08.410000+00:00,0.007313,9.962265179070116,2026-04-27 09:10:13,0,47,Neutral,37.3,14,High,Small,Neutral,0,0.07127546438850359,16.880677285493316,15.956530619296483,2.0628098820924587,-95.85493,0.04150393258426966,0.3968699090191802,0.278581148476425,0,0.9241466661968332,1
oho-blockchain,oho,OHO Blockchain,0.00093171,21397365,839,178493.0,0.00095264,0.00092951,-3.658935042435e-06,-0.39117,3.843852862958106,16.980219506069343,22965611624.0,44999999000.0,0.05413,-98.27504,0.00038451,2026-04-27 09:10:05.958000+00:00,2.3130000000000004e-05,2.488407870813655,2026-04-27 09:10:13,0,47,Neutral,37.3,14,Medium,Small,Bullish,0,0.0009312762276503981,16.87877838830446,12.092310266191507,10.031663703641605,-98.27504,0.017212451505634583,0.008341821528024596,0.5103469363188208,0,4.786468122112954,1
usdh-2,usdh,USDH,1.0,21362152,840,3821309.0,1.001,0.99882,0.00032508,0.03251,0.0645786181818858,0.0520519056425436,21359849.0,100103788251.7478,1.11,-10.05896,0.716867,2026-04-27 09:10:08.544000+00:00,0.0021799999999998,0.2182575439017889,2026-04-27 09:10:13,0,47,Neutral,37.3,14,Low,Small,Neutral,0,0.6931471805599453,16.877131362856854,15.156103853732214,0.04423514338552616,-10.05896,0.9009009009009008,0.17888221186704412,0.00021337702971123133,0,1.7210275091246405,1
xai-blockchain,xai,Xai,0.01056301,21341938,841,6482849.0,0.01099551,0.01046818,-0.0004153880521422,-3.78369,6.663230665694099,15.295957701866016,2021462885.985458,2172147882.98608,1.59,-99.3363,0.00878089,2026-04-27 09:10:05.952000+00:00,0.0005273299999999,5.037456367773571,2026-04-27 09:10:13,0,47,Neutral,37.3,14,High,Small,Bullish,0,0.010507611187198113,16.876184661940712,15.684670786453086,7.664098621119609,-99.3363,0.00664340251572327,0.3037610267633614,0.9306285735971744,0,1.191513875487626,1
nasdaq-xstock,qqqx,Nasdaq xStock,664.74,21225754,842,341141.0,667.17,662.78,0.944872,0.14234,3.0751320501012205,18.320293590245125,31925.709368467,220107.0072842276,2014.76,-67.00564,543.74,2026-04-27 09:10:08.018000+00:00,4.389999999999986,0.6623615679410946,2026-04-27 09:10:13,0,47,Neutral,37.3,14,Low,Small,Bullish,0,6.500899203927832,16.87072586078935,12.740054091873345,11.049112154147075,-67.00564,0.329935079116123,0.016072032117210065,0.14504631071213844,0,4.130671768916004,1
humidifi,wet,HumidiFi,0.092226,21192012,843,6313529.0,0.097749,0.090892,-0.0052342770350294,-5.37065,-5.336463403075687,-12.282177557837134,230000000.0,1000000000.0,0.333169,-72.4821,0.06229,2026-04-27 09:10:09.344000+00:00,0.006857,7.544118294239318,2026-04-27 09:10:13,0,47,Neutral,37.3,14,High,Small,Bearish,0,0.08821781561646724,16.869134923372886,15.658205507572083,-9.51756653470228,-72.4821,0.27681446953348005,0.2979202257907366,0.23,0,1.2109294158008037,0
xpin-network,xpin,XPIN Network,0.0013724,21099882,844,3515695.0,0.00137606,0.00122848,0.00013266,7.652019999999999,18.42189459917382,22.93720384820497,15465000000.0,100000000000.0,0.00999923,-86.29307,0.00052098,2026-04-27 09:10:08.260000+00:00,0.00014758,12.013219588434492,2026-04-27 09:10:13,0,47,Neutral,37.3,14,Extreme,Small,Bullish,0,0.0013714591198642192,16.864778053407225,15.07274807216065,16.82313030892298,-86.29307,0.13725056829375862,0.16662154793093156,0.15465,0,1.792029981246575,1
loopring,lrc,Loopring,0.01692841,21092318,845,1950977.0,0.01722174,0.01683608,-0.0001112363703958,-0.65281,-1.0241725917757378,-26.185643923671293,1245991468.94246,1373873397.442457,3.75,-99.54921,0.01574246,2026-04-27 09:10:09.769000+00:00,0.0003856599999999,2.290675739245712,2026-04-27 09:10:13,0,47,Neutral,37.3,14,Medium,Small,Strong Bear,0,0.01678672127502967,16.864419503735842,14.48384134327309,-15.972510354202775,-99.54921,0.004514242666666667,0.09249704086577872,0.9069186951737647,0,2.3805781604627523,0
corn-3,corn,Corn,0.03994005,20969856,846,5381709.0,0.04020026,0.03976154,-0.0001147193778739,-0.28641,-2.782803916498036,-14.683889233733002,525000000.0,2100000000.0,0.187137,-78.65884,0.0210968,2026-04-27 09:10:07.468000+00:00,0.00043872,1.1033777866752736,2026-04-27 09:10:13,0,47,Neutral,37.3,14,Low,Small,Bearish,0,0.03916306726101954,16.858596583589232,15.498516725502478,-8.924897540239801,-78.65884,0.2134267942737139,0.25664024588437806,0.25,0,1.3600798580867544,0
drift-protocol,drift,Drift Protocol,0.03426756,20966319,847,3603805.0,0.03645866,0.03387577,-0.0012459876318571,-3.50849,-3.3949957657863408,-47.89868355854981,611515824.085346,1000000000.0,2.6,-98.68646,0.02667806,2026-04-27 09:10:06.429000+00:00,0.0025828899999999,7.624594215865786,2026-04-27 09:10:13,0,47,Neutral,37.3,14,High,Small,Strong Bear,0,0.03369350470207716,16.858427898684628,15.097501067182728,-30.14260613512989,-98.68646,0.01317983076923077,0.17188544159802205,0.611515824085346,0,1.7609268315018998,0
mezo,mezo,MEZO,0.04186045,20954272,848,1851586.0,0.04943731,0.04161688,-0.0059647924703149,-9.850639999999999,-13.143825632647992,,500000000.0,1000000000.0,0.137275,-69.54372,0.02833216,2026-04-27 09:10:09.521000+00:00,0.0078204299999999,18.791485570278205,2026-04-27 09:10:13,0,47,Neutral,37.3,14,Extreme,Small,Unknown,0,0.04100800921844838,16.85785314534888,14.431553667159756,-3.9402559999999998,-69.54372,0.3049386268439264,0.08836317482182153,0.5,0,2.426299478189124,0
microstrategy-ondo-tokenized-stock,mstron,MicroStrategy (Ondo Tokenized Stock),172.16,20945963,849,3584549.0,177.02,170.72,-0.2890308273418043,-0.1676,6.827352629333787,37.0712964136914,121729.9286041773,121729.9286041773,362.7,-52.49678,101.13,2026-04-27 09:10:08.219000+00:00,6.300000000000011,3.690253045923156,2026-04-27 09:10:13,0,47,Neutral,37.3,14,Medium,Small,Bullish,0,5.15421602257378,16.85745653660851,15.092143501124633,22.17573784821484,-52.49678,0.4746622553074166,0.1711331677612531,1.0,0,1.7653130354838762,1
coin98,c98,Coin98,0.02085195,20857587,850,2882719.0,0.02170076,0.0207204,-0.0005060089822558,-2.36918,-3.3368262449920034,-18.445140859309888,999998884.0,1000000000.0,6.42,-99.67643,0.01666911,2026-04-27 09:10:04.934000+00:00,0.0009803599999999,4.731375842165207,2026-04-27 09:10:13,0,47,Neutral,37.3,14,Medium,Small,Strong Bear,0,0.020637523771142335,16.853228372855302,14.874244850849527,-12.014756515585933,-99.67643,0.0032479672897196264,0.13820961168710455,0.999998884,0,1.978983522005775,0
santos-fc-fan-token,santos,Santos FC Fan Token,1.29,20686085,851,1969105.0,1.29,1.26,0.00706324,0.55258,-0.2763825262273928,27.84884221289326,16094854.291549,30000000.0,22.34,-94.24836,0.734,2026-04-27 09:10:04.984000+00:00,0.03,2.3809523809523827,2026-04-27 09:10:13,0,47,Neutral,37.3,14,Medium,Small,Bullish,0,0.8285518175661483,16.844971858312384,14.493090190605963,16.930337327735955,-94.24836,0.05774395702775291,0.0951898341324615,0.5364951430516334,0,2.3518816677064205,0
hunt-token,hunt,Hunt,0.102226,20682509,852,50082.0,0.10481,0.100287,0.00142004,1.40869,2.59214567429068,8.175936073958594,198912688.0,198912688.0,1.46,-93.12076,0.00039817,2026-04-27 09:10:09.667000+00:00,0.0045229999999999,4.51005613888141,2026-04-27 09:10:13,0,47,Neutral,37.3,14,Medium,Small,Neutral,0,0.0973317713740433,16.8447989735469,10.821436908133153,5.469037644375156,-93.12076,0.07001780821917808,0.0024214663704485756,1.0,0,6.023362065413748,1
propy,pro,Propy,0.355309,20610927,853,5591541.0,0.383475,0.344938,0.00828582,2.38768,3.975271633986345,0.400748796485469,57896591.39105386,100000000.0,5.15,-93.11097,0.0303544,2026-04-27 09:10:09.701000+00:00,0.0385369999999999,11.172152676712912,2026-04-27 09:10:13,0,47,Neutral,37.3,14,Extreme,Small,Neutral,0,0.3040294726139625,16.841331978539046,15.536765656823404,1.1955212778912814,-93.11097,0.06899203883495145,0.2712901268341788,0.5789659139105386,0,1.304566321715642,1
commonwealth-2,cwu,CommonWealth,0.0228191,20560445,854,303111.0,0.0234187,0.02153622,0.00103137,4.73372,4.3299880333680445,,900496850.9352007,999999338.4776912,0.03663069,-37.64151,0.01140859,2026-04-27 09:10:05.369000+00:00,0.00188248,8.740995402164366,2026-04-27 09:10:13,0,47,Neutral,37.3,14,High,Small,Unknown,0,0.022562638488143764,16.838879690922962,12.62185765315629,1.893488,-37.64151,0.62295031843517,0.014742433833508954,0.9004974466343507,0,4.217022037766672,1
mezo-usd,musd,Mezo USD,1.004,20480453,855,856566.0,1.005,1.003,0.0005843,0.05824,-0.6639753035490463,0.8375198750509507,20400701.5029263,20400701.5029263,1.1,-8.99169,0.963531,2026-04-27 09:10:07.992000+00:00,0.002,0.1994017946161517,2026-04-27 09:10:13,0,47,Neutral,37.3,14,Low,Small,Neutral,0,0.6951451832226183,16.834981525858627,13.660687819022538,0.5258079250305704,-8.99169,0.9127272727272726,0.041823586616956177,1.0,0,3.174293706836089,0
orderly-network,order,Orderly,0.054819,20448441,856,6268925.0,0.05772,0.054423,-0.00240451960185,-4.20201,4.266186485567819,4.958130216939904,372327735.2136103,1000000000.0,0.491538,-88.89026,0.04693921,2026-04-27 09:10:06.443000+00:00,0.003297,6.05810043547765,2026-04-27 09:10:13,0,47,Neutral,37.3,14,High,Small,Neutral,0,0.05336918822820387,16.833417251731728,15.651115606070947,1.2940741301639422,-88.89026,0.11152545683141488,0.30657227120639663,0.3723277352136103,0,1.1823016456607807,1
jpycoin,jpyc,JPY Coin,0.00624389,20433698,857,310838.0,0.00625456,0.00621927,-3.052104876959e-06,-0.04886,-0.3703203032492964,0.5929070203458107,3275482436.95474,3275482436.95474,0.00671645,-7.13283,0.00617817,2026-04-27 09:10:09.252000+00:00,3.529000000000032e-05,0.5674299395266699,2026-04-27 09:10:13,0,47,Neutral,37.3,14,Low,Small,Neutral,0,0.006224477682511664,16.83269600767364,12.647030372228826,0.33620021220748636,-7.13283,0.9296414028244088,0.015212028679292411,1.0,0,4.185665635444813,0
optio,opt,Optio,0.00131896,20378536,858,16789.22,0.00134407,0.00131498,-2.0189471649086e-05,-1.50763,-0.5795156885343499,2.957476983129298,15450465300.93289,17410410909.25449,0.03491861,-96.21703,0.00082509,2026-04-27 09:10:07.361000+00:00,2.9089999999999845e-05,2.212200946021981,2026-04-27 09:10:13,0,47,Neutral,37.3,14,Medium,Small,Neutral,0,0.0013180909363487286,16.82999279711734,9.728551853023266,1.1714341898775786,-96.21703,0.037772408466430936,0.0008238678185714617,0.8874268035064128,0,7.101440944094076,0
troll-2,troll,TROLL,0.02039775,20374941,859,1677234.0,0.02278741,0.01981888,-0.0022704997703134,-9.850639999999999,-13.803002947642796,74.57419802785672,998881987.314943,998881987.314943,0.282604,-92.81678,0.00387003,2026-04-27 09:10:07.561000+00:00,0.00296853,14.978293425259148,2026-04-27 09:10:13,0,47,Neutral,37.3,14,Extreme,Small,Bullish,0,0.02019250226544808,16.829816370461383,14.332657162174531,40.804262816714036,-92.81678,0.07217785310894395,0.0823184714988868,1.0,0,2.4971592082868526,0
global-commercial-business,gcb,Global Commercial Business,0.01693017,20347434,860,891.13,0.0169331,0.01686013,-1.712841474599e-06,-0.01012,0.2145387756009204,-0.6880422468867003,1201844746.3739874,1201844746.3739874,0.342361,-95.05487,0.01,2026-04-27 09:10:06.387000+00:00,7.296999999999859e-05,0.4327961884042329,2026-04-27 09:10:13,0,47,Neutral,37.3,14,Low,Small,Bearish,0,0.016788451975499514,16.828465417682594,6.793611861871295,-0.4168733481320202,-95.05487,0.04945122253995052,4.37956943366913e-05,1.0,0,10.0348535558113,1
wilder-world,wild,Wilder World,0.04237627,20344425,861,468215.0,0.04351,0.03963615,0.00264023,6.64443,17.894337112649588,114.0552389045426,479228433.0312072,499968908.6318912,7.44,-99.43036,0.0008609,2026-04-27 09:10:04.484000+00:00,0.0038738499999999,9.773527449058491,2026-04-27 09:10:13,0,47,Neutral,37.3,14,High,Small,Bullish,0,0.041502981795777535,16.8283175256997,13.056685006885207,71.09091534272555,-99.43036,0.005695735215053763,0.023014413039444466,0.9585164692391813,0,3.771632518814492,1
marlin,pond,Marlin,0.00247448,20281337,862,2213147.0,0.00253753,0.00243907,2.489e-05,1.01624,3.774608549567253,16.678100479839706,8202394162.0,10000000000.0,0.323362,-99.23574,0.00205413,2026-04-27 09:10:09.588000+00:00,9.845999999999988e-05,4.036784512129618,2026-04-27 09:10:13,0,47,Neutral,37.3,14,Medium,Small,Bullish,0,0.002471423515466346,16.825211710842275,14.609926494338781,10.413356287903824,-99.23574,0.007652352471842702,0.10912234237811837,0.8202394162,0,2.215285216503494,1
coindepo,coindepo,COINDEPO,0.07411,20276167,863,1306799.0,0.074425,0.074041,-3.3292810587907e-05,-0.0449,-1.004609229494657,5.419700780104256,273664950.52911603,1000000000.0,0.10004,-25.94249,0.064137,2026-04-27 09:10:08.472000+00:00,0.000384,0.5186315689955692,2026-04-27 09:10:13,0,47,Neutral,37.3,14,Low,Small,Neutral,0,0.07149241169862591,16.82495676419797,14.083091958709051,3.233860468062553,-25.94249,0.7408036785285885,0.06445000181740464,0.27366495052911605,0,2.7418648054889196,0
chromaway,chr,Chromia,0.02100304,20259774,864,3288564.0,0.0225561,0.02070519,-0.0012293260410154,-5.52944,7.541109600940367,39.16360489248604,965731915.3782,965731915.3782,1.49,-98.6055,0.00874003,2026-04-27 09:10:07.151000+00:00,0.00185091,8.939352886884887,2026-04-27 09:10:13,0,47,Neutral,37.3,14,High,Small,Bullish,0,0.020785516651161462,16.824147951096293,15.005961857378892,21.286386935491624,-98.6055,0.014096000000000001,0.16231987582882218,1.0,0,1.8181860937174008,1
infinex-2,inx,Infinex,0.01014968,20232799,865,4046327.0,0.01010916,0.00934042,0.00060223,6.30772,19.861165134761634,-14.198096948691685,1994300001.0,10000000000.0,0.03339159,-69.88937,0.00836452,2026-04-27 09:10:09.363000+00:00,0.00076874,8.2302508880757,2026-04-27 09:10:13,0,47,Neutral,37.3,14,High,Small,Bearish,0,0.010098517892728346,16.82281560787088,15.213320361145223,-5.99577016921501,-69.88937,0.30395917055761645,0.1999884939300786,0.1994300001,0,1.6094952467256558,1
faith-tribe,ftrb,Faith Tribe,0.00612097,20200256,866,189203.0,0.00638759,0.00573954,-7.026814474074e-06,-0.11467,1.746134590034289,2.1760531315599136,3300174381.05,5000000000.0,0.07116,-91.32929,0.00173617,2026-04-27 09:10:05.040000+00:00,0.00064805,11.290974538029191,2026-04-27 09:10:13,0,47,Neutral,37.3,14,Extreme,Small,Neutral,0,0.006102312957221368,16.821205885062778,12.150581077025482,1.2597638789359482,-91.32929,0.08601700393479482,0.009366366446049,0.66003487621,0,4.670624808037296,1
usd-coinvertible,usdcv,USD CoinVertible,0.999277,20160088,867,14998429.0,1.001,0.998121,-0.0002791364518033,-0.02793,0.0096849719795361,-0.0141409693651344,20167176.0,20167176.0,1.13,-11.75366,0.978779,2026-04-27 09:10:08.613000+00:00,0.0028789999999998,0.2884419824850748,2026-04-27 09:10:13,0,47,Neutral,37.3,14,Low,Small,Bearish,0,0.6927856152030688,16.819215415840237,16.52345608692188,-0.01965658161908064,-11.75366,0.8843159292035399,0.7439664449877401,1.0,0,0.29575932891835777,1
egl1,egl1,EGL1,0.02096722,20149870,868,2377584.0,0.02128624,0.0209016,-0.0002677397901701,-1.26084,-7.352303145132109,-17.810251253265122,961452612.7108334,1000000000.0,0.122851,-82.94137,0.01688602,2026-04-27 09:10:07.893000+00:00,0.00038464,1.840241895357303,2026-04-27 09:10:13,0,47,Neutral,37.3,14,Low,Small,Strong Bear,0,0.020750432888478578,16.818708444351362,14.681595824602768,-11.190486751959073,-82.94137,0.17067195220226128,0.11799500443427179,0.9614526127108334,0,2.137112619748594,0
elephant-money,elephant,Elephant Money,4.0618e-08,20106752,869,32178.0,4.1327e-08,4.0218e-08,-2.48808033e-10,-0.60883,-0.3765895543280046,-1.5270335333631142,496871405769037.0,1000000000000000.0,6.01277e-07,-93.25105,3.28846e-13,2026-04-27 09:10:04.496000+00:00,1.1089999999999936e-09,2.757471778805494,2026-04-27 09:10:13,0,47,Neutral,37.3,14,Medium,Small,Bearish,0,4.061799917508906e-08,16.816566286753226,10.379069344861541,-1.1597521200178684,-93.25105,0.06755289159572045,0.0016003579295154186,0.496871405769037,0,6.437496941891684,0
olaxbt,aio,OlaXBT,0.086966,20015233,870,791086.0,0.10132,0.086576,-0.0143541057213157,-9.850639999999999,16.22500184241255,8.565116670394383,230250000.0,1000000000.0,0.204928,-57.79187,0.04432987,2026-04-27 09:10:08.151000+00:00,0.0147439999999999,17.030123821844384,2026-04-27 09:10:13,0,47,Neutral,37.3,14,Extreme,Small,Neutral,0,0.08339032890103208,16.812004241572044,13.5811632280594,1.19881400223663,-57.79187,0.42437343847595255,0.03952419639581513,0.23025,0,3.2308410135126433,1
researchcoin,rsc,ResearchCoin,0.09063,19953691,871,479570.0,0.0947,0.08954,0.00035966,0.39843,27.507404850782752,32.887277201376875,220159506.80700877,999873409.7953752,1.51,-93.98559,0.00308244,2026-04-27 09:10:05.256000+00:00,0.00516,5.7627875809694125,2026-04-27 09:10:13,0,47,Neutral,37.3,14,High,Small,Bullish,0,0.08675551092536665,16.80892474683481,13.08064723325141,19.891738320826125,-93.98559,0.06001986754966888,0.02403414987232187,0.22018738037254593,0,3.7282775135833983,1
wink,win,WINkLink,2.006e-05,19928291,872,2839882.0,2.071e-05,1.998e-05,-3.90871683673e-07,-1.91088,-0.8316854611962167,4.193149741025983,993701854154.286,993701859243.3864,0.00289424,-99.30868,1.864e-05,2026-04-27 09:10:09.705000+00:00,7.300000000000015e-07,3.6536536536536617,2026-04-27 09:10:13,0,47,Neutral,37.3,14,Medium,Small,Neutral,0,2.00597988008907e-05,16.807650988566703,14.859273412105663,1.7515378446155894,-99.30868,0.006931007794792415,0.14250504471256467,0.9999999948786447,0,1.9483775764610396,0
tree-capital,tree,Tree,0.19597,19864254,873,10246.11,0.202588,0.195251,-0.003954443667527,-1.97797,-2.8298475925341133,1.6426987124169987,101361867.09737062,114379782.24811225,0.429346,-54.36911,0.047353,2026-04-27 09:10:05.796000+00:00,0.0073369999999999,3.7577272331511655,2026-04-27 09:10:13,0,47,Neutral,37.3,14,Medium,Small,Neutral,0,0.1789575716018008,16.804432443381337,9.234750993591325,0.19443122745019914,-54.36911,0.4564383970038151,0.0005158064330027193,0.8861869213695196,0,7.5696814497900125,0
power-protocol,power,Power Protocol,0.094524,19786723,874,2228376.0,0.100275,0.092459,0.00193567,2.09062,10.937149457189337,13.893577057724334,210000000.0,1000000000.0,2.46,-96.18137,0.072742,2026-04-27 09:10:09.340000+00:00,0.007816,8.453476676148352,2026-04-27 09:10:13,0,47,Neutral,37.3,14,High,Small,Bullish,0,0.09031956556129221,16.800521765725215,14.616784075768765,9.1723942346346,-96.18137,0.038424390243902436,0.11261976023013007,0.21,0,2.18373768995645,1
infinit,in,INFINIT,0.06367,19781734,875,2731804.0,0.068697,0.063384,-0.0034400560733435,-5.12602,2.010987388529301,16.048508959938772,310277778.0,1000000000.0,0.306206,-79.23442,0.04496718,2026-04-27 09:10:08.216000+00:00,0.0053129999999999,8.382241575160922,2026-04-27 09:10:13,0,47,Neutral,37.3,14,High,Small,Bullish,0,0.061725192436937845,16.800269595175614,14.820473120844298,7.578697375963263,-79.23442,0.2079319151159677,0.13809729723390274,0.310277778,0,1.979796474331316,1
orochi-network,on,Orochi Network,0.135586,19754257,876,2104555.0,0.13978,0.123698,0.00854151,6.72323,11.740382717881095,-17.002138940167224,144275000.0,700000000.0,0.388143,-64.80543,0.060622,2026-04-27 09:10:09.364000+00:00,0.0160819999999999,13.00101860984008,2026-04-27 09:10:13,0,47,Neutral,37.3,14,Extreme,Small,Strong Bear,0,0.1271488172560779,16.798879621010865,14.559615076484729,-7.511991364100334,-64.80543,0.34931970948851326,0.10653678343862794,0.20610714285714285,0,2.2392645445261365,1
stakestone,sto,StakeStone,0.087442,19703608,877,12115416.0,0.090017,0.086433,-0.0012097579288638,-1.36462,-1.1847927814344992,-20.349593319527862,225333333.0,1000000000.0,1.71,-94.89052,0.050078,2026-04-27 09:10:07.443000+00:00,0.003584,4.146564390915511,2026-04-27 09:10:13,0,47,Neutral,37.3,14,Medium,Small,Strong Bear,0,0.08382814922509599,16.79631237489906,16.309989331780727,-12.755603991716717,-94.89052,0.05113567251461989,0.6148831219135095,0.225333333,0,0.4863230431183325,0
gama-token,gama,Gama Token,0.197875,19696928,878,140970.0,0.199232,0.194982,-6.2976704267081e-05,-0.03182,-12.74659343494916,-27.166561124132745,100028849.0,100028849.0,0.873173,-77.45858,0.194982,2026-04-27 09:10:08.054000+00:00,0.00425,2.179688381491627,2026-04-27 09:10:13,0,47,Neutral,37.3,14,Medium,Small,Strong Bear,0,0.1805491536817892,16.795973293231494,11.856309474447691,-16.312664674479645,-77.45858,0.2266160314164547,0.0071569536122587235,1.0,0,4.939663818783803,0
niza-global-2,niza,Niza Global,0.01005707,19692889,879,536633.0,0.01022453,0.00998791,-1.5197652299482e-05,-0.15089,-22.24408363619497,-67.67832670323703,1957964145.506361,2500000000.0,0.200762,-94.99524,5.705e-05,2026-04-27 09:10:08.447000+00:00,0.00023662,2.369064198616144,2026-04-27 09:10:13,0,47,Neutral,37.3,14,Medium,Small,Strong Bear,0,0.01000683420731855,16.795768214857606,13.193071576874692,-40.667352021942214,-94.99524,0.05009448999312619,0.027250090121363098,0.7831856582025444,0,3.6026966379829144,0
marcopolo,mapo,MAP Protocol,0.00317709,19679817,880,182194.0,0.0032035,0.00316139,-1.4233293618019e-05,-0.446,-9.438787236306569,-1.975821628261296,6197404200.0,9697223991.0,0.272627,-98.83154,0.0031419,2026-04-27 09:10:04.025000+00:00,4.211000000000015e-05,1.3320090213482092,2026-04-27 09:10:13,0,47,Neutral,37.3,14,Low,Small,Bearish,0,0.0031720537139026477,16.795104201578138,12.112832821060426,-1.3638929769567776,-98.83154,0.011653614645651384,0.009257911290536899,0.6390905485685197,0,4.682271380517712,0
dodo,dodo,DODO,0.01948378,19480442,881,1896636.0,0.02009866,0.01934107,-0.0004519461815384,-2.26702,13.484558842044104,37.194631661430144,1000000000.0,1000000000.0,8.38,-99.76798,0.0129848,2026-04-27 09:10:04.686000+00:00,0.00075759,3.917001489576339,2026-04-27 09:10:13,0,47,Neutral,37.3,14,Medium,Small,Bullish,0,0.019296401146125124,16.784921597193186,14.455592875835801,21.409970996858085,-99.76798,0.002325033412887828,0.09736103523729081,1.0,0,2.329328721357385,1
octra,oct,Octra,0.01936015,19360148,882,163800.0,0.02136293,0.01550458,-0.0018885034645471,-8.88764,,,1000000000.0,1000000000.0,0.081742,-76.33253,0.01550458,2026-04-27 09:10:09.243000+00:00,0.0058583499999999,22.92596993405186,2026-04-27 09:10:13,0,47,Neutral,37.3,14,Extreme,Small,Unknown,0,0.019175126537183847,16.77872733606408,12.006407555388575,-3.555056,-76.33253,0.23684458417949159,0.008460679122907532,1.0,0,4.772319780675504,0
marsmi,marsmi,MarsMi,0.0193864,19304240,883,11185.19,0.01976166,0.01929567,-0.0001359655272341,-0.69646,1.6484624125504723,2.21055697387433,999999277.339893,999999277.339893,0.187525,-89.69109,0.01754483,2026-04-27 09:10:08.115000+00:00,0.0004659899999999,2.4149977689295032,2026-04-27 09:10:13,0,47,Neutral,37.3,14,Medium,Small,Neutral,0,0.01920087765372303,16.775835370668254,9.322435260754892,1.047750184324598,-89.69109,0.10338034928676178,0.0005794162318744484,1.0,0,7.453400109913362,1
kernel-2,kernel,KernelDAO,0.067249,19260914,884,4966847.0,0.069588,0.06689,-0.0004296557749749,-0.63485,7.426616433107706,-14.945964794052138,286308020.0,1000000000.0,0.473196,-85.7664,0.0466818,2026-04-27 09:10:07.417000+00:00,0.0026979999999999,4.033487815817001,2026-04-27 09:10:13,0,47,Neutral,37.3,14,Medium,Small,Bearish,0,0.0650843096679105,16.773588470993957,15.418295991648217,-9.221518876431283,-85.7664,0.14211658593901894,0.25787182269751063,0.28630802,0,1.3552924793457404,1
okzoo,aiot,OKZOO,0.073138,19253617,898,9249377.0,0.085221,0.053088,0.01621551,7.652019999999999,78.70153068580677,532.0103037118354,263250100.0,1000000000.0,2.0,-96.37576,0.00909028,2026-04-27 09:10:07.844000+00:00,0.032133,22.92596993405186,2026-04-27 09:10:13,0,47,Neutral,37.3,14,Extreme,Small,Bullish,0,0.0705870667488189,16.773209549089994,16.040066863984435,322.26699022710125,-96.37576,0.036569,0.48039685218626715,0.2632501,0,0.7331426851055589,1
ishares-20-year-treasury-bond-etf-ondo-tokenized-etf,tlton,iShares 20+ Year Treasury Bond ETF (Ondo Tokenized ETF),89.07,19249963,885,113243.0,89.35,88.93,-0.058369371548693,-0.06549,-0.3696563014399239,1.2513555333685695,215615.8215816057,215615.8215816057,95.54,-6.5511,85.82,2026-04-27 09:10:08.255000+00:00,0.4199999999999875,0.4722815697739654,2026-04-27 09:10:13,0,47,Neutral,37.3,14,Low,Small,Neutral,0,4.5005871457956514,16.773019748566448,11.637300061809333,0.7246173200211417,-6.5511,0.9322796734352102,0.005882764553885117,1.0,0,5.135719686757115,0
swarm-network,truth,Swarm Network,0.00923622,19205923,886,1077530.0,0.00950116,0.00917673,-0.0001228696084152,-1.31284,-0.3345019375402991,0.149394534975861,2085305300.0,10000000000.0,0.050079,-81.61474,0.00843804,2026-04-27 09:10:08.537000+00:00,0.00032443,3.535355186433517,2026-04-27 09:10:13,0,47,Neutral,37.3,14,Medium,Small,Neutral,0,0.009193826954455506,16.770729331075486,13.890182870847807,-0.43549927901448343,-81.61474,0.1844329958665309,0.05610404665269146,0.20853053,0,2.880546460227679,0
yield-optimizer-usd,yousd,Yield Optimizer USD,1.046,19191436,887,31.6,1.046,1.046,0.000115,0.01099,0.0557504217141676,-2.5661345113756417,18341929.143952,18341929.143952,1.079,-2.98488,1.054e-12,2026-04-27 09:10:07.442000+00:00,0.0,0.0,2026-04-27 09:10:13,0,47,Neutral,37.3,14,Low,Small,Bearish,0,0.7158866675294348,16.76997474793174,3.484312288372662,-1.535284706825385,-2.98488,0.9694161260426322,1.646567771166264e-06,1.0,0,13.285662459559079,1
catizen,cati,Catizen,0.04648352,19122698,888,2646360.0,0.04800122,0.0462612,-0.0008047714830561,-1.70184,2.2787295083685364,-5.813995268187621,411801457.57,1000000000.0,1.11,-95.79655,0.03651096,2026-04-27 09:10:06.857000+00:00,0.0017400199999999,3.761294562181688,2026-04-27 09:10:13,0,47,Neutral,37.3,14,Medium,Small,Bearish,0,0.045435515049390224,16.766386616713106,14.788696046701709,-4.169133160912573,-95.79655,0.04187704504504504,0.13838842196849002,0.41180145757,0,1.9776905700113971,1
alphabet-xstock,googlx,Alphabet xStock,345.4,19104847,889,3800028.0,345.73,343.1,1.064,0.3091,2.0112814776600487,26.046480057467324,55315.55769152921,407121.5076483005,350.38,-1.59157,169.43,2026-04-27 09:10:07.671000+00:00,2.6299999999999955,0.7665403672398704,2026-04-27 09:10:13,0,47,Neutral,37.3,14,Low,Small,Bullish,0,5.84759417668828,16.765452682799037,15.150519256246442,15.751528034480394,-1.59157,0.9857868599805925,0.1989038697875989,0.135869897935519,0,1.6149334265525948,1
moonwell-artemis,well,Moonwell,0.00423558,19093563,890,2575536.0,0.00437469,0.00416908,5.125e-05,1.22483,0.1071335606338402,0.5349015341337202,4529877852.0,5000000000.0,0.298797,-98.58216,0.00298508,2026-04-27 09:10:05.145000+00:00,0.0002056099999999,4.931783510990417,2026-04-27 09:10:13,0,47,Neutral,37.3,14,Medium,Small,Neutral,0,0.004226635179804494,16.764861872881166,14.761568614027082,0.8108729204802321,-98.58216,0.014175443528549485,0.13489027689593608,0.9059755704,0,2.003293258854084,1
aurora-near,aurora,Aurora,0.02725587,19075671,891,240201.0,0.02787115,0.02764725,-0.0005180213229986,-1.86514,-6.513520296918375,-3.2669052269574848,699862094.0,999806099.0,35.4,-99.92154,0.02359788,2026-04-27 09:10:05.059000+00:00,0.0002238999999999,0.8098454638345554,2026-04-27 09:10:13,0,47,Neutral,37.3,14,Low,Small,Bearish,0,0.026891043050769902,16.763924363872054,12.389235514988027,-2.706199136174491,-99.92154,0.0007699398305084747,0.012592007903680032,0.6999978242781254,0,4.374688848884027,0
jpyc,jpyc,JPY Coin v1,0.0075802,19035426,892,1146.89,0.00774883,0.00749024,-9.2642811651614e-05,-1.20741,5.488220910324728,15.132665215232938,2511204026.472816,2511204026.472816,0.01558731,-51.37337,0.0002071,2026-04-27 09:10:04.923000+00:00,0.00025859,3.4523593369504906,2026-04-27 09:10:13,0,47,Neutral,37.3,14,Medium,Small,Bullish,0,0.00755161464821959,16.761812379908573,7.045680753473265,8.596635129139761,-51.37337,0.48630584751313727,6.025029332151537e-05,1.0,0,9.716131626435308,1
saucerswap,sauce,SaucerSwap,0.02119043,19014518,893,74535.0,0.02156356,0.02115538,-0.0003080835619998,-1.43305,1.3800105377777452,4.46643316867787,897318140.852884,1000000000.0,0.233467,-90.92353,0.00997926,2026-04-27 09:10:05.288000+00:00,0.0004081799999999,1.9294382800025225,2026-04-27 09:10:13,0,47,Neutral,37.3,14,Low,Small,Neutral,0,0.020969035013430955,16.76071340320546,11.219037509130262,2.106639901206722,-90.92353,0.09076413368912951,0.003919899520987069,0.8973181408528841,0,5.541675894075199,1
max-token,max,MAX,0.288047,18988969,894,25700.0,0.289157,0.287749,0.00029813,0.10361,-0.7497005364561377,1.377071223666292,65931156.49581612,285000000.0,0.696947,-58.60128,0.05479,2026-04-27 09:10:07.680000+00:00,0.001408,0.4893153408004964,2026-04-27 09:10:13,0,47,Neutral,37.3,14,Low,Small,Neutral,0,0.2531271176996229,16.75936884224428,10.154285180632154,0.8676867341997753,-58.60128,0.4132982852354627,0.001353417344564626,0.2313373912133899,0,6.605083661612127,0
metamui,mmui,MetaMUI,0.03973337,18908794,895,540972.0,0.03980093,0.03946852,-8.33871141101e-06,-0.02098,-0.0765080927297657,-2.2584496001483854,475892034.452127,800000000.0,0.935688,-95.75371,0.02861165,2026-04-27 09:10:04.507000+00:00,0.0003324099999999,0.8422155175821091,2026-04-27 09:10:13,0,47,Neutral,37.3,14,Low,Small,Bearish,0,0.03896430528359288,16.75513771570631,13.201124649004635,-1.363461760089031,-95.75371,0.04246433640273253,0.028609545378726956,0.5948650430651587,0,3.5540130667016765,0
incrypt,inc,Incrypt,0.00292415,18880974,896,98192.0,0.00301459,0.00290578,-3.3381516098576e-05,-1.12869,-4.766776334652987,-0.2967005790726423,6459600000.0,20999998785.70802,0.03726259,-92.19024,0.00165921,2026-04-27 09:10:10.275000+00:00,0.0001088099999999,3.7446055792248543,2026-04-27 09:10:13,0,47,Neutral,37.3,14,Medium,Small,Bearish,0,0.002919882989617194,16.753665359297383,11.494690208706073,-0.6294963474435854,-92.19024,0.07847414793228276,0.005200579165036719,0.3076000177864874,0,5.25897515059131,0
hydradx,hdx,Hydration,0.0031882,18868349,897,34192.0,0.00330584,0.00316968,-0.0001053150062438,-3.19764,3.0874611796071845,64.88452540322062,5918174822.0,6422921278.131422,0.03993264,-92.0296,0.00180375,2026-04-27 09:10:04.229000+00:00,0.00013616,4.295701774311608,2026-04-27 09:10:13,0,47,Neutral,37.3,14,Medium,Small,Bullish,0,0.003183128466895522,16.75299647314004,10.439776223738649,37.65165924193237,-92.0296,0.07983944963318228,0.0018121352323936769,0.9214148151169207,0,6.313220249401391,1
nxusd,nxusd,NXUSD,0.990956,18792520,899,5.15,1.011,0.990925,-0.0001163470177886,-0.01174,-1.6991370487605513,0.1242272678335923,18963850.98382207,18963850.98382207,2.43,-59.1938,0.03444433,2026-04-27 09:10:05.011000+00:00,0.0200749999999999,2.025884905517568,2026-04-27 09:10:13,0,47,Neutral,37.3,14,Medium,Small,Neutral,0,0.688614925390349,16.74896952950021,1.8164520818184267,0.06984036070015537,-59.1938,0.40780082304526744,2.740452052199492e-07,1.0,0,14.932517447681786,0
nillion,nil,Nillion,0.04191926,18788933,900,6931194.0,0.04501604,0.04156975,-0.0016576970731332,-3.80407,9.59857341555652,32.58338042189055,448417374.996,1000000000.0,0.897077,-95.33296,0.0301985,2026-04-27 09:10:06.443000+00:00,0.0034462899999999,8.290379422536814,2026-04-27 09:10:13,0,47,Neutral,37.3,14,High,Small,Bullish,0,0.041064454724404106,16.748778637475894,15.751542794972686,18.028400253134333,-95.33296,0.04672872005413136,0.36889769099714176,0.448417374996,0,0.9972358425032084,1
velodrome-finance,velo,Velodrome Finance,0.01626688,18766451,901,3280226.0,0.0168967,0.01623803,-0.0001361315578927,-0.82992,6.757543150131877,15.462873398698797,1152972152.039722,2448652455.528612,0.407515,-96.00597,0.00557275,2026-04-27 09:10:05.263000+00:00,0.00065867,4.056341809936304,2026-04-27 09:10:13,0,47,Neutral,37.3,14,Medium,Small,Bullish,0,0.016135991828038203,16.74758136565525,15.003423185282683,8.945756039219278,-96.00597,0.03991725457958603,0.17479202647319944,0.47085985985333295,0,1.7441581803725672,1
hundred,hundred,HUNDRED,0.00020839,18755157,902,1389.3,0.00020967,0.00020776,-4.6453917358e-07,-0.22242,2.0531975917580736,11.503258162506835,89999999969.50905,89999999969.50905,0.00020967,-0.59883,8.02e-06,2026-04-27 09:10:05.735000+00:00,1.909999999999987e-06,0.9193299961493968,2026-04-27 09:10:13,0,47,Neutral,37.3,14,Low,Small,Bullish,0,0.00020836828982002056,16.746979365882794,7.237274830175497,6.812986897504101,-0.59883,0.9938951685982735,7.407562623975901e-05,1.0,0,9.509704535707296,1
electroneum,etn,Electroneum,0.00103996,18698712,903,436790.0,0.00105176,0.00102641,9.85e-06,0.95614,0.7988260695977659,1.5367762167467456,17979817604.56,17979817604.56,0.207854,-99.49991,0.00084381,2026-04-27 09:10:03.965000+00:00,2.5350000000000155e-05,2.4697732874777287,2026-04-27 09:10:13,0,47,Neutral,37.3,14,Medium,Small,Neutral,0,0.0010394196162184278,16.743965255926955,12.987210098804955,1.3045217300480472,-99.49991,0.005003319637822702,0.023359362933660886,1.0,0,3.756755157122001,1
jpy-coin,jpyc,JPY Coin,0.0070892,18644584,904,90.56,0.00757234,0.00707572,-3.2520036645849e-05,-0.45663,-1.3772354688125603,5.579730619049513,2630000000.0,2630000000.0,0.079633,-91.10304,0.0009003,2026-04-27 09:10:05.041000+00:00,0.00049662,7.018649692186811,2026-04-27 09:10:13,0,47,Neutral,37.3,14,High,Small,Neutral,0,0.007064189753871063,16.741066313369334,4.516994495084366,3.1651863714297073,-91.10304,0.08902339482375399,4.857174608991008e-06,1.0,0,12.224071818284969,0
joe,joe,JOE,0.04593719,18538269,905,2659681.0,0.04776455,0.04580281,-0.0010728286184385,-2.28213,-2.218635840686709,23.275854061299363,403574248.5492458,499707918.9306487,5.09,-99.09825,0.02658814,2026-04-27 09:10:10.405000+00:00,0.00196174,4.283012330466195,2026-04-27 09:10:13,0,47,Neutral,37.3,14,Medium,Small,Bullish,0,0.04491331603864254,16.73534780198981,14.793717124739166,13.052660436779618,-99.09825,0.009024988212180748,0.1434697597709905,0.8076202782875156,0,1.9416306772506449,0
huobi-token,ht,Huobi,0.169374,18528409,906,113267.0,0.175712,0.167272,-0.0028400301600568,-1.64913,-0.6942683070756368,-0.9866780424609324,109395689.2524321,109395689.2524321,39.66,-99.57295,0.145929,2026-04-27 09:10:05.312000+00:00,0.00844,5.045674111626574,2026-04-27 09:10:13,0,47,Neutral,37.3,14,High,Small,Bearish,0,0.15646856288818167,16.734815787780143,11.637511971112945,-1.2516588254765595,-99.57295,0.004270650529500757,0.00611315305053985,1.0,0,5.097303816667198,0
edexa,edx,edeXa,0.02528071,18518384,907,2934.8,0.02528686,0.0248029,1.039e-05,0.04111,143.1269784645449,148.30126791704708,732469445.2454572,2500000000.0,0.07137,-64.57805,0.00051047,2026-04-27 09:10:07.095000+00:00,0.00048396,1.951223445645477,2026-04-27 09:10:13,0,47,Neutral,37.3,14,Low,Small,Bullish,0,0.024966438511266,16.734274580356146,7.984735267523133,88.99720475022825,-64.57805,0.35422040072859745,0.00015848035120127112,0.2929877780981829,0,8.749539312833013,1
moviebloc,mbl,MovieBloc,0.00095143,18368403,908,2049959.0,0.00096124,0.0009441,-8.60636721686e-07,-0.09038,-2.476530130955425,1.8429526882594287,19305887214.0,30000000000.0,0.0450322,-97.89273,0.00042973,2026-04-27 09:10:09.589000+00:00,1.7140000000000015e-05,1.815485647706812,2026-04-27 09:10:13,0,47,Neutral,37.3,14,Low,Small,Neutral,0,0.0009509776773570357,16.72614257263307,14.533330838729103,1.0696196129556572,-97.89273,0.021127770795119936,0.11160246211932523,0.6435295738,0,2.192811733903966,0
chainflip,flip,Chainflip,0.203352,18348948,909,106084.0,0.204941,0.199851,0.00331629,1.65785,1.011300683672769,-0.5266680440466024,90232888.00491484,91608857.00491484,9.48,-97.85364,0.191282,2026-04-27 09:10:04.996000+00:00,0.00509,2.546897438591756,2026-04-27 09:10:13,0,47,Neutral,37.3,14,Medium,Small,Bearish,0,0.18511099602173678,16.725082855620208,11.571995938547216,0.34713917357203866,-97.85364,0.021450632911392403,0.005781475864447379,0.984979956687745,0,5.153086917072992,1
meme-horse,mhorse,MEME HORSE,0.01833527,18331467,910,615983.0,0.01834477,0.0183274,-2.633932526318e-06,-0.01436,-28.600405759379694,-55.27995880820755,999999999.0,999999999.0,0.04677669,-60.81032,0.01028842,2026-04-27 09:10:03.787000+00:00,1.736999999999919e-05,0.0947761275467289,2026-04-27 09:10:13,0,47,Neutral,37.3,14,Low,Small,Strong Bear,0,0.018169205753967865,16.72412970389767,13.330976268152352,-33.17371928492453,-60.81032,0.391974506960625,0.033602493461107066,1.0,0,3.393153435745319,0
apertum,aptm,Apertum,0.201507,18283443,911,784668.0,0.205735,0.199414,-0.0001276921369263,-0.06333,-15.567802712070932,-15.4670612048999,90733392.037884,94904117.276919,2.08,-90.29349,0.188788,2026-04-27 09:10:07.478000+00:00,0.0063209999999999,3.1697874773085104,2026-04-27 09:10:13,0,47,Neutral,37.3,14,Medium,Small,Strong Bear,0,0.18357660222818503,16.721506508870554,13.573017251791681,-9.30556872293994,-90.29349,0.09687836538461538,0.04291686199366279,0.9560532739916296,0,3.1484892570788734,0
radix,xrd,Radix,0.00136095,18265168,912,1617.06,0.00138118,0.00133911,2.179e-05,1.6273,5.407163751224762,3.776057058915853,13420996715.40627,13421516725.75386,0.651264,-99.79103,0.00101084,2026-04-27 09:10:06.847000+00:00,4.207000000000017e-05,3.141638849683758,2026-04-27 09:10:13,0,47,Neutral,37.3,14,Medium,Small,Neutral,0,0.0013600247469357167,16.720506470837755,7.3889831797491805,2.916554235349512,-99.79103,0.0020897055571933963,8.853244601965884e-05,0.9999612554707328,0,9.331523291088574,1
re-protocol-reusde,reusde,Re Protocol reUSDe,1.33,18247915,913,114697.0,1.34,1.31,-0.0041712363088406,-0.31258,1.0258988752557268,-0.285503600947963,13717325.14654841,13717325.14654841,1.64,-18.85244,1.045,2026-04-27 09:10:07.451000+00:00,0.03,2.2900763358778646,2026-04-27 09:10:13,0,47,Neutral,37.3,14,Medium,Small,Bearish,0,0.8458682675776092,16.719561439691574,11.650057866173809,-0.2963341605687778,-18.85244,0.8109756097560976,0.006285485218448244,1.0,0,5.069503573517766,1
moonbeam,glmr,Moonbeam,0.01666121,18232493,914,5607349.0,0.01907218,0.01652379,-0.0009848155801867,-5.58095,19.9707759138475,60.301828859408815,1094306003.0,1228416183.0,19.5,-99.9151,0.00995258,2026-04-27 09:10:05.053000+00:00,0.00254839,15.4225513638215,2026-04-27 09:10:13,0,47,Neutral,37.3,14,Extreme,Small,Bullish,0,0.016523934723692266,16.71871594475779,15.539588795130173,33.94871731564529,-99.9151,0.0008544210256410256,0.3075470260704337,0.890826755739671,0,1.1791271496276163,1
verified-emeralds,verem,Verified Emeralds,7.26,18147410,915,98920.0,7.41,6.97,-0.0090164563505608,-0.12406,-6.494571007142751,-38.9017640266929,2499999.693824176,50000000.0,390.06,-98.13901,5.53,2026-04-27 09:10:09.597000+00:00,0.4400000000000004,6.312769010043047,2026-04-27 09:10:13,0,47,Neutral,37.3,14,High,Small,Strong Bear,0,2.1114245875328868,16.71403846387232,11.50207683076339,-23.390682416015743,-98.13901,0.018612521150592216,0.00545091558519921,0.049999993876483524,0,5.211961633108931,0
concierge-io,ava,AVA (Travala),0.250752,18094156,916,4978566.0,0.270353,0.248746,-0.0196001643787934,-7.24985,9.99648171123464,32.32743501540756,72161693.0,72161693.0,6.45,-96.12074,0.01218947,2026-04-27 09:10:05.502000+00:00,0.021607,8.686370836113953,2026-04-27 09:10:13,0,47,Neutral,37.3,14,High,Small,Bullish,0,0.22374497042547453,16.71109962643965,15.420652656588556,16.496521009244535,-96.12074,0.038876279069767435,0.2751477327817888,1.0,0,1.2904469698510947,1
404-gen,sn17,404—GEN,3.93,18072249,917,287375.0,4.03,3.8,0.109007,2.85095,12.16291990953217,9.03780274089964,4586435.754396252,4586435.754396252,15.38,-74.46112,1.67,2026-04-27 09:10:07.655000+00:00,0.2300000000000004,6.05263157894738,2026-04-27 09:10:13,0,47,Neutral,37.3,14,High,Small,Neutral,0,1.5953389880545987,16.709888170588965,12.568546741833243,6.563061644539784,-74.46112,0.2555266579973992,0.01590145199969301,1.0,0,4.141341428755721,1
punkstrategy,pnkstr,PunkStrategy,0.01926261,18063356,918,969998.0,0.02201203,0.01904612,-0.0013412920926007,-6.50989,43.38697441401271,72.25333975890315,935539442.1472102,935539442.1472102,0.31653,-93.91628,0.00698235,2026-04-27 09:10:08.330000+00:00,0.0029659099999999,15.57225303631395,2026-04-27 09:10:13,0,47,Neutral,37.3,14,Extreme,Small,Bullish,0,0.019079434482735844,16.709395969078162,13.7850503195512,40.748047855341895,-93.91628,0.06085555871481376,0.05369976653286355,1.0,0,2.9243456495269626,1
enso,enso,Enso,0.871291,17964943,919,38279932.75,1.14,0.8626,-0.1795928844085041,-9.850639999999999,10.52833701486033,-16.965578708040393,20590000.0,100000000.0,4.63,-81.16987,0.541666,2026-04-27 09:10:07.969000+00:00,0.2773999999999998,22.92596993405186,2026-04-27 09:10:13,0,47,Neutral,37.3,14,Extreme,Small,Strong Bear,0,0.6266285669993118,16.70393286135262,17.460436393878773,-14.119603224824235,-81.16987,0.18818380129589635,2.1308129254849293,0.2059,0,-0.7565035325261533,1
abey,abey,Abey,0.01722771,17919844,920,20197.0,0.01730699,0.01715654,-4.1102607466377e-05,-0.23802,4.334421842423918,43.52217370088311,1040175921.514562,1337467187.513584,1.31,-98.68735,0.00907321,2026-04-27 09:10:04.867000+00:00,0.0001504499999999,0.8769250676418431,2026-04-27 09:10:13,0,47,Neutral,37.3,14,Low,Small,Bullish,0,0.01708099564189575,16.70141931592008,9.913338868586502,26.018096220529866,-98.68735,0.013150923664122138,0.001127074543729287,0.7777207031510801,0,6.788080447333579,1
fluent-network,blend,Fluent,0.089608,17916082,921,18091628.0,0.101084,0.088325,0.00106408,1.20176,,,200000000.0,1000000000.0,0.273717,-67.51364,0.088235,2026-04-27 09:10:03.983000+00:00,0.0127589999999999,14.445513727710152,2026-04-27 09:10:13,0,47,Neutral,37.3,14,Extreme,Small,Unknown,0,0.08581799853006349,16.701209359029118,16.710959903068485,0.480704,-67.51364,0.327374624155606,1.0097982360205764,0.2,0,-0.009750544039366815,0
solayer,layer,Solayer,0.084932,17828518,922,9887844.0,0.089631,0.084582,-0.0037878691881631,-4.26948,1.9810726264988088,11.041390688392095,210000000.0,1000000000.0,3.39,-97.50019,0.072869,2026-04-27 09:10:07.818000+00:00,0.0050489999999999,5.969355181953604,2026-04-27 09:10:13,0,47,Neutral,37.3,14,High,Small,Bullish,0,0.08151731221734028,16.696309924134837,16.106816782990403,4.917042413035256,-97.50019,0.025053687315634215,0.554608296662684,0.21,0,0.589493141144434,1
gaib-aid,aid,GAIB AID,0.997946,17813533,923,0.995451,,,,,-0.0270188955493976,-0.0393086940242848,17850198.06210385,17850198.06210385,1.23,-18.77672,0.574183,2026-04-25 22:32:41.574000+00:00,,,2026-04-27 09:10:13,0,47,Neutral,37.3,14,Unknown,Small,Bearish,0,0.692119652834098,16.695469063431165,0.6908700899558554,-0.02358521641457088,-18.77672,0.8113382113821138,5.588172767300007e-08,1.0,0,16.00459897347531,0
royal-euro,reur,Royal Euro,1.17,17625007,924,38279932.75,1.18,1.17,0.00376634,0.32161,-0.0526411432556709,2.104009811671836,15000000.0,5000000000.0,1.18,-0.86938,1.14,2026-04-27 09:10:03.830000+00:00,0.01,0.8547008547008554,2026-04-27 09:10:13,0,47,Neutral,37.3,14,Low,Small,Neutral,0,0.7747271675523681,16.684829360563214,17.460436393878773,1.3910498870031016,-0.86938,0.9915254237288136,2.1719102154115455,0.003,0,-0.7756070333155591,0
qkacoin,qka,Qkacoin,0.554183,17549811,925,539.58,0.577863,0.546544,-0.0229819677437491,-3.98187,0.5503581970689752,7.374761824855389,31668129.0,31668129.0,2.5,-77.83092,0.15587,2026-04-27 09:10:07.288000+00:00,0.0313189999999999,5.730371205246052,2026-04-27 09:10:13,0,47,Neutral,37.3,14,High,Small,Neutral,0,0.4409500056299791,16.68055379556806,6.292642637227534,2.832109094913233,-77.83092,0.2216732,3.074563025208648e-05,1.0,0,10.387911158340525,1
hegic,hegic,Hegic,0.01627885,17543469,926,57.16,0.01629738,0.01606103,0.00015493,0.96087,0.6015944430579122,14.103581900229676,1077684725.0,1077684725.0,0.642093,-97.46472,0.0048443,2026-04-27 00:55:44.999000+00:00,0.0002363499999999,1.4715743635370817,2026-04-27 09:10:13,0,47,Neutral,37.3,14,Low,Small,Bullish,0,0.016147770160819076,16.680192358865217,4.063197833225264,8.846497140137805,-97.46472,0.025352791573806287,3.2581925501735146e-06,1.0,0,12.616994525639953,1
griffain,griffain,GRIFFAIN,0.01748891,17446554,927,2134608.0,0.01805127,0.01692329,-0.0005623640849307,-3.11537,5.153032460537689,65.18196873452506,999850931.553812,999850931.553812,0.62487,-97.23031,0.00734736,2026-04-27 09:10:09.014000+00:00,0.00112798,6.665252442048801,2026-04-27 09:10:13,0,47,Neutral,37.3,14,High,Small,Bullish,0,0.01733773901231634,16.67465276591914,14.573794049699718,37.86303324071503,-97.23031,0.027988077520124183,0.12235126776324998,1.0,0,2.100858716219424,1
smardex,sdex,SMARDEX,0.00178074,17437691,928,118771.0,0.00178563,0.00178024,-2.86079317975e-06,-0.16039,-2.3141870769242145,-14.184858296599373,9792407441.064207,9866238302.32036,0.02634045,-93.23924,0.00169891,2026-04-27 09:10:05.487000+00:00,5.390000000000082e-06,0.30276816608997,2026-04-27 09:10:13,0,47,Neutral,37.3,14,Low,Small,Bearish,0,0.0017791563622788344,16.67414462823793,11.684960967895682,-8.575070977959625,-93.23924,0.06760476757230799,0.0068111655379143946,0.9925168175556038,0,4.989183660342247,0
nova-3,sn68,NOVA,4.11,17426186,929,240018.0,4.24,4.09,-0.0050782747021766,-0.12332,2.1282494238356,-33.996486754174526,4228610.725367585,4228610.725367585,14.03,-70.70508,1.72,2026-04-27 09:10:07.740000+00:00,0.1500000000000003,3.667481662591696,2026-04-27 09:10:13,0,47,Neutral,37.3,14,Medium,Small,Strong Bear,0,1.631199404215613,16.673484632807263,12.38847336585728,-20.447220052504715,-70.70508,0.29294369208838206,0.013773409740949627,1.0,0,4.285011266949983,1
yei-finance,clo,Yei Finance,0.133484,17287884,930,4584039.0,0.140953,0.118678,0.0140336,7.652019999999999,13.740936894422234,95.39889009419645,129100000.0,1000000000.0,0.910057,-85.30744,0.053637,2026-04-27 09:10:09.246000+00:00,0.0222749999999999,18.76927484453731,2026-04-27 09:10:13,0,47,Neutral,37.3,14,Extreme,Small,Bullish,0,0.1252960752945815,16.66551652513378,15.338091263342132,60.30014205651787,-85.30744,0.14667652685491128,0.2651590559029665,0.1291,0,1.327425261791646,1
georgeplaysclashroyale,clash,GeorgePlaysClashRoyale,0.0172558,17201217,931,419775.0,0.01811675,0.01553406,0.00170332,7.652019999999999,-8.280691702542558,-25.82800969284352,999689340.0202,999689340.0202,0.082293,-79.10153,0.00429789,2026-04-27 09:10:08.507000+00:00,0.00258269,16.625981874667666,2026-04-27 09:10:13,0,47,Neutral,37.3,14,Extreme,Small,Strong Bear,0,0.017108609530004173,16.66049075322998,12.947476514653408,-12.435997815706111,-79.10153,0.20968733671150647,0.024403796545325835,1.0,0,3.713014238576571,0
metadium,meta,Metadium,0.01003404,17188156,932,329409.0,0.0099735,0.00961528,0.00031343,3.22442,4.192765420652349,6.6092761601308485,1733608720.0,2000000000.0,0.452667,-97.83833,0.00295026,2026-04-27 09:10:07.005000+00:00,0.0003582199999999,3.725528533750441,2026-04-27 09:10:13,0,47,Neutral,37.3,14,Medium,Small,Neutral,0,0.009984033255532768,16.659731158115036,12.705058454491954,5.255333696078509,-97.83833,0.02216649325000497,0.01916488307413547,0.86680436,0,3.954672703623082,1
degate,dg,DeGate,0.04418984,17110903,933,541.73,0.04445108,0.04386565,6.432e-05,0.14576,-0.9477358758652892,-1.0747698938207442,387216318.0,1000000000.0,0.601878,-92.658,0.0129632,2026-04-27 09:10:04.772000+00:00,0.0005854299999999,1.3345978003289545,2026-04-27 09:10:13,0,47,Neutral,37.3,14,Low,Small,Bearish,0,0.04324131201018508,16.655226479072326,6.29661195870128,-0.5865579362924465,-92.658,0.07341992895570199,3.165993051331072e-05,0.387216318,0,10.358614520371045,0
splendor,spld,Splendor,0.455586,17106516,934,72192.0,0.459968,0.39684,0.058342,7.652019999999999,78.08530044942847,68.42113149584273,37548310.0,26000000000.0,9.97,-95.43174,0.142772,2026-04-27 09:10:09.223000+00:00,0.0631279999999999,15.907670597721992,2026-04-27 09:10:13,0,47,Neutral,37.3,14,Extreme,Small,Bullish,0,0.3754085686826837,16.654970059979608,11.187098367272093,44.11348689750564,-95.43174,0.04569568706118355,0.004220146288116178,0.0014441657692307692,0,5.467871692707515,1
dora-2,dora,DORA,0.01703062,17030658,935,50014.0,0.01723911,0.01703049,-0.0001732323794478,-1.00694,-5.699556965711005,4.5577850326413865,1000000000.0,1000000000.0,0.576132,-97.04071,0.01614547,2026-04-27 09:10:08.078000+00:00,0.0002086199999999,1.2249794339446467,2026-04-27 09:10:13,0,47,Neutral,37.3,14,Low,Small,Neutral,0,0.016887224774439914,16.65052574830827,10.820078239419281,2.331895019584832,-97.04071,0.029560274381565336,0.002936703913612733,1.0,0,5.830447508888987,0
initia,init,Initia,0.087565,16995461,936,8898797.0,0.093222,0.087319,-0.0033191436440144,-3.65207,-4.395461246614358,13.044731230578671,194352189.102888,1000000000.0,1.42,-93.85916,0.058401,2026-04-27 09:10:08.119000+00:00,0.005903,6.7602698152750325,2026-04-27 09:10:13,0,47,Neutral,37.3,14,High,Small,Bullish,0,0.08394125230948249,16.648456925208883,16.001426769401686,6.366010738347202,-93.85916,0.06166549295774648,0.523598447844398,0.19435218910288798,0,0.6470301558071974,0
capybobo,pybobo,Capybobo,0.00072423,16983532,937,4915716.0,0.00074232,0.00072084,-1.4777644402323e-05,-1.99967,-5.4459497243196,-7.18132858887018,23450000000.0,100000000000.0,0.00112111,-35.02901,0.0004692,2026-04-27 09:10:09.400000+00:00,2.1479999999999937e-05,2.9798568336940146,2026-04-27 09:10:13,0,47,Neutral,37.3,14,Medium,Small,Bearish,0,0.0007239678720065525,16.647754785519933,15.407948180883265,-5.108665153322108,-35.02901,0.6459937026696756,0.28944014707894683,0.2345,0,1.2398066046366676,0
openkaito,sn5,OpenKaito,4.72,16937070,938,84147.0,4.88,4.66,0.0385777,0.82414,-3.774431386895182,5.574065693631579,3581581.69620474,3581581.69620474,26.03,-81.89317,2.26,2026-04-27 09:10:07.651000+00:00,0.2199999999999997,4.72103004291845,2026-04-27 09:10:13,0,47,Neutral,37.3,14,Medium,Small,Neutral,0,1.7439688053917064,16.64501532787014,11.34033243225392,3.674095416178947,-81.89317,0.18132923549750288,0.004968214691206921,1.0,0,5.304682895616221,0
strikecoin,strx,StrikeX,0.01920202,16896196,939,7120.22,0.02023536,0.01911489,-0.0008954599342788,-4.45558,-3.503389348372796,-13.878590054261398,880273574.7414407,880273574.7414407,0.332212,-94.22537,2.651e-05,2026-04-27 09:10:04.626000+00:00,0.00112047,5.861765356745458,2026-04-27 09:10:13,0,47,Neutral,37.3,14,High,Small,Bearish,0,0.019019987780422597,16.642599124984546,8.870834338042183,-10.10938603255684,-94.22537,0.05780050088497706,0.00042140964747331295,1.0,0,7.771764786942363,0
gigachad-2,giga,Gigachad,0.00175431,16850893,940,1238091.0,0.00183972,0.001739,-7.2618607388536e-05,-3.97491,-9.360517337525971,-1.3501510780954618,9604136902.35,9604136902.35,0.095127,-98.16483,1.244e-05,2026-04-27 09:10:06.079000+00:00,0.0001007199999999,5.791834387579062,2026-04-27 09:10:13,0,47,Neutral,37.3,14,High,Small,Bearish,0,0.0017527729955376006,16.639914269735026,14.029082042874297,-2.400054646857277,-98.16483,0.018441767321580625,0.07347331681472312,1.0,0,2.6108322268607296,0
capx-ai,capx,Capx AI,0.164353,16846335,941,629522.0,0.165804,0.164217,-0.0014428190666845,-0.87024,-2.427812883780852,0.6404953235043312,102500000.0,1000000000.0,0.301788,-45.48815,0.163012,2026-04-27 09:10:09.230000+00:00,0.001587,0.966404209064838,2026-04-27 09:10:13,0,47,Neutral,37.3,14,Low,Small,Neutral,0,0.15216556793864172,16.639643743046168,13.352717668733156,0.0362011941025987,-45.48815,0.5445975320423608,0.03736848400557154,0.1025,0,3.286926074313012,0
gains-network,gns,Gains Network,0.687266,16786077,942,990685.0,0.707864,0.686304,-0.014114129347154,-2.01234,2.250897339096792,-5.597865106082572,24424611.0,24424611.0,12.48,-94.48436,0.265841,2026-04-27 09:10:05.085000+00:00,0.02156,3.141465006760856,2026-04-27 09:10:13,0,47,Neutral,37.3,14,Medium,Small,Bearish,0,0.5231094674827701,16.636060410343532,13.806152911439046,-4.163655063649543,-94.48436,0.055069391025641026,0.05901825661826763,1.0,0,2.829907498904486,1
solidus-aitech,aitech,Solidus Ai Tech,0.00936949,16716743,943,68948.0,0.01016809,0.00929751,-0.0004879457213124,-4.95003,-33.00066936612435,64.80325157290318,1784154431.0,1986052500.0,0.493943,-98.10419,0.00502937,2026-04-27 09:10:04.960000+00:00,0.0008705799999999,9.363582292463244,2026-04-27 09:10:13,0,47,Neutral,37.3,14,High,Small,Bullish,0,0.009325868590455465,16.631921409815043,11.14112237985304,36.901938943741904,-98.10419,0.018968767651328187,0.004124487646905859,0.8983420282192943,0,5.490799029962002,0
usp-yield-optimized-stablecoin,usp,USP Yield Optimized Stablecoin,1.085,16709991,944,9654.13,1.086,1.077,-0.0012383601148302,-0.11402,0.1566393799531048,0.6855685489886579,15403685.67394834,15403685.67394834,1.12,-3.46425,0.93478,2026-04-27 09:10:09.231000+00:00,0.0090000000000001,0.8356545961002897,2026-04-27 09:10:13,0,47,Neutral,37.3,14,Low,Small,Neutral,0,0.7347688552507647,16.631517421816227,9.175244659298121,0.36573312939319474,-3.46425,0.9687499999999999,0.0005777459724544435,1.0,0,7.456272762518106,1
syndicate-3,synd,Syndicate,0.03481351,16665157,945,2511969.0,0.03686322,0.03465559,-0.0002022854894572,-0.5777,1.726930786271686,-7.159036184029412,478700000.0,1000000000.0,2.61,-98.66596,0.0186662,2026-04-27 09:10:08.423000+00:00,0.00220763,6.370198862578885,2026-04-27 09:10:13,0,47,Neutral,37.3,14,High,Small,Bearish,0,0.03422122690744262,16.628830750627127,14.736577863823753,-4.526501710417647,-98.66596,0.013338509578544062,0.15073179328583583,0.4787,0,1.8922528868033748,1
omega-labs,sn24,OMEGA Labs,3.76,16647707,946,1676215.0,3.98,3.67,0.01756602,0.46983,-12.29122057784653,-26.31374987587901,4431944.297915997,4431944.297915997,7.07,-47.29679,0.465522,2026-04-27 09:10:07.722000+00:00,0.31,8.446866485013626,2026-04-27 09:10:13,0,47,Neutral,37.3,14,High,Small,Strong Bear,0,1.5602476682433286,16.627783107257386,14.332049430001696,-15.600317925527406,-47.29679,0.5318246110325318,0.10068744001801569,1.0,0,2.29573367725569,0
coinmarketcap-20-index-dtf,cmc20,CoinMarketCap 20 Index DTF,156.91,16540766,947,3027781.0,160.47,156.42,-0.4494877744882615,-0.28564,2.8978564492070427,14.810633850891286,105414.9768249023,105414.9768249023,205.92,-23.80558,122.88,2026-04-27 09:10:09.407000+00:00,4.050000000000011,2.589182968929812,2026-04-27 09:10:13,0,47,Neutral,37.3,14,Medium,Small,Bullish,0,5.062025250478552,16.62133861891512,14.923340896231748,8.772124310534771,-23.80558,0.7619949494949495,0.18304962418306384,1.0,0,1.6979977226833736,1
shardus,ult,Shardus,0.03762925,16540189,948,2.03,,,,,0.9652512161517804,16.77570066758044,439556760.33010703,1000000000.0,2.19,-98.28461,9.995e-05,2026-04-25 02:04:53.669000+00:00,,,2026-04-27 09:10:13,0,47,Neutral,37.3,14,Unknown,Small,Bullish,0,0.03693854367673568,16.621303734797348,1.1085626195212777,10.065420400548264,-98.28461,0.01718230593607306,1.2273136661255805e-07,0.43955676033010704,0,15.51274111527607,1
stbl,stbl,STBL,0.03310571,16528703,949,2027994.0,0.03354325,0.03228037,0.00048991,1.50208,0.3905469071526355,-0.2800575634776689,500000000.0,10000000000.0,0.599171,-94.47871,0.02689035,2026-04-27 09:10:08.558000+00:00,0.0012628799999999,3.912222815289893,2026-04-27 09:10:13,0,47,Neutral,37.3,14,Medium,Small,Bearish,0,0.03256951791248474,16.620609063819728,14.522558178206937,0.4327974619133987,-94.47871,0.055252523903860505,0.12269528952150692,0.05,0,2.098050885612791,1
bonfida,fida,Bonfida,0.01668261,16516568,950,2411617.0,0.01736485,0.01659123,-0.0005903969596108,-3.41803,4.335404846715512,26.523612447176543,990910820.840271,1000000000.0,18.77,-99.91148,0.01221703,2026-04-27 09:10:04.439000+00:00,0.00077362,4.662824877962651,2026-04-27 09:10:13,0,47,Neutral,37.3,14,Medium,Small,Bullish,0,0.016544983795462917,16.61987461683571,14.695808449493898,14.546955468305924,-99.91148,0.0008887911561001599,0.14601199232189158,0.990910820840271,0,1.9240661673418114,1
newton-protocol,newt,Newton Protocol,0.07682,16504387,951,4288165.0,0.081711,0.076143,-0.0048913485378162,-5.98613,2.224329274807178,7.658472547141017,215000000.0,1000000000.0,0.820552,-90.65517,0.060491,2026-04-27 09:10:08.274000+00:00,0.005568,7.312556636854345,2026-04-27 09:10:13,0,47,Neutral,37.3,14,High,Small,Neutral,0,0.07401225328710305,16.619136842909136,15.271369693670026,2.2006315282846094,-90.65517,0.09361990464955298,0.259819707329936,0.215,0,1.3477671492391092,1
mey-network,mey,Mey Network,0.061484,16369808,952,314896.0,0.062801,0.060582,7.849e-05,0.12781,-9.992116480115538,-31.09961646454264,266880094.53905484,2300000000.0,0.49165,-87.50373,0.02205244,2026-04-27 09:10:07.111000+00:00,0.0022189999999999,3.662804133240895,2026-04-27 09:10:13,0,47,Neutral,37.3,14,Medium,Small,Strong Bear,0,0.059667929037683115,16.61094928159446,12.66000088020982,-18.608645878725582,-87.50373,0.12505644259127427,0.019236389333338547,0.11603482371263255,0,3.9509484013846414,0
goatseus-maximus,goat,Goatseus Maximus,0.0163979,16344014,953,4025595.0,0.01709621,0.01623018,-0.0003642239734127,-2.1729,-0.5841021849592642,8.195643484239353,999980728.291589,999980728.291589,1.35,-98.78977,0.01393137,2026-04-27 09:10:06.847000+00:00,0.00086603,5.335923569547598,2026-04-27 09:10:13,0,47,Neutral,37.3,14,High,Small,Neutral,0,0.016264906346035068,16.609372333247162,15.208183532407011,4.048226090543611,-98.78977,0.012146592592592593,0.2463039373314291,1.0,0,1.401188800840151,0
dolomite,dolo,Dolomite,0.03469881,16314280,954,2223847.0,0.03460323,0.03302645,0.00101647,3.01782,5.7451132557517255,14.87176675713761,470246547.6069758,998434315.6888658,0.366425,-90.59171,0.0290226,2026-04-27 09:10:07.505000+00:00,0.0015767799999999,4.774294542707436,2026-04-27 09:10:13,0,47,Neutral,37.3,14,Medium,Small,Bullish,0,0.034110379536292444,16.607551417164103,14.614749586693222,10.130188054282566,-90.59171,0.09469553114552773,0.13631291114287605,0.4709839598036362,0,1.9928018304708814,1
dogs-2,dogs,Dogs,3.144e-05,16253414,956,5246195.0,3.326e-05,3.129e-05,-1.233915514315e-06,-3.77628,-3.122769429247328,19.997449767894764,516750000000.0,550000000000.0,0.00163299,-98.07548,2.375e-05,2026-04-27 09:10:06.749000+00:00,1.9699999999999964e-06,6.295941195270043,2026-04-27 09:10:13,0,47,Neutral,37.3,14,High,Small,Bullish,0,3.1439505773558954e-05,16.60381359850695,15.473013800510488,10.487957860736858,-98.07548,0.019253026656623737,0.32277495669525186,0.9395454545454546,0,1.1307997979964615,0
rujira,ruji,Rujira,0.217993,16240494,955,15162.19,0.218336,0.206723,0.00477163,2.23787,27.49813038228206,6.021398800919283,74500000.0,100000000.0,1.74,-87.46367,0.082979,2026-04-27 09:10:07.474000+00:00,0.011613,5.617662282377874,2026-04-27 09:10:13,0,47,Neutral,37.3,14,High,Small,Neutral,0,0.1972044221447537,16.603018372528858,9.626626059224312,4.5079872805515695,-87.46367,0.12528333333333333,0.0009336039901249309,0.745,0,6.976392313304546,1
keep-network,keep,Keep Network,0.02950552,16219415,957,1474.91,0.04860009,0.02930184,-6.9962087748555e-05,-0.23655,0.4569704805822358,0.6488264736891758,549716300.2685891,1000000000.0,6.1,-99.51635,0.01905196,2026-04-27 09:10:05.827000+00:00,0.01929825,22.92596993405186,2026-04-27 09:10:13,0,47,Neutral,37.3,14,Extreme,Small,Neutral,0,0.02907860929746174,16.601719601071164,7.297030027691574,0.29467588421350543,-99.51635,0.004836970491803279,9.093484567723312e-05,0.5497163002685891,0,9.30468957337959,1
ishares-core-msci-eafe-etf-ondo-tokenized-etf,iefaon,iShares Core MSCI EAFE ETF (Ondo Tokenized ETF),95.65,16216709,958,127868.0,96.73,91.87,-0.3367278323033105,-0.35079,-2.0502502456591034,4.879780274297872,169474.2051636736,169474.7503918578,107.39,-11.03369,84.07,2026-04-27 09:10:08.311000+00:00,4.859999999999999,5.290083814085119,2026-04-27 09:10:13,0,47,Neutral,37.3,14,High,Small,Neutral,0,4.57109620565434,16.601552750072603,11.758761581331997,2.787552164578723,-11.03369,0.8906788341558805,0.00788495372273129,0.9999967828353019,0,4.842791168740606,0
nineteen-ai,sn19,Nineteen.ai,3.84,16203946,959,426189.0,3.94,3.69,0.150592,4.07843,10.47207596217324,-20.0421023987504,4208108.037772781,4208108.037772781,17.11,-77.57576,1.91,2026-04-27 09:10:07.772000+00:00,0.25,6.775067750677508,2026-04-27 09:10:13,0,47,Neutral,37.3,14,High,Small,Strong Bear,0,1.5769147207285403,16.600765412502035,12.962640535208555,-10.39388943925024,-77.57576,0.2244301578024547,0.02630155642335515,1.0,0,3.63812487729348,1
unit-fartcoin,ufart,Unit Fartcoin,0.202848,16196973,960,1454.18,0.213605,0.198803,0.00385065,1.93503,3.903393024819334,19.719971746783365,80098772.31,1000000000.0,1.69,-88.02035,0.138696,2026-04-27 09:10:08.005000+00:00,0.0148019999999999,7.44556168669486,2026-04-27 09:10:13,0,47,Neutral,37.3,14,High,Small,Bullish,0,0.1846920782199159,16.60033499263171,7.282884883294182,12.60599504807002,-88.02035,0.1200284023668639,8.978097327198113e-05,0.08009877231,0,9.317450109337527,1
yfsx,yfsx,YFSX,808.2,16112016,961,3250.35,820.55,801.77,-8.517057558840747,-1.04284,-0.1537531863374074,,19999.0,19999.0,837.86,-3.8775,711.26,2026-04-27 09:10:03.906000+00:00,18.779999999999973,2.3423176222607447,2026-04-27 09:10:13,0,47,Neutral,37.3,14,Medium,Small,Unknown,0,6.696046105293591,16.595075949054124,8.086825573690861,-0.417136,-3.8775,0.9646002912181033,0.00020173453154465586,1.0,0,8.508250375363263,0
bob-build-on-bitcoin,bob,BOB (Build on Bitcoin),0.00569174,16058782,962,3369978.0,0.00621849,0.00550966,-0.0002920209058573,-4.88023,-14.592694088447043,-0.953543915215748,2821997567.0,10000000000.0,0.02929111,-80.68325,0.00506725,2026-04-27 09:10:07.454000+00:00,0.0007088299999999,12.865222173419044,2026-04-27 09:10:13,0,47,Neutral,37.3,14,Extreme,Small,Bearish,0,0.005675603249722908,16.59176648528031,15.030417070855123,-2.524218349129449,-80.68325,0.1943162959682989,0.20985265258598068,0.2821997567,0,1.5613494144251874,0
infinity-ground,ain,Infinity Ground,0.087149,16028404,963,4033568.0,0.0916,0.062138,0.02382474,7.652019999999999,58.07623757830969,47.75526734702423,185300000.0,1000000000.0,0.203488,-57.70105,0.02680057,2026-04-27 09:10:08.031000+00:00,0.029462,22.92596993405186,2026-04-27 09:10:13,0,47,Neutral,37.3,14,Extreme,Small,Bullish,0,0.08355867326223854,16.589873018699443,15.210162149943974,31.713968408214534,-57.70105,0.42827586884730307,0.251651256107595,0.1853,0,1.3797108687554687,1
zcoin,firo,Firo,0.865542,16018804,964,455867.0,0.969163,0.855408,-0.0314569618480501,-3.50691,11.906223696027974,43.24654431206957,18521669.54435479,18521669.54435479,139.77,-99.38171,0.279591,2026-04-27 09:10:06.641000+00:00,0.113755,13.298332491629733,2026-04-27 09:10:13,0,47,Neutral,37.3,14,Extreme,Small,Bullish,0,0.6235516274969322,16.58927390256502,13.029958572906718,24.545162587241737,-99.38171,0.006192616441296415,0.028458241951146913,1.0,0,3.5593153296583004,1
zkpass,zkp,zkPass,0.079225,15980669,965,5571628.0,0.088694,0.078659,-0.0023511973545166,-2.88221,14.73183298514506,12.897750294373028,201666667.0,1000000000.0,0.23286,-66.01427,0.066135,2026-04-27 09:10:09.274000+00:00,0.0100349999999999,12.757599257554746,2026-04-27 09:10:13,0,47,Neutral,37.3,14,Extreme,Small,Bullish,0,0.07624319095073277,16.586890424832735,15.53319802875052,6.585766176623816,-66.01427,0.340225886798935,0.3486479821339144,0.201666667,0,1.053692396082214,1
striker,stkri,Striker,0.30339,15966462,966,8169.27,0.303479,0.303378,-5.5140427583367e-05,-0.01817,-0.0117888894646681,9.34601246684002,52627198.0,1000000000.0,0.341653,-11.1994,0.277113,2026-04-27 09:10:08.454000+00:00,0.000101,0.0332918009875527,2026-04-27 09:10:13,0,47,Neutral,37.3,14,Low,Small,Neutral,0,0.26496856264488206,16.586001017890553,9.008257235043603,5.6003394801040125,-11.1994,0.8880062519573954,0.0005116518612576788,0.052627198,0,7.57774378284695,0
zerebro,zerebro,Zerebro,0.01601749,15941760,967,6705303.0,0.01678739,0.01474867,-0.0007698986748025,-4.58617,14.8045897380138,150.4679108446787,999950619.357007,999950619.357007,0.784071,-97.94867,0.00580864,2026-04-27 09:10:07.024000+00:00,0.0020387199999999,13.82307692829251,2026-04-27 09:10:13,0,47,Neutral,37.3,14,Extreme,Small,Bullish,0,0.015890563575050323,16.584452702012186,15.718409412969152,88.44627850680722,-97.94867,0.02042862189776181,0.42061246687944115,1.0,0,0.8660432890430343,1
lucidum,lucic,Lucidum,0.096204,15739010,968,61912.0,0.09823,0.095667,-0.0010923432026746,-1.1227,-4.084149250700382,-17.664408465317056,163730997.91747832,207830997.91747832,0.57327,-83.23785,0.095667,2026-04-27 09:10:09.247000+00:00,0.0025629999999999,2.6790847418650063,2026-04-27 09:10:13,0,47,Neutral,37.3,14,Medium,Small,Strong Bear,0,0.09185330259238772,16.571652965434314,11.033485452777471,-11.047725079190233,-83.23785,0.16781621225600504,0.003933665459263321,0.7878083613999178,0,5.538167512656843,0
banana-gun,banana,Banana Gun,3.92,15722210,969,2815039.0,4.08,3.88,-0.0090803203491147,-0.23132,5.828167977363371,21.212606852692627,4016415.732856428,8402893.465936832,78.62,-95.04265,3.19,2026-04-27 09:10:05.800000+00:00,0.2000000000000001,5.154639175257737,2026-04-27 09:10:13,0,47,Neutral,37.3,14,High,Small,Bullish,0,1.5933085305042167,16.570584983930175,14.850487029046446,12.635036111615577,-95.04265,0.04986008649198677,0.17904855615082105,0.477980084971676,0,1.7200979548837285,1
araracoin,arara,Araracoin,0.00043309,15699399,970,15316.33,0.00043365,0.00043217,2.34213e-07,0.05411,0.1026134801453009,1.6428901935751967,36250000000.0,100000000000.0,0.00107827,-59.84532,0.00020025,2026-04-27 09:10:07.424000+00:00,1.4799999999999926e-06,0.3424578290950303,2026-04-27 09:10:13,0,47,Neutral,37.3,14,Low,Small,Neutral,0,0.00043299624359494754,16.569133053027755,9.636740146121378,1.007378116145118,-59.84532,0.40165264729613176,0.0009755997665897911,0.3625,0,6.932392906906378,1
czs-dog,broccoli,CZ's Dog,0.01625538,15699185,971,13751255.0,0.01713074,0.01579832,0.00033476,2.10269,15.625805325014229,36.53590755218862,968447446.9228764,968447446.9228764,0.257985,-93.72996,0.0105676,2026-04-27 09:10:07.447000+00:00,0.0013324199999999,8.43393474749212,2026-04-27 09:10:13,0,47,Neutral,37.3,14,High,Small,Bullish,0,0.01612467583881,16.569119421840668,16.43664072335966,22.76262053131317,-93.72996,0.06300901215186928,0.8759215844644165,1.0,0,0.1324786984810089,1
elsa,elsa,Elsa,0.068543,15689900,972,4735747.0,0.076763,0.067957,-0.0082191162621407,-9.850639999999999,1.2129385241901165,10.32175706254817,228980000.0,1000000000.0,0.400424,-82.89327,0.058795,2026-04-27 09:10:09.531000+00:00,0.0088059999999999,12.95819415218446,2026-04-27 09:10:13,0,47,Neutral,37.3,14,Extreme,Small,Bullish,0,0.06629603829909762,16.568527814937873,15.370650244670845,2.2527982375289017,-82.89327,0.1711760533834136,0.30183410984136294,0.22898,0,1.1978775702670283,1
eitherway,either,Eitherway,0.160761,15683826,973,4598767.0,0.189803,0.124162,0.02366654,7.652019999999999,115.1924525957299,44.77607243216843,99999932.90254126,99999932.90254126,0.189803,-19.74705,0.07133,2026-04-27 09:10:05.401000+00:00,0.065641,22.92596993405186,2026-04-27 09:10:13,0,47,Neutral,37.3,14,Extreme,Small,Bullish,0,0.14907582450447932,16.568140611984123,15.341298999500555,29.926451459301056,-19.74705,0.8469887198832473,0.29321716525036684,1.0,0,1.2268416124835682,1
stake-link,sdl,stake.link,0.259426,15676635,974,1455.68,0.27089,0.258862,-0.0071657144444629,-2.6879,-0.2819027166046811,11.291085598998148,60428583.03,100000000.0,1.56,-83.40654,0.072039,2026-04-27 09:10:05.341000+00:00,0.012028,4.646491180629076,2026-04-27 09:10:13,0,47,Neutral,37.3,14,Medium,Small,Bullish,0,0.23065606161087426,16.567682009053037,7.283915152697713,5.6994913593988885,-83.40654,0.16629871794871795,9.285666215995971e-05,0.6042858303,0,9.283766856355324,0
data-ownership-protocol-2,dop2,Data Ownership Protocol 2,0.00300596,15636808,975,131525.0,0.00311038,0.00299137,-1.6175148816134e-05,-0.53522,-8.420512652934901,-15.91456676195426,5208417666.636762,23389584274.2122,0.04226095,-92.89621,0.00253478,2026-04-27 09:10:09.204000+00:00,0.0001190099999999,3.978444659136105,2026-04-27 09:10:13,0,47,Neutral,37.3,14,Medium,Small,Strong Bear,0,0.003001451135623397,16.565138244131877,11.786959829687383,-9.762828057172555,-92.89621,0.07112854774916323,0.008411243522335249,0.22268107058145606,0,4.778178414444493,0
spike-4,spike,SPIKE,0.01548635,15635096,976,2345364.0,0.01714435,0.01301404,-8.1900207202442e-05,-0.52607,102.77261704381444,,999997748.042958,999997748.042958,0.01728944,-9.44082,0.00301762,2026-04-27 09:10:04.667000+00:00,0.00413031,22.92596993405186,2026-04-27 09:10:13,0,47,Neutral,37.3,14,Extreme,Small,Unknown,0,0.015367660293605019,16.565028752884256,14.667951598070092,-0.21042800000000003,-9.44082,0.8957114863176597,0.15000637028387928,1.0,0,1.8970771548141645,1
ponke,ponke,PONKE,0.02815434,15633155,977,2001752.0,0.02885755,0.02807128,-0.0004639147519263,-1.62105,0.9057482707534296,-0.3431823377402291,555474270.4482491,555535582.9446698,0.836512,-96.63696,0.00927982,2026-04-27 09:10:05.983000+00:00,0.0007862699999999,2.800976656568559,2026-04-27 09:10:13,0,47,Neutral,37.3,14,Medium,Small,Bearish,0,0.027765291950434444,16.56490460140048,14.509533854622404,-0.8543294026441376,-96.63696,0.03365682739757469,0.12804529859775585,0.9998896335386912,0,2.0553707467780775,1
ao-computer,ao,ao Computer,2.55,15601266,978,294376.0,2.57,2.53,-0.008712795717404,-0.34116,-4.716485668865111,-3.538543719069449,6129093.0,6129093.0,50.01,-94.9,2.28,2026-04-27 09:10:06.441000+00:00,0.04,1.5810276679841913,2026-04-27 09:10:13,0,47,Neutral,37.3,14,Low,Small,Bearish,0,1.2669476034873244,16.562862686870485,12.592616537784941,-2.2595902314416696,-94.9,0.05098980203959208,0.01886872514063923,1.0,0,3.9702461490855434,0
xsgd,xsgd,XSGD,0.785261,15575836,979,609978.0,0.785426,0.78356,0.00145879,0.18612,-0.1757085396971874,1.332613933517727,19834525.995569,19834525.995569,1.36,-42.0981,0.620483,2026-04-27 09:10:04.609000+00:00,0.0018659999999999,0.2381438562458424,2026-04-27 09:10:13,0,47,Neutral,37.3,14,Low,Small,Neutral,0,0.5795646230301162,16.56123136116175,13.32117980932739,0.8740163601106361,-42.0981,0.577397794117647,0.03916181449265388,1.0,0,3.240051551834359,0
h2o-2,h2o,H2O,7.44,15475289,980,595846.0,7.64,7.39,-0.0839929008875239,-1.11689,-0.8595006941503773,5.361259595147305,2081067.091258008,2081067.091258008,23.24,-68.07688,6.86,2026-04-27 09:10:07.853000+00:00,0.25,3.3829499323410013,2026-04-27 09:10:13,0,47,Neutral,37.3,14,Medium,Small,Neutral,0,2.132982308607866,16.554755116262413,13.297739201682077,2.769999757088383,-68.07688,0.32013769363166955,0.038503061235237675,1.0,0,3.257015914580336,0
codatta,xny,Codatta,0.00617218,15421493,981,11485441.0,0.00660817,0.00614555,-0.00039389682765,-5.99897,14.452566932241586,-7.602595843336688,2500000000.0,10000000000.0,0.02844115,-78.2672,0.00218802,2026-04-27 09:10:08.061000+00:00,0.00046262,7.527723311989984,2026-04-27 09:10:13,0,47,Neutral,37.3,14,High,Small,Bearish,0,0.006153210114040747,16.551272808565734,16.256590878345218,-6.961145506002012,-78.2672,0.21701583796717083,0.7447684215788964,0.25,0,0.29468193022051636,1
capybara-nation,bara,Capybara Nation,1.54384e-07,15343050,982,5529.09,1.56651e-07,1.53507e-07,-8.94263958e-10,-0.57591,0.7709500304000568,-6.039214626877155,100000000000000.0,100000000000000.0,2.211e-05,-99.30539,1.48292e-07,2026-04-27 09:10:06.938000+00:00,3.1439999999999916e-09,2.0481150696710846,2026-04-27 09:10:13,0,47,Neutral,37.3,14,Medium,Small,Bearish,0,1.5438398808279149e-07,16.546173225913215,8.617959369248322,-3.853892776126293,-99.30539,0.006982541836273179,0.0003603644646924829,1.0,0,7.928213856664893,1
altura-2,avlt,Altura Vault Tokens,1.068,15331573,983,16815.83,1.071,1.062,0.00277107,0.26006,0.6400985338540985,1.5581600625667231,14364714.254358,14364714.254358,1.076,-0.75154,1.041,2026-04-27 09:10:03.877000+00:00,0.0089999999999998,0.8474576271186344,2026-04-27 09:10:13,0,47,Neutral,37.3,14,Low,Small,Neutral,0,0.7265819566461827,16.545424920071788,9.730135449653199,1.0389200375400338,-0.75154,0.9925650557620818,0.0010968104838296763,1.0,0,6.815289470418589,1
celer-network,celr,Celer Network,0.0027097,15294873,984,2689863.0,0.00293384,0.00269837,-9.9591956716155e-05,-3.54509,7.627221871883676,11.534801305421444,5645454935.82688,10000000000.0,0.194843,-98.61183,0.00095575,2026-04-27 09:10:06.974000+00:00,0.00023547,8.726379258589454,2026-04-27 09:10:13,0,47,Neutral,37.3,14,High,Small,Bullish,0,0.002706035381473517,16.54302829754694,14.805001192679125,5.502844783252867,-98.61183,0.013907094429874312,0.17586697189313047,0.564545493582688,0,1.7380271048678146,1
collect-on-fanable,collect,Collect on Fanable,0.02840963,15260891,985,4928984.0,0.03174013,0.02759441,-0.0008212445154775,-2.80951,-26.767232899597182,-33.56798338710594,537000000.0,3000000000.0,0.116018,-75.62318,0.02664161,2026-04-27 09:10:09.367000+00:00,0.0041457199999999,15.023767494938282,2026-04-27 09:10:13,0,47,Neutral,37.3,14,Extreme,Small,Strong Bear,0,0.028013560426431605,16.54080403558538,15.410643642469251,-21.264594032263563,-75.62318,0.24487260597493496,0.3229814039036122,0.179,0,1.13016039311613,0
make-aliens-great-again,maga,Make Aliens Great Again,0.01561724,15257232,986,4521204.0,0.02017702,0.01526517,-0.0032458855749762,-9.850639999999999,606.8915239019185,,978225207.956043,978225207.956043,0.02937572,-47.3432,0.00027677,2026-04-27 09:10:04.638000+00:00,0.00491185,22.92596993405186,2026-04-27 09:10:13,0,47,Neutral,37.3,14,Extreme,Small,Unknown,0,0.015496545891390988,16.5405642436573,15.32428910919919,-3.9402559999999998,-47.3432,0.5316376926250658,0.2963318641284343,1.0,0,1.21627513445811,1
firmachain,fct,Firmachain,0.01311965,15251636,987,857214.0,0.01369146,0.01299404,-7.7127555995558e-05,-0.58444,1.4746212100820215,9.302933938411382,1163459345.013549,1172645153.171797,0.44136,-97.03426,0.01117282,2026-04-27 09:10:09.653000+00:00,0.00069742,5.367229899246121,2026-04-27 09:10:13,0,47,Neutral,37.3,14,High,Small,Neutral,0,0.013034332802929075,16.540197399519005,13.661444041261868,5.347984363046829,-97.03426,0.029725507522204098,0.05620472452922427,0.9921665918002543,0,2.8787533582571374,1
origin-protocol,ogn,Origin Token,0.02302581,15239831,988,5136489.0,0.02386468,0.02289326,-0.0005911265833361,-2.50298,2.325119612585606,10.49711689730425,662104870.0,1409664846.0,3.35,-99.31601,0.01846534,2026-04-27 09:10:07.135000+00:00,0.00097142,4.243257622549172,2026-04-27 09:10:13,0,47,Neutral,37.3,14,Medium,Small,Bullish,0,0.022764716367745522,16.539423084539965,15.451880524785592,5.297078138382551,-99.31601,0.006873376119402985,0.33704369818799174,0.469689566196361,0,1.0875425597543735,1
brla-digital-brla,brla,BRLA Digital BRLA,0.199791,15239736,989,56005.0,0.200073,0.199406,-0.0002817414812819,-0.14082,0.3271345537815724,5.081609708133402,76341100.7839857,76341100.7839857,0.202053,-1.17263,0.075673,2026-04-27 09:10:06.595000+00:00,0.000667,0.3344934455332342,2026-04-27 09:10:13,0,47,Neutral,37.3,14,Low,Small,Neutral,0,0.18214737495851277,16.539416850856018,10.933214106835043,2.992637824880041,-1.17263,0.9888049175216403,0.0036749324266509603,1.0,0,5.606202744020974,1
vine,vine,Vine,0.01521454,15214002,990,5980412.0,0.01591556,0.01511115,-0.000534656799675,-3.39482,-19.33603907893201,-0.8565628434438527,999970130.614225,999970130.614225,0.469941,-96.77226,0.01474548,2026-04-27 09:10:07.306000+00:00,0.0008044099999999,5.32328777095058,2026-04-27 09:10:13,0,47,Neutral,37.3,14,High,Small,Bearish,0,0.015099959616502108,16.537726811726166,15.604000187087188,-1.8718657060663118,-96.77226,0.032375425851330276,0.39308605322912404,1.0,0,0.9337266246389788,0
vultisig,vult,Vultisig,0.152072,15207187,991,182737.0,0.177755,0.127557,0.0004727,0.31181,2.3962290073612653,-0.9286960692736664,100000000.0,100000000.0,1.24,-87.74685,0.0303,2026-04-27 09:10:07.439000+00:00,0.0501979999999999,22.92596993405186,2026-04-27 09:10:13,0,47,Neutral,37.3,14,Extreme,Small,Bearish,0,0.14156206032065588,16.53727876877387,12.115808711981392,-0.43249364156419984,-87.74685,0.12263870967741937,0.01201648930864071,1.0,0,4.421470056792478,1
burnie-senders,burnie,Burnie Senders,0.01570376,15193224,992,11628286.0,0.02388115,0.01577265,-0.0017360461133727,-9.850639999999999,296.5091882822002,,969970394.713087,969970394.713087,0.02388115,-32.68833,0.00184751,2026-04-27 09:10:04.673000+00:00,0.0081085,22.92596993405186,2026-04-27 09:10:13,0,47,Neutral,37.3,14,Extreme,Small,Unknown,0,0.015581731836942994,16.536360162767966,16.268951222158858,-3.9402559999999998,-32.68833,0.6575797229195411,0.7653600052233812,1.0,0,0.26740894060910847,1
coldint,sn29,Coldint,3.46,15051569,993,8800.31,3.56,3.41,0.04211858,1.23384,1.7209342980100228,-25.06056287635086,4346890.413013099,4346890.413013099,5.4,-36.02281,0.645858,2026-04-27 09:10:07.925000+00:00,0.1499999999999999,4.398826979472139,2026-04-27 09:10:13,0,47,Neutral,37.3,14,Medium,Small,Strong Bear,0,1.4951487660319727,16.526992862655195,9.082655853023569,-14.542801725810515,-36.02281,0.6407407407407407,0.0005846772519197168,1.0,0,7.444337009631626,1
royal-dollar,rusd,Royal Dollar,0.999982,15002652,994,38279932.75,1.001,0.999262,0.00032316,0.03233,0.0514998239477096,-0.0161562024095007,15000000.0,5000000000.0,1.002,-0.23108,0.997861,2026-04-27 09:10:03.940000+00:00,0.0017379999999999,0.1739283591290278,2026-04-27 09:10:13,0,47,Neutral,37.3,14,Low,Small,Bearish,0,0.693138180519445,16.523737610094084,17.460436393878773,0.003238278554299581,-0.23108,0.9979860279441118,2.5515444036161075,0.003,0,-0.9366987837846885,1
layer3,l3,Layer3,0.01030429,14983275,995,6024981.0,0.01316802,0.01021056,-0.000605980790856,-5.55422,-2.636761302442681,8.777945644975832,1458196421.406565,3333333333.0,0.154039,-93.3191,0.00662921,2026-04-27 09:10:06.683000+00:00,0.00295746,22.92596993405186,2026-04-27 09:10:13,0,47,Neutral,37.3,14,Extreme,Small,Neutral,0,0.010251562706020265,16.522445203732612,15.611425049784662,3.0450793869854986,-93.3191,0.06689403332922182,0.40211375683887535,0.4374589264657154,0,0.9110201539479501,0
avail,avail,Avail,0.00392339,14982239,996,1531783.0,0.00428731,0.00386719,8.57e-06,0.21896,-1.8671896036232896,-17.18884750789293,3799977709.0,10654307507.0,0.239543,-98.36231,0.0034305,2026-04-27 09:10:06.312000+00:00,0.0004201199999999,10.863702067909774,2026-04-27 09:10:13,0,47,Neutral,37.3,14,Extreme,Small,Strong Bear,0,0.003915713577303065,16.522376057584726,14.241943627175242,-10.225724504735759,-98.36231,0.016378646005101378,0.10223992555451826,0.3566611632434461,0,2.2804324304094834,0
argentine-football-association-fan-token,arg,Argentine Football Association Fan Token,0.840913,14944266,997,2425788.0,0.88793,0.783258,0.03902824,4.86706,20.066079214673294,45.11286040575548,17777500.0,20000000.0,9.19,-90.87194,0.424316,2026-04-27 09:10:04.881000+00:00,0.1046719999999999,13.363668165534214,2026-04-27 09:10:13,0,47,Neutral,37.3,14,Extreme,Small,Bullish,0,0.6102616442087132,16.51983830599351,14.701667390260107,29.014540243453286,-90.87194,0.09150304678998912,0.16232232483013886,0.888875,0,1.8181709157334023,1
bitmind,sn34,BitMind,3.48,14937450,998,60672.0,3.59,3.43,0.03527567,1.02487,-0.3113213462063823,-23.465047347510257,4310821.809519881,4310821.809519881,11.75,-70.50763,2.12,2026-04-27 09:10:07.845000+00:00,0.1599999999999997,4.664723032069961,2026-04-27 09:10:13,0,47,Neutral,37.3,14,Medium,Small,Strong Bear,0,1.4996230464268938,16.519382107315895,11.013254067546377,-13.669080408506154,-70.50763,0.29617021276595745,0.00406173744514626,1.0,0,5.506128039769518,0
bone-shibaswap,bone,Bone ShibaSwap,0.059657,14912604,999,1647254.0,0.062328,0.059205,-0.0006438345684067,-1.06771,5.7592153436105376,0.0376208565692079,249888076.7095625,249999401.8248471,15.5,-99.61593,0.0,2026-04-27 09:10:04.598000+00:00,0.003123,5.274892323283507,2026-04-27 09:10:13,0,47,Neutral,37.3,14,High,Small,Neutral,0,0.057945270853423186,16.517717386436445,14.314620824133426,-0.40451148605847526,-99.61593,0.0038488387096774195,0.110460520510033,0.9995546984733884,0,2.2030965623030188,1
polyswarm,nct,PolySwarm,0.00790138,14899398,1000,465074.0,0.00808144,0.00776051,1.031e-05,0.13062,9.608956782929686,28.39469313242125,1885500781.9581056,1885913076.0,0.171845,-95.42463,0.00059593,2026-04-27 09:10:05.450000+00:00,0.00032093,4.135424089396193,2026-04-27 09:10:13,0,47,Neutral,37.3,14,Medium,Small,Bullish,0,0.007870327561208586,16.516831434531717,13.049953961886189,17.08906387945275,-95.42463,0.045979691000611014,0.031214281274988424,0.9997813822666902,0,3.4668774726455283,1
